:020000040000fa
:020000041fc01b
:100000000300001000000000f0f3060000000000f4
:100010000600f00f0000000000601a40c0045a7f84
:100020000500401300000000039d1a3c102b5a27c6
:10003000080040030000000008801d3cf8ffbd27b9
:1000400000801c3cf07f9c27026009402058200162
:1000500007000a248449497d02608940c0000000ed
:1000600000e0dc41ffff4a25faff401500000000d8
:1000700002608b40c0000000039d083c2833082527
:1000800009f8000100000000029d083c7c4f082593
:1000900009f80001000000000080083c4400082529
:1000a0000080093c0c02292503000010000000001c
:1000b000000000ad040008252b080901fcff2014f6
:1000c00000000000c0bf083c7005082509f80001c9
:1000d00000000000039d083c3ca3082509f800012e
:1000e0000000000081bf093c00000a3c88114a253d
:1000f000e0072aad0000093c00002925010020117d
:100100000000000000488040ffff0a2400588a4099
:100110004000083c00600a4025500a0100608a4007
:10012000009d093c00002925c0000000017889409d
:100130000000093c0100292500000a2444492a7dc9
:1001400001608a408000093c0068894000800840c6
:100150008005097d404c0900006008405800013cc2
:100160002440010100010a3c2540480100240a3cca
:1001700025404801254028010060884000010a3cd4
:1001800000f8ca44c0000000039d083c3033082535
:1001900009f800010000000000600840bfff013cba
:1001a000ffff2134244001010060884000008430ba
:1001b0000000a530039d083c84db082508000001f1
:0401c000000000003b
:020000040000fa
:020000041fc01b
:10038000039d1a3c802a5a27080040030000000001
:020000040000fa
:020000041fc01b
:1004b0000080094000000a2400000b2400000d24e5
:1004c00000000e240080013c244021012500001181
:1004d00001800940000000003800013c2440210157
:1004e000c24408000f0000110000000001000825b0
:1004f0000700013c2460210102640c0001008c25ee
:100500002550800101000b2404580b0104500a01fe
:10051000c001013c24402101824508000600082555
:1005200004500a01001c2831824208000d0000110d
:10053000000000000100082580032f31c2790f0060
:100540000100ef252568e00101000e2404700e0172
:1005500004680d0100e02831424308000600082528
:1005600004680d010800e003000000000000000026
:100570000080084007000924244828010200293986
:1005800004002011000000000800e003000000004b
:10059000000000002518e003c5ff11040000000062
:1005a00000600840feff0924244828010400293582
:1005b00000608940c000000000d0804000e0804022
:1005c000c0000000009d043c000084240100801451
:1005d000009d043c0400401121288a0021208b004a
:1005e000feff8514fcff88bc0080043c00008424ce
:1005f000010080140080043c0400a01121288d001b
:1006000021208e00feff8514fcff89bc0f00000036
:100610000080013c20002aac0080013c2c002dac65
:100620000080013c24002bac0080013c30002eac4b
:100630000080013c28002cac0080013c34002fac31
:1006400000608840c0000000008009400700293594
:10065000070029390300293500808940c0000000c7
:1006600025f860000800e003000000000000000022
:020000040000fa
:020000041d00dd
:10000000029d1a3c7c315a27080040030000000082
:020000040000fa
:020000041d00dd
:10010000029d1a3ca4305a2708004003000000005a
:020000040000fa
:020000041d00dd
:10018000029d1a3c682c5a2708004003000000001a
:020000040000fa
:020000041d00dd
:1002000000681a4060ffbd2700601b403000b7af98
:100210002c00b6af2800b5af9c00bbaf82d21a004d
:1002200084825b7fc2d11a0084945b7f44201b7c54
:1002300020a81d0000801a3c14005a270000568f89
:100240000400c01600000000039d1d3c4033bd2784
:100250000000bd8f0100d626000056af007016408a
:1002600000609b407800bfae7400beae7000b9aeb7
:100270006c00b8ae6800afae6400aeae6000adae6c
:100280005c00acae5800abae5400aaae5000a9aeb4
:100290004c00a8ae4800a7ae4400a6ae4000a5aef4
:1002a0003c00a4ae3800a3ae3400a2ae9800b6aeb7
:1002b0001000a1ae10b020008000b6ae12b0200039
:1002c0007c00b6ae10b040008800b6ae12b0400060
:1002d0008400b6ae10b060009000b6ae12b0600000
:1002e0008c00b6aeb8b4ff7f9400b6ae10b000007c
:1002f0000c00b6ae12b000000800b6ae0080163c8e
:100300001400d6260000d68effffd6260400c016a5
:10031000000000000080163cc801d6260000d5aec3
:10032000039d163cbc27d62609f8c0020000000039
:100330000080163c1400d6260000d68effffd6267d
:100340000400c016000000000080163cc801d6263c
:100350000000d58e8000b68e1108c0027c00b68edb
:100360001308c0028800b68e1110c0028400b68e39
:100370001310c0029000b68e1118c0028c00b68e09
:100380001318c0029400b68ef8fcdf7e0800b68e0b
:100390001300c0020c00b68e1100c0021000a18e26
:1003a0003000b78e2c00b68e3400a28e3800a38e9b
:1003b0003c00a48e4000a58e4400a68e4800a78e67
:1003c0004c00a88e5000a98e5400aa8e5800ab8e07
:1003d0005c00ac8e6000ad8e6400ae8e6800af8ea7
:1003e0006c00b88e7000b98e7400be8e7800bf8e1f
:1003f00000606041c000000000801a3c14005a27d1
:1004000000005b8fffff7b2700005baf9c00ba8e74
:100410009800bb8e20e815002800b58fa000bd27ee
:1004200000609a4000709b40c0000000180000422d
:100430000000000060ffbd2700601b402c00b6af2d
:100440002800b5af9c00bbaf84821b7c84941b7cce
:10045000000c7b3744201b7c20a81d00039d1d3c05
:100460004033bd270000bd8f00801a3c14005a277e
:1004700001001624000056af0070164000609b403b
:100480007800bfae7400beae7000b9ae6c00b8aefe
:100490006800afae6400aeae6000adae5c00acae66
:1004a0005800abae5400aaae5000a9ae4c00a8aea6
:1004b0004800a7ae4400a6ae4000a5ae3c00a4aee6
:1004c0003800a3ae3400a2ae3000b7ae9800b6ae8e
:1004d0002400b4ae2000b3ae1c00b2ae1800b1ae22
:1004e0001400b0ae1000a1ae10b820008000b7ae6e
:1004f00012b820007c00b7ae10b840008800b7ae3c
:1005000012b840008400b7ae10b860009000b7aedb
:1005100012b860008c00b7aeb8bcff7f9400b7aed5
:1005200010b800000c00b7ae12b800000800b7ae5b
:100530000080173c0402f7260000f78e0000f5ae9d
:1005400000606041c0000000006017408482177c9a
:100550008494177c010cf63600609640c0000000c1
:10056000006816400442167c00689640c0000000f7
:1005700081bf163c4400d626020014240000d4aeed
:10058000997b400f0000000000609740c000000011
:100590000080103c040210260000108e0000158e12
:1005a0008000b08e110800027c00b08e130800029b
:1005b0008800b08e111000028400b08e131000026b
:1005c0009000b08e111800028c00b08e131800023b
:1005d0009400b08ef8fc1f7e0800b08e130000025d
:1005e0000c00b08e110000021000a18e1400b08e1d
:1005f0001800b18e1c00b28e2000b38e2400b48e81
:100600002c00b68e3000b78e3400a28e3800a38e38
:100610003c00a48e4000a58e4400a68e4800a78e04
:100620004c00a88e5000a98e5400aa8e5800ab8ea4
:100630005c00ac8e6000ad8e6400ae8e6800af8e44
:100640006c00b88e7000b98e7400be8e7800bf8ebc
:1006500000606041c000000000801a3c14005a276e
:10066000000040af20e815002800b58f9c00bb8f2c
:100670009800ba8fa000bd2700609b4000709a4090
:10068000c0000000180000420000000000681a408e
:1006900060ffbd2700601b403000b7af2c00b6af35
:1006a0002800b5af9c00bbaf82d21a0084825b7f6a
:1006b000c2d11a0084945b7f44201b7c20a81d00bb
:1006c00000801a3c14005a270000568f0400c01600
:1006d00000000000039d1d3c4033bd270000bd8f7e
:1006e0000100d626000056af0070164000609b4007
:1006f0007800bfae7400beae7000b9ae6c00b8ae8c
:100700006800afae6400aeae6000adae5c00acaef3
:100710005800abae5400aaae5000a9ae4c00a8ae33
:100720004800a7ae4400a6ae4000a5ae3c00a4ae73
:100730003800a3ae3400a2ae9800b6ae1000a1ae51
:1007400010b020008000b6ae12b020007c00b6ae23
:1007500010b040008800b6ae12b040008400b6aec3
:1007600010b060009000b6ae12b060008c00b6ae63
:10077000b8b4ff7f9400b6ae10b000000c00b6ae67
:1007800012b000000800b6ae0080163c1400d62659
:100790000000d68effffd6260400c0160000000021
:1007a0000080163cc801d6260000d5aeb7b6400f73
:1007b000000000000080163c1400d6260000d68ef3
:1007c000ffffd6260400c016000000000080163c83
:1007d000c801d6260000d58e8000b68e1108c00252
:1007e0007c00b68e1308c0028800b68e1110c002bd
:1007f0008400b68e1310c0029000b68e1118c0028d
:100800008c00b68e1318c0029400b68ef8fcdf7e02
:100810000800b68e1300c0020c00b68e1100c00294
:100820001000a18e3000b78e2c00b68e3400a28e40
:100830003800a38e3c00a48e4000a58e4400a68ef6
:100840004800a78e4c00a88e5000a98e5400aa8e96
:100850005800ab8e5c00ac8e6000ad8e6400ae8e36
:100860006800af8e6c00b88e7000b98e7400be8eba
:100870007800bf8e00606041c000000000801a3c1c
:1008800014005a2700005b8fffff7b2700005baf3f
:100890009c00ba8e9800bb8e20e815002800b58f0a
:1008a000a000bd2700609a4000709b40c00000007f
:1008b000180000420000000000681a4060ffbd27d9
:1008c00000601b403000b7af2c00b6af2800b5afba
:1008d0009c00bbaf82d21a0084825b7fc2d11a0017
:1008e00084945b7f44201b7c20a81d0000801a3c60
:1008f00014005a270000568f0400c01600000000a4
:10090000039d1d3c4033bd270000bd8f0100d6264e
:10091000000056af0070164000609b407800bfaeec
:100920007400beae7000b9ae6c00b8ae6800afae79
:100930006400aeae6000adae5c00acae5800abaed5
:100940005400aaae5000a9ae4c00a8ae4800a7ae15
:100950004400a6ae4000a5ae3c00a4ae3800a3ae55
:100960003400a2ae9800b6ae1000a1ae10b02000c8
:100970008000b6ae12b020007c00b6ae10b04000d1
:100980008800b6ae12b040008400b6ae10b0600071
:100990009000b6ae12b060008c00b6aeb8b4ff7f67
:1009a0009400b6ae10b000000c00b6ae12b000005d
:1009b0000800b6ae0080163c1400d6260000d68e85
:1009c000ffffd6260400c016000000000080163c81
:1009d000c801d6260000d5ae039d163cd827d626e2
:1009e00009f8c002000000000080163c1400d62662
:1009f0000000d68effffd6260400c01600000000bf
:100a00000080163cc801d6260000d58e8000b68e28
:100a10001108c0027c00b68e1308c0028800b68e92
:100a20001110c0028400b68e1310c0029000b68e62
:100a30001118c0028c00b68e1318c0029400b68e36
:100a4000f8fcdf7e0800b68e1300c0020c00b68ee4
:100a50001100c0021000a18e3000b78e2c00b68e9f
:100a60003400a28e3800a38e3c00a48e4000a58ed8
:100a70004400a68e4800a78e4c00a88e5000a98e78
:100a80005400aa8e5800ab8e5c00ac8e6000ad8e18
:100a90006400ae8e6800af8e6c00b88e7000b98ea8
:100aa0007400be8e7800bf8e00606041c000000000
:100ab00000801a3c14005a2700005b8fffff7b2741
:100ac00000005baf9c00ba8e9800bb8e20e815003a
:100ad0002800b58fa000bd2700609a4000709b40a1
:100ae000c0000000180000420000000000681a402a
:100af00060ffbd2700601b403000b7af2c00b6afd1
:100b00002800b5af9c00bbaf82d21a0084825b7f05
:100b1000c2d11a0084945b7f44201b7c20a81d0056
:100b200000801a3c14005a270000568f0400c0169b
:100b300000000000039d1d3c4033bd270000bd8f19
:100b40000100d626000056af0070164000609b40a2
:100b50007800bfae7400beae7000b9ae6c00b8ae27
:100b60006800afae6400aeae6000adae5c00acae8f
:100b70005800abae5400aaae5000a9ae4c00a8aecf
:100b80004800a7ae4400a6ae4000a5ae3c00a4ae0f
:100b90003800a3ae3400a2ae9800b6ae1000a1aeed
:100ba00010b020008000b6ae12b020007c00b6aebf
:100bb00010b040008800b6ae12b040008400b6ae5f
:100bc00010b060009000b6ae12b060008c00b6aeff
:100bd000b8b4ff7f9400b6ae10b000000c00b6ae03
:100be00012b000000800b6ae0080163c1400d626f5
:100bf0000000d68effffd6260400c01600000000bd
:100c00000080163cc801d6260000d5ae039d163cd8
:100c1000f427d62609f8c002000000000080163c28
:100c20001400d6260000d68effffd6260400c0167c
:100c3000000000000080163cc801d6260000d58eba
:100c40008000b68e1108c0027c00b68e1308c00268
:100c50008800b68e1110c0028400b68e1310c00238
:100c60009000b68e1118c0028c00b68e1318c00208
:100c70009400b68ef8fcdf7e0800b68e1300c0022a
:100c80000c00b68e1100c0021000a18e3000b78e8d
:100c90002c00b68e3400a28e3800a38e3c00a48ea9
:100ca0004000a58e4400a68e4800a78e4c00a88e5a
:100cb0005000a98e5400aa8e5800ab8e5c00ac8efa
:100cc0006000ad8e6400ae8e6800af8e6c00b88e92
:100cd0007000b98e7400be8e7800bf8e00606041d7
:100ce000c000000000801a3c14005a2700005b8fef
:100cf000ffff7b2700005baf9c00ba8e9800bb8e85
:100d000020e815002800b58fa000bd2700609a409c
:100d100000709b40c000000018000042000000006e
:100d200000681a4060ffbd2700601b403000b7af6d
:100d30002c00b6af2800b5af9c00bbaf82d21a0022
:100d400084825b7fc2d11a0084945b7f44201b7c29
:100d500020a81d0000801a3c14005a270000568f5e
:100d60000400c01600000000039d1d3c4033bd2759
:100d70000000bd8f0100d626000056af007016405f
:100d800000609b407800bfae7400beae7000b9ae8c
:100d90006c00b8ae6800afae6400aeae6000adae41
:100da0005c00acae5800abae5400aaae5000a9ae89
:100db0004c00a8ae4800a7ae4400a6ae4000a5aec9
:100dc0003c00a4ae3800a3ae3400a2ae9800b6ae8c
:100dd0001000a1ae10b020008000b6ae12b020000e
:100de0007c00b6ae10b040008800b6ae12b0400035
:100df0008400b6ae10b060009000b6ae12b06000d5
:100e00008c00b6aeb8b4ff7f9400b6ae10b0000050
:100e10000c00b6ae12b000000800b6ae0080163c62
:100e20001400d6260000d68effffd6260400c0167a
:100e3000000000000080163cc801d6260000d5ae98
:100e4000039d163c1028d62609f8c00200000000b9
:100e50000080163c1400d6260000d68effffd62652
:100e60000400c016000000000080163cc801d62611
:100e70000000d58e8000b68e1108c0027c00b68eb0
:100e80001308c0028800b68e1110c0028400b68e0e
:100e90001310c0029000b68e1118c0028c00b68ede
:100ea0001318c0029400b68ef8fcdf7e0800b68ee0
:100eb0001300c0020c00b68e1100c0021000a18efb
:100ec0003000b78e2c00b68e3400a28e3800a38e70
:100ed0003c00a48e4000a58e4400a68e4800a78e3c
:100ee0004c00a88e5000a98e5400aa8e5800ab8edc
:100ef0005c00ac8e6000ad8e6400ae8e6800af8e7c
:100f00006c00b88e7000b98e7400be8e7800bf8ef3
:100f100000606041c000000000801a3c14005a27a5
:100f200000005b8fffff7b2700005baf9c00ba8e49
:100f30009800bb8e20e815002800b58fa000bd27c3
:100f400000609a4000709b40c00000001800004202
:100f50000000000000681a4060ffbd2700601b40d1
:100f60003000b7af2c00b6af2800b5af9c00bbafc8
:100f700082d21a0084825b7fc2d11a0084945b7f84
:100f800044201b7c20a81d0000801a3c14005a2716
:100f90000000568f0400c01600000000039d1d3c99
:100fa0004033bd270000bd8f0100d626000056af9c
:100fb0000070164000609b407800bfae7400beae6b
:100fc0007000b9ae6c00b8ae6800afae6400aeaef3
:100fd0006000adae5c00acae5800abae5400aaae43
:100fe0005000a9ae4c00a8ae4800a7ae4400a6ae83
:100ff0004000a5ae3c00a4ae3800a3ae3400a2aec3
:101000009800b6ae1000a1ae10b020008000b6aec1
:1010100012b020007c00b6ae10b040008800b6ae22
:1010200012b040008400b6ae10b060009000b6aec2
:1010300012b060008c00b6aeb8b4ff7f9400b6aebc
:1010400010b000000c00b6ae12b000000800b6ae42
:101050000080163c1400d6260000d68effffd62650
:101060000400c016000000000080163cc801d6260f
:101070000000d5ae039d163c2c28d62609f8c002e8
:10108000000000000080163c1400d6260000d68e1a
:10109000ffffd6260400c016000000000080163caa
:1010a000c801d6260000d58e8000b68e1108c00279
:1010b0007c00b68e1308c0028800b68e1110c002e4
:1010c0008400b68e1310c0029000b68e1118c002b4
:1010d0008c00b68e1318c0029400b68ef8fcdf7e2a
:1010e0000800b68e1300c0020c00b68e1100c002bc
:1010f0001000a18e3000b78e2c00b68e3400a28e68
:101100003800a38e3c00a48e4000a58e4400a68e1d
:101110004800a78e4c00a88e5000a98e5400aa8ebd
:101120005800ab8e5c00ac8e6000ad8e6400ae8e5d
:101130006800af8e6c00b88e7000b98e7400be8ee1
:101140007800bf8e00606041c000000000801a3c43
:1011500014005a2700005b8fffff7b2700005baf66
:101160009c00ba8e9800bb8e20e815002800b58f31
:10117000a000bd2700609a4000709b40c0000000a6
:1011800018000042000000000000023c0000422461
:10119000070040100000023c0000422405004050bf
:1011a000039d023c3f0000700800e00300000000c7
:1011b000039d023c48f6422403004010000000005a
:1011c00009f84000000000000800e00300000000f3
:020000040000fa
:020000041fc01b
:10067000000000d01f00c0001f00c400000000d216
:100680001f00c8001f00cc00000000f01700c000d1
:100690001700c400000000f21700c8001700cc00cb
:1006a000000000c01f0080001f008400000000c286
:1006b0001f0088001f008c00000000e01700800071
:1006c00017008400000000e21700880017008c006b
:020000040000fa
:020000041fc01b
:1004800000f89b40c0000000039d1b3c48f67b2702
:10049000020060130000000000c09b4000f81b40f9
:0c04a000c00000001f000042000000002f
:020000040000fa
:020000041fc01b
:04ffc000fffffffe42
:020000040000fa
:020000041fc01b
:04ffc40098b1f9fff8
:020000040000fa
:020000041fc01b
:04ffc80039ff745f2a
:020000040000fa
:020000041fc01b
:04ffcc00dbf7ffff61
:020000040000fa
:020000041fc01b
:04ffdc00ffffffff25
:020000040000fa
:020000041fc01b
:04fff000ffff00000f
:020000040000fa
:020000041d00dd
:1011d00098ffbd276400bfaf6000beaf5c00b7af33
:1011e0005800b6af5400b5af5000b4af4c00b3af29
:1011f0004800b2af4400b1af4000b0af0f000524cb
:1012000032a8400f0a0004243800a2af0100423087
:10121000060040103800a28fe2af400f0a000424fd
:101220005100401425a840003800a28f020042302f
:10123000410040100881828f3f004010259000003f
:1012400025800000009d143c6210133cd34d732692
:10125000808010001881828f0a80507c300000123c
:101260000b000224760003922d006210c000033ca4
:101270003c00028e2410430025880000040040102a
:1012800025b000003c00168ec005d67e100011244b
:101290003e00029604004230090040503e00029693
:1012a000f4bb400f000000002800038e2310430011
:1012b00000004228100003240a8862003e000296c3
:1012c000080042300700405076000392f4bb400f04
:1012d000000000002c00038e23104300da044104b8
:1012e0007600039205000224da0362140000000075
:1012f000f4bb400f000000003000038e23104300b9
:10130000d403400401000624140005244a11400fb0
:101310002520000225280000814e400f25200002d4
:10132000010052262096127c0881828f2b104202e7
:10133000c7ff4014258040026400bf8f6000be8f4d
:101340005c00b78f5800b68f5400b58f5000b48f33
:101350004c00b38f4800b28f4400b18f4000b08f73
:101360000800e0036800bd272000b2961400422e5a
:10137000e6004014f2ff05241c00b68e0c00c28e5d
:101380000019427c0500432ce0006014801002002c
:101390002a104202de0040140a0006242200a2960f
:1013a00000024230da004014f1ff05241800b48e28
:1013b0000c00828e1800a2af1000828e1c00a2af1b
:1013c0002000a0a3060002242100a2a3294b400f65
:1013d000252040022200a2a7253000000c00052491
:1013e000314b400f1800a42727100200ffff4630a2
:1013f0002200a296040042304a0040102538c00066
:10140000253040022528c002a77f400f2520a002da
:10141000be004014f6ff052442ab400f2520c00259
:101420001c00b78e0200e496b8008010f1ff05247e
:101430000881878fb500e010100086260c00de8e34
:101440000019de7f2800a38e0e0093960c00829672
:10145000219862020000e2962198620226986402b6
:10146000ffff733218818a8f25100000258000004d
:10147000258800000b000924808811000a88517d0e
:101480001200205201004224760028920f000951d8
:1014900001004224770025920200a52c0b00a050e9
:1014a000010042244800258e0300a0100000000027
:1014b00006006554010042241f00001572002596a5
:1014c0000100a4500a803002010042242016027c50
:1014d0002b284700e8ffa014258840008b0000124d
:1014e000f1ff05240c00828e400002ae01000224b0
:1014f000770002a2480003ae01000524e8bc400fbb
:1015000025200002720013a60000e296600002a6e9
:101510000200e296620002a60000028e1600001091
:10152000100002ae25284002314b400f2520c0029a
:10153000b7ff001000000000e4ffb3540100422494
:101540000000e88e6000258ee0ff05550100422472
:101550004000288e0c00858edbff05150100052458
:1015600001000224770022a2480023aee8bc400f0d
:10157000252020022580200280981e001000a38ec6
:101580000c006294231053000c0062a40d00d19251
:101590000800de8e0400c28e2c00a2af3e00029630
:1015a000004043300f006010020042300d00401434
:1015b000790000a2f4bb400f000000007000039609
:1015c000f880848f021864706210043cd34d842428
:1015d0001900640010180000821903002110620035
:1015e000240002ae740002960442027c740002a63b
:1015f000760003922e006010010002246b0062103e
:10160000010022321400522623905302ffff52326f
:10161000ecff5326ffff73323c00a2af04004010e2
:101620002800b3afedff5226ffff42322800a2afe1
:1016300002002232040040102800a28f0100422440
:10164000ffff42302800a2af1c00178e2000028e40
:101650002b20e2026500805423b857001800048e46
:101660001400058e2320850023b8e20223b89700da
:10167000fffff7325800148e2c00a28f23a05400d5
:101680003400b4af2800a48f750080503400a28fbe
:101690007a00e05204003132570080062b10970286
:1016a0005f0040142800a28f580000102a209702e3
:1016b000040022321a00401025280000814e400ffd
:1016c00025200002259000009abb400f2520000035
:1016d0007c00118e8000138e7a001496252840001d
:1016e0004ebd400f25200000243092020700c0109c
:1016f0000200052405002012253860022800a58e6e
:1017000009f820023c000486020005240a00062491
:1017100096ae400f2520a002bffe00100000000082
:10172000100022320a0040102530000054001eae86
:10173000040005244a11400f25200002252800003e
:10174000814e400f25200002dfff00102590000091
:1017500002003132100020122c00a28f010042241e
:10176000580002aece78400f2520c0026a0002a6c3
:10177000abb7400f2520000201000624120005240b
:101780004a11400f2520000202000224760002a226
:10179000cdff00102590000025280000814e400f4d
:1017a00025200002c8ff001025900000040022320e
:1017b000c5ff401425900000100022328b034050da
:1017c000020031325400128e5f03d213010006244e
:1017d00054001eae040005244a11400f25200002cb
:1017e000540012aeb8ff001025900000fffff7264e
:1017f000a0ff0010fffff732251080002120840297
:101800001e008058040031322a2097020400801400
:101810002310e2022a105400180040540400313210
:10182000060022321d004010100022320400313226
:1018300006002012259000003e00029601000324bd
:10184000444a627c3e0002a60008122425280000bb
:10185000814e400f252000029bff00100000000079
:10186000f0ff405006002232030040042a10970285
:10187000ecff4014060022320400313292ff2016a1
:101880002590000001000624100005244a11400f95
:10189000252000028cff0010000000008aff40108d
:1018a000259000000a00622c3501401080180300ca
:1018b000009d023cc41842240a18437c08006000c2
:1018c000000000007c1d009d7c1d009dec18009d0b
:1018d0008819009d8819009d8819009d8819009d10
:1018e0007c1d009d8819009d581d009d5400128e7e
:1018f0000800d2130100062454001eae0400052483
:101900004a11400f25200002540012ae6eff001055
:101910002590000003000224760002a20001122498
:101920001000038e0800028e2310430006004304bb
:101930005400048e0400048e0000058e23208500d0
:10194000211044005400048e2328c4032310a20055
:1019500014004018040006247400058e0402a5300b
:101960000400a614253000000100052408004510dd
:1019700001008424100005244a11400f2520000294
:1019800051ff001000000000e5ff0010259000004e
:10199000540004ae7400029601000424444a827c80
:1019a000740002a65400028e0c00048e2b306400da
:1019b0003600c010232864000400038e0000048e4b
:1019c000231864002310c203211045002110620077
:1019d0002803401c3000a2af3800028e5e00405049
:1019e0000c00038ef4bb400f000000003800038e93
:1019f000231043005700400400fa04343400028ee0
:101a00004018020001fa02342b1062000b20620021
:101a1000f4bb400f340004ae3400038ef880848f92
:101a2000021864706210043cd34d842419006400d1
:101a3000101800008219030021106200380002ae65
:101a40001000038e0c00048e232864005400028ec4
:101a5000231045002b18640006006010540002aeed
:101a60000400038e0000058e231865002310430038
:101a7000540002ae100004ae3e00029601000324a2
:101a8000c439627c330000103e0002a62310c2035a
:101a9000213045009700c0183000a6af0400028e28
:101aa0000000058e231045002b10460091004014c5
:101ab000dc050224f4bb400f340002ae3400038e78
:101ac000f880848f021864706210043cd34d842423
:101ad0001900640010180000821903002110620030
:101ae000380002ae3e0002964429027c3e0002a667
:101af0000c00048e3000a28f211082000c0002ae78
:101b00001000038e2b2064005e0080142b206200e6
:101b100067008010231843005400048e21188300ae
:101b2000540003ae100002ae0400038e2b204300cd
:101b3000640080500000048e7600029203000324ab
:101b40000300431008000324030043540c00038ed9
:101b5000040052360c00038e0800028e17006254f7
:101b60000e00c3963e0002960001433065006014eb
:101b7000004042300e0040503e000296f4bb400f41
:101b80000000000070000396f880848f02186470d3
:101b90006210043cd34d8424190064001018000026
:101ba0008219030021106200240002ae3e0002965a
:101bb0004408027c3e0002a60e00c3966e00029608
:101bc0002b104300010040546e0003a65400038e06
:101bd0000e00c2962110c203231043006400049635
:101be00006008014ffff423004004010010005246d
:101bf0003e0004968431a47c3e0004a6640002a644
:101c000076000292040004244a004454060004248e
:101c10001800c317200031327400029604004230cd
:101c20001400401000000000f4bb400f0000000052
:101c3000f880848f8018040021186400c018030005
:101c4000231864000019030021186400c018030061
:101c50006210043cd34d8424190064001018000065
:101c60008219030021106200300002ae0500022438
:101c7000760002a294fe2016000000004b00001027
:101c8000000000000400048e0000058e2320850063
:101c9000211864002b2062000500801023184300e7
:101ca0005400048e21188300540003ae100002aecd
:101cb0000400038e2b204300060080541000028e87
:101cc0000000048e23206400231044000c0002aea8
:101cd0001000028e2b20430098ff80547600029261
:101ce0000000048e231864002318430092ff0010a4
:101cf000100003ae98ff64500c00038e37ff0010f5
:101d00003800028e5400028eacffc2570e00c396fc
:101d10007400029604004230a8ff40500e00c396a3
:101d20003e0002964408027c0442027ca2ff00109e
:101d30003e0002a6130044142000313262fec31795
:101d40000000000025280000814e400f25200002e1
:101d50005dfe0010000000005400028e01004224cd
:101d600059fec2172590000025280000814e400f23
:101d70002520000254fe0010000000002590000005
:101d80002000313250fe2016000000007600039241
:101d9000f8ff6224ff0042300200422c4afe401449
:101da0000600022448fe6210000000003f0060129e
:101db0003400a28f8600401c211074020c00c28ed9
:101dc0000019427c801002002310540021b0c2028e
:101dd0002400b6af21987402ffff73322ba0770264
:101de0000bb874021c00058e1800168e2110b70067
:101df0002b10c2025b0040100100112423b0c50269
:101e00000100d626ffffd3321000b1af25386002a3
:101e10002400a627c47a400f2520a00225a0400058
:101e20002338f3021400058e1000b1afffffe73036
:101e30002400a627c47a400f2520a0022110820288
:101e4000ffff423023b0f6021400038e21b076006b
:101e500016005714000244365800038e2118e3027e
:101e6000580003ae1c0016ae76000292fdff42241d
:101e7000ff0042300300422c0b9082005c00138e66
:101e8000ffff02240a0062122800a28f23b8770203
:101e90005c0017ae68000296211057003a0041041a
:101ea00000000000ffff02245c0002ae2800a28fa9
:101eb000110040103c00a28f76000292fdff4224e8
:101ec000ff0042300300422c040040543e000296c2
:101ed0001c00028e200002ae3e000296100042302e
:101ee0009900401001000624100005244a11400ffb
:101ef000252000023c00a28ff3fd40102800a38f94
:101f00005800028e010042242c00a48f2118640086
:101f1000edfd431401000324580002ae3e0002967a
:101f20008452627c3e0002a67600029203000324e3
:101f3000b2004310000452360400432c9b00601092
:101f400002000324a6004310090002240100062415
:101f5000100005244a11400f25200002dafd001070
:101f600000000000010002241000a2af2538e002aa
:101f70002400a627c47a400f2520a0021c00168e3c
:101f8000b3ff001021b0d702c9ffe05e2800a28f86
:101f900021186200580003ae21b0c2021c0016ae28
:101fa0001800028e2b18560007006050ffff022415
:101fb0001400038e231043002710020021b0c20238
:101fc0001c0016aeffff0224b8ff00105c0002ae3a
:101fd0002a10e202030040100c00c28e2398f40283
:101fe000ffff73320019427c8010020021b0c20250
:101ff0002400b6af1c00058e1800038e2110740259
:102000002110a2002b1062002c00401023b06500ac
:102010000100d62623b0d4021b00c006ffffd63233
:10202000010011241000b1af2538c0022400a627fa
:102030002128b400c47a400f2520a00225b8400012
:10204000233876021400058e1000b1afffffe73091
:102050002400a627c47a400f2520a0022110e20206
:10206000ffff423092ff62162800a28f5c00028eb2
:10207000ffff03241a0043542b1882025c0014aea5
:102080008aff0010680013a6ffff82261400048e4a
:102090002318640023104300010003241000a3afa1
:1020a000253860022400a6272128a200c47a400f08
:1020b0002520a002ebff0010000000000100022418
:1020c0001000a2af253860022400a6272128b40002
:1020d000c47a400f2520a002e2ff0010000000009b
:1020e0000e0060102120740268000396212862000f
:1020f0002b28a4000600a0142b2082000500805489
:10210000680013a62198620023987402ffff7332bf
:10211000680013a665ff00105c0014ae680003960b
:10212000211862002b20640061ff80502800a28fdc
:102130002b1874005dff601423a0820221987402a2
:102140005aff0010680013a63e0002960100032407
:102150000421627c3e0002a60800423066ff401463
:102160003c00a28f3e000296c418627cf4bb400f74
:102170003e0002a6f880848f4018040021186400f5
:10218000c018030021186400801803006210043c8a
:10219000d34d842419006400101800008219030034
:1021a0002110620053ff00102c0002ae0400032433
:1021b0001a0043100500032464ff43142530000077
:1021c000100005244a11400f252000022528000098
:1021d000814e400f252000023bfd00100000000052
:1021e000760002a201000624110005244a11400fc6
:1021f0002520000234fd0010000000000800022429
:10220000760002a274000296000142302efd4014b6
:10221000010006244fff0010100005245400028e18
:102220000900c21725300000100005244a11400f94
:102230002520000225280000814e400f25200002a5
:1022400021fd001000000000060002243fff0010e6
:10225000760002a2060020523e0002960100c63a15
:10226000252820024a11400f252000023e00029638
:1022700002004330330060140040423028fc40101c
:10228000030002247600039226fc625401005226c9
:10229000f4bb400f000000002400038e2310430015
:1022a00020fc42040100522679000392840002922d
:1022b00015006214010005243c00118e0004317edb
:1022c000556e400f252000023e00029601000324b7
:1022d0000400627c3e0002a60010062425280000af
:1022e000758a400f252000020efc20560100522660
:1022f0003e0002960400027c3e0002a60a00022470
:1023000007fc0010760002a202000624100005243b
:102310004a11400f25200002f4bb400f0100522655
:1023200070000396f880848f02186470190073009f
:10233000101800008219030021106200f9fb001040
:10234000240002aef4bb400f000000002400038e06
:1023500023104300f3fb4204010052267600029250
:102360000a00432c6f006010801802007c23842632
:102370000a18837c08006000000000002425009dee
:10238000a423009df023009dac24009dd024009d3b
:102390002425009dec24009d2425009d2425009dde
:1023a0000825009d780002920400422c0e00401483
:1023b0000200112404000224780002a2f880838f16
:1023c000401103002310430080100200211043003d
:1023d000c01002001900530010100000821102000a
:1023e00000110200500002ae0e00001025a80000ef
:1023f000780003920300632cfbff60141200112489
:102400003e0015960100b532140011240a885500cb
:10241000010002240a10150025a840004500c01242
:10242000010006247800029201004224780002a2f2
:102430005000028e40100200500002ae1000038ec9
:102440000c00048e231064002b186400060060103a
:10245000ffff42300400038e0000058e2318650044
:1024600021104300ffff42305400038e2318620006
:10247000540003ae6400039621104300640002a6da
:10248000100004ae25300000252820024a11400f1c
:1024900025200002a2fba01225280000814e400f3b
:1024a000252000029ffb00100100522678000292b6
:1024b0000500422cccff40541000112404000224db
:1024c000760002a211001124d4ff001025a80000fc
:1024d000780002920500422c14001124cfff401016
:1024e00001001524c0ff0010110011247800029291
:1024f0000500422c14001124c8ff401001001524cf
:10250000b9ff001010001124780002920500422c3f
:1025100014001124c1ff401001001524b2ff001067
:10252000110011247ffb205201005226bbff001036
:1025300025a80000252820024a11400f252000026e
:10254000d4ff001000000000020031325efc2012b7
:10255000259000002c00a28f01004224580002aefa
:102560000e00c2966e0002a6640002a6ce78400f4e
:102570002520c0026a0002a6abb7400f252000024a
:1025800001000624100005244a11400f25200002f6
:1025900003000224760002a23e0002960040423070
:1025a0000e0040503e000296f4bb400f00000000b9
:1025b00070000396f880848f021864706210043ce7
:1025c000d34d842419006400101800008219030000
:1025d00021106200240002ae3e0002964408027cf4
:1025e0003e0002a638fc00100001122436fc201226
:1025f000259000002c00a28f01004224580002ae5a
:102600000e00c2966e0002a6640002a6ce78400fad
:102610002520c0026a0002a6abb7400f25200002a9
:1026200001000624120005244a11400f2520000253
:1026300002000224760002a223fc00102590000074
:1026400069ff0010100011240500022403ff62142a
:1026500010001124f4bb400f000000003000038e76
:1026600023104300fdfe40040100062427fb001058
:10267000140005240400028e0000038e2310430082
:102680003000a38f2b1043000afd4050dc050224cc
:08269000d2fc00103800028e9c
:020000040000fa
:020000041d00dd
:10269800d0ffbd272c00beaf2800b7af2400b6afcf
:1026a8002000b5af1c00b4af1800b3af1400b2af30
:1026b8001000b1af0c00b0af5000888c5400978c5c
:1026c8000000b68c5800828c2668e2022468a801b3
:1026d8002668a2016ad7023c78a442344c00838c55
:1026e80021106200211056002168a201426e2d00bf
:1026f80021680d010400b98c267017012470cd01e2
:102708002670d701c7e8023c56b742345800838c7c
:1027180021106200211059002170c20102752e009b
:102728002170ae010800aa8c26480d0124482e010c
:10273800264828012024023cdb7042242110e202b2
:1027480021104a0021482201c24b29002148c90111
:102758000c00b18c2630ae012430c9002630cd00e3
:10276800bdc1023ceece42342110020121105100bd
:102778002130c20082322600213026011000ac8ca4
:102788002618c9012418660026186e007cf5023c3c
:10279800af0f42242110820121684d0021186d00dd
:1027a800421e23002118c3001400b38c26582601aa
:1027b80024586301265869018747023c2ac64234d7
:1027c8002110620221704e0021586e01025d2b001b
:1027d80021586b001800ae8c2610c30024104b0043
:1027e8002610460030a8073c1346e7242138c701c5
:1027f8002148e90021104900c2132200211062017a
:102808001c00b58c26386b002438e2002638e3001b
:1028180046fd093c019529352148a90221302601a8
:102828002138e600823a2700213847002000b88c7a
:10283800266862012468a7012668ab018069063c06
:10284800d898c634213006032118c3002168a30193
:10285800426e2d002168ed002400a98c26a04700b7
:1028680024a08d0226a08202448b033caff7633478
:102878002118230121586b0021a08b0202a53400e6
:1028880021a0b4012800b08c2678ed002478f4014a
:102898002678e701ffff033cb15b6324211803029c
:1028a800211062002178e201c27b2f0021788f027b
:1028b8002c00ab8c2630b4012430cf002630cd005c
:1028c8005c89023cbed7423421106201213847009e
:1028d8002130c700823226002130e6013000b28c58
:1028e80026188f022418660026187400906b023c84
:1028f800221142242110420221684d0021186d0046
:10290800421e23002118c3003400ad8c26f0e601d6
:1029180024f0c30326f0cf0398fd023c93714224b0
:102928002110a20121a0540021f0d40302f53e0099
:1029380021f07e003800b48c2610c30024105e00fd
:102948002610460079a6073c8e43e72421388702e3
:102958002178ef0021104f00c21322002110c2037a
:102968003c00af8c26387e002438e2002638e3008d
:10297800b449053c2108a5242128e5012130a600f9
:102988002138e600823a27002138470026304700e0
:102998002430de002630c2001ef6053c6225a52440
:1029a800212825032118a3002130c300c2362600a0
:1029b8002130e6002628e6002428a2002628a700c1
:1029c80040c0033c40b363342118c30121f07e00aa
:1029d8002128be00c22d25002128c5002618c500c3
:1029e80024186700261866005e261e3c515ade270a
:1029f80021f07e012110c20321186200821c2300ed
:102a08002118a3002610a300241046002610450014
:102a1800b6e91e3caac7de3721f0de022138c7031b
:102a2800211047000213220021106200263862009c
:102a38002438e5002638e3002fd61e3c5d10de273b
:102a480021f07e022130c6032138e600c23e27006d
:102a580021384700263047002430c3002630c20002
:102a680044021e3c5314de2721f01e022128c50310
:102a78002130c500c23526002130e6002628e600b0
:102a88002428a2002628a700a1d81e3c81e6de370c
:102a980021f0fe012118c3032128a300822c250060
:102aa8002128c5002618c5002418670026186600c6
:102ab800d3e71e3cc8fbde3721f09e012110c2037c
:102ac80021186200021b23002118a3002610a3006e
:102ad8002410460026104500e1211e3ce6cdde37d5
:102ae80021f03e012138c70321104700c2162200f9
:102af80021106200263862002438e5002638e300f9
:102b080037c31e3cd607de2721f09e022130c603bc
:102b18002138e600c23d270021384700263047000b
:102b28002430c3002630c200d5f41e3c870dde27b2
:102b380021f03e022128c5032130c5008234260039
:102b48002130e6002628e6002428a2002628a7002f
:102b58005a451e3ced14de2721f01e032118c3033d
:102b68002128a300022b25002128c5002618c5000e
:102b78002418670026186600e3a91e3c05e9de371d
:102b880021f0be012110c20321186200c21e2300d9
:102b98002118a3002610a300241046002610450083
:102ba800effc1e3cf8a3de3721f05e012138c70395
:102bb80021384700c23d27002138670026106700ea
:102bc80024104500261043006f671e3cd902de27fb
:102bd80021f0be022130c60321304600823426008f
:102be8002130e6002610e60024f0430026f0c70353
:102bf8000000beaf2a8d1e3c8a4cde2721f05e0203
:102c08002128c5030000be8f21f0c50302f33e0052
:102c180021f0de00faff053c4239a524212865028f
:102c28002118a30026105e0021106200021722005e
:102c38002110c2032618de00261862007187053ca1
:102c480081f6a534212805032138a700213867001b
:102c5800423d2700213847002618c203261867007e
:102c68009d6d053c2261a524212865012130a6001f
:102c780021186600021c23002118e30026284700bb
:102c88002628a300e5fd063c0c38c6242130860220
:102c980021f0de002128be00422a250021286500f7
:102ca8002630e3002630c500bea41e3c44eade37c9
:102cb80021f03e032110c2032110c2000217220096
:102cc8002110a200263065002630c200de4b1e3cd3
:102cd800a9cfde3721f09e012138c7032138c7006c
:102ce800423d27002138470026f0a20026f0c703fe
:102cf800bbf6063c604bc6242130a6022118c3004f
:102d080021f0c30302f43e0021f0fe002630470004
:102d18002630de00bfbe033c70bc633421180302ba
:102d2800212865002130c500423226002130c60323
:102d38002618fe00261866009b28053cc67ea5249a
:102d48002128a5012110a2002110620002172200eb
:102d58002110c2002618c60326186200a1ea053c05
:102d6800fa27a5242128c5022138a70021386700a1
:102d7800423d2700213847002618c2002618670060
:102d8800efd4053c8530a5242128250221f0be007a
:102d980021187e00021c23002118e30026f04700ba
:102da80026f0c3038804053c051da5242128c50178
:102db8002130a60021f0c60342f23e0021f07e0039
:102dc8002630e3002630de00d4d9053c39d0a534be
:102dd800212825012110a2002130c2000237260037
:102de8002130c60326287e002628a600dbe6023c02
:102df800e599423421104202213847002128a700d2
:102e0800422d25002128c5002638c6032638e500ae
:102e1800a21f023cf87c42242110e2012118430041
:102e28002138e300023c27002138a7002618c500f6
:102e380026186700acc4023c6556422421104201a2
:102e480021f05e0021187e00421a23002118e300b9
:102e580027100500251043002610470029f41e3cc2
:102e68004422de2721b0de0221b0c602211056001e
:102e7800821622002110620027b0070025b0c20286
:102e880026b0c3022a43063c97ffc63421a8a602ef
:102e98002128a50221b0c50282b5360021b056000e
:102ea800272803002528b6002628a20094ab063c54
:102eb800a723c62421a08602213887022138a7002b
:102ec800423c27002138c702272802002528a700ee
:102ed8002628b60093fc063c39a0c6342198660221
:102ee800211863022118a300c21a23002118e30045
:102ef800272816002528a3002628a7005b65063c7e
:102f0800c359c62421904602211042022110a20072
:102f18008216220021106200272807002528a20017
:102f28002628a3000c8f063c92ccc63421882602a2
:102f380021b036022128b600822d2500212845001f
:102f4800273003002530c5002630c200efff113cb2
:102f58007df4313621801102218007022180d000c2
:102f6800428430002180b000273002002530d00094
:102f78002630c5008485073cd15de72421c8270396
:102f880021c8230321c8d900c2ca390021c819029f
:102f9800273005002530d9002630d000a86f033c23
:102fa8004f7e632421c00303211002032130c20095
:102fb80082362600213026032710100025104600ef
:102fc800261059002cfe033ce0e663342178e30127
:102fd8002178e50121784f00827d2f002178cf00ec
:102fe800273819002538ef002638e60001a3023cef
:102ff800144342242170c2012180d0012138f000fd
:10300800423c27002138e7012718060025186700e9
:1030180026186f00084e023ca11142242168a20123
:1030280021c8b90121187900c21a23002118e30028
:1030380027100f00251043002610470053f7053cc2
:10304800827ea52421608501213086012110460059
:103058008216220021106200273007002530c200a6
:103068002630c3003abd053c35f2a5342158650128
:1030780021586f012158cb00825d2b0021584b004d
:10308800272803002528ab002628a200d72a063cbb
:10309800bbd2c63421504601213847012128a70058
:1030a800422c2500212865014c00868c2130c20065
:1030b8004c0086ac271002002510450026104b0056
:1030c80086eb063c91d3c6342148260121482301ca
:1030d80021484900c24a2900214005012140280110
:1030e800500088ac21b8e502540097ac5800828c97
:1030f80021584b0058008bac251000002c00be8fc7
:103108002800b78f2400b68f2000b58f1c00b48f1d
:103118001800b38f1400b28f1000b18f0c00b08f5d
:083128000800e0033000bd27a0
:020000040000fa
:020000041d00dd
:103130004400008004000000000000001002008035
:10314000400100000100000050ce029d0000000080
:10315000000000000000000000000000000000006f
:10316000000000000000000000000000000000005f
:10317000000000000000000000000000000000004f
:10318000000000000000000000000000000000003f
:10319000000000000000000000000000000000002f
:1031a000000000000000000000000000000000001f
:1031b000000000000000000000000000000000000f
:1031c00000000000000000000000000000000000ff
:1031d00000000000000000000000000000000000ef
:1031e00000000000000000000000000000000000df
:1031f00000000000000000000000000000000000cf
:1032000000000000000000000000000000000000be
:1032100000000000000000000000000000000000ae
:10322000000000000000000000000000000000009e
:10323000000000000000000000000000000000008e
:10324000000000000000000000000000000000007e
:10325000000000000000000000000000000000006e
:10326000000000000000000000000000000000005e
:10327000000000000000000000000000000000004e
:10328000000000000000000090880080680000003e
:10329000000000004800008008000000000000005e
:1032a00050000080040000000000000058860080ec
:1032b000a800000000000000888c008014000000be
:1032c00000000000540000800e000000000000001c
:1032d0006400008014000000000000009c8c00804e
:1032e00014000000000000007800008002000000d0
:1032f000000000007c0000800800000000000000ca
:103300004c8d00800c00000000000000b08c00809c
:103310001400000000000000840000800a0000008b
:1033200000000000900000800c0000000000000081
:103330000000008004000000010000000100000007
:10334000ec8a008041000000000000009c0000802a
:103350001400000000000000408c008018000000f5
:1033600000000000b0000080040000000000000029
:10337000b40000800800000000000000c48c008041
:103380001400000000000000bc00008008000000e5
:103390000000000000870080900000000000000096
:1033a000007d00807002000000000000c40000806a
:1033b0000c00000000000000040000800400000079
:1033c00001000000ffffffff588c00801800000084
:1033d00000000000e08b00802000000000000000e2
:1033e000d00000803c0000000000000008000080c9
:1033f0000600000001000000ffffffffffff0000cc
:10340000188a00804c000000000000000c010080c1
:103410000a000000000000001801008020000000e9
:1034200000000000708b00802800000000000000f9
:10343000500300802800000001000000bb010300d1
:10344000d10101004b020100330203007c020300a2
:10345000dd030300de030300e0030300e1030100da
:10346000b3220100380100800400000000000000c9
:10347000988b008024000000000000003c010080c8
:103480000800000000000000008c00802000000008
:103490000000000044010080040000000000000063
:1034a0003c8d0080100000000000000048010080fa
:1034b00001000000000000004c0100801800000026
:1034c00000000000208c00801f00000000000000b1
:1034d0006401008008000000000000000e00008071
:1034e0000200000001000000ffff00006c010080ee
:1034f0000800000000000000ac81008068010000ae
:1035000000000000707f00803c020000000000000e
:103510007401008008000000000000009087008017
:103520000001000000000000648a008044000000e8
:10353000000000007c01008001000000000000008d
:10354000e4840080c00000000000000080010080d2
:103550000800000000000000007900800004000066
:1035600000000000880100800d0000000000000045
:103570001c840080c800000000000000588d0080fe
:103580001800000000000000980100800c000000fe
:103590000000000010000080020000000100000098
:1035a00001000000a4850080b400000000000000bd
:1035b000308b00804000000000000000a40100806b
:1035c00014000000000000001483008008010000c7
:1035d00000000000708d008004000000000000006a
:1035e000900300800c00000001000000f4010000c6
:1035f000d0070000010000007803008018000000e0
:1036000001000000030000000100000000000000b5
:10361000a05d029d44b3029d5ce7029d748d008015
:103620000400000000000000708c00801800000002
:1036300000000000b8010080100000000000000041
:10364000a00300806075000000000000c801008039
:1036500004000000000000001400008004000000ce
:103660000100000001000000cc0100800400000007
:10367000000000000c0200800400000001000000b7
:1036800004000000d00100802800000000000000bd
:10369000d88c00801400000000000000f8010080b9
:1036a0000400000000000000ec8c008028000000f6
:1036b00000000000fc010080080000000000000085
:1036c000148d00802800000000000000f8880080b1
:1036d00064000000000000000402008004000000fc
:1036e000000000005c890080600000000000000015
:1036f00008020080040000000000000018000080a4
:103700000800000001000000ffffffffffffffffb8
:10371000bc8900805c00000000000000a88a0080d6
:103720004400000000000000400581bfb00100001f
:1037300001000000000200003404000088110000b5
:10374000881100008c06000088110000881100001c
:103750008811000088110000881100008811000005
:1037600088110000881100008811000088110000f5
:1037700088110000881100008811000088110000e5
:1037800088110000881100008811000088110000d5
:1037900088110000881100008811000088110000c5
:1037a00088110000881100008811000088110000b5
:1037b00088110000881100008811000088110000a5
:1037c0008811000088110000881100008811000095
:1037d0008811000088110000881100008811000085
:1037e0008811000088110000881100008811000075
:1037f0008811000088110000881100008811000065
:103800008811000088110000881100008811000054
:103810008811000088110000881100008811000044
:103820008811000088110000881100008811000034
:103830008811000088110000881100008811000024
:103840008811000088110000881100008811000014
:103850008811000088110000881100008811000004
:1038600088110000881100008811000088110000f4
:1038700088110000881100008811000088110000e4
:1038800088110000881100008811000088110000d4
:1038900088110000881100008811000088110000c4
:1038a00088110000881100008811000088110000b4
:1038b00088110000881100008811000088110000a4
:1038c0008811000088110000881100008811000094
:1038d0008811000088110000881100008811000084
:1038e00088110000f40681bf4801000001000000bb
:1038f0008811000088110000881100008811000064
:103900008811000088110000881100008811000053
:103910008811000088110000881100008811000043
:103920008811000088110000881100008811000033
:103930008811000088110000881100008811000023
:103940008811000088110000881100008811000013
:103950008811000088110000881100008811000003
:1039600088110000881100008811000088110000f3
:1039700088110000881100008811000088110000e3
:1039800088110000881100008811000088110000d3
:1039900088110000881100008811000088110000c3
:1039a000b80800008811000088110000881100008c
:1039b00088110000881100008811000088110000a3
:1039c0008811000088110000881100008811000093
:1039d0008811000088110000881100008811000083
:1039e0008811000088110000881100008811000073
:1039f0008811000088110000881100008811000063
:103a00008811000088110000881100008811000052
:103a10008811000088110000881100008811000042
:103a2000881100008811000088110000ec0a0000d5
:103a3000200d0000540f0000400881bf0c00000062
:103a400001000000881100008811000088110000aa
:103a5000500881bf04000000010000008811000030
:103a6000580881bf14000000010000008811000008
:103a700088110000881100008811000088110000e2
:103a8000740881bf180000000100000088110000c8
:103a900088110000881100008811000088110000c2
:103aa00088110000940881bf04000000010000009c
:103ab00088110000200000802400000001000000a8
:103ac000ffffffffffffffff01000000ffffffff01
:103ad000ffffffff01000000fffffffffffffffff1
:103ae00001000000788d0080080000000000000048
:103af0009c030080040000000100000001000000a1
:103b0000808d00800400000000000000bc8b00805d
:103b10002400000000000000848d008004000000ec
:103b20000000000000000000666666666666666665
:020000040000fa
:020000041d00dd
:103b30000180023ce08b4224790244140000000022
:103b4000a0ffbd275c00bfaf5800beaf5400b7afa9
:103b50005000b6af4c00b5af4800b4af4400b3afaf
:103b60004000b2af3c00b1af3800b0afd080838f1f
:103b7000ffff62240200422c0d004010f480828f6f
:103b800019004014cc80828f09f840001000a4274f
:103b90000800401c5c00bf8f110040141000a48f6f
:103ba00003008050d08080afc925400f0000000086
:103bb0005c00bf8f5800be8f5400b78f5000b68f87
:103bc0004c00b58f4800b48f4400b38f4000b28fd3
:103bd0003c00b18f3800b08f0800e0036000bd27c3
:103be000f3ff0010d08080af010002243600621481
:103bf0001480838fffff022433006214039d063c70
:103c000098ebc6242528000061c5400f0500042458
:103c1000ffff03248f014310148082af70bd400f5b
:103c20006210103c8018020021186200e703632430
:103c3000d34d1026190070001018000082190300df
:103c40004081030023800302808010002180030252
:103c5000c08010001b000202f4014000128000002e
:103c600012900000dc8090af020014240080113c10
:103c7000207d31260080133c707f73260000228e49
:103c800008004010252080020a0026860600c05049
:103c90001000312604be400f252820026801401084
:103ca0004c01022610003126f4ff33160100942641
:103cb0004c0102261b005200f401400212100000c9
:103cc00002805070d88090af0180023ce08b42941b
:103cd0007b014010f480908f258800000180123c09
:103ce000e08b53264c00048e1800805001003126d2
:103cf0004400028e1800428c09f8400000000000c9
:103d0000420002960040423010004050010031262f
:103d10004400028e1400428c09f840004c00048ece
:103d20003c00410403000724040006242528000267
:103d30002789400f252060024200029601000324db
:103d4000c47b627c420002a601003126e08b4296d1
:103d50002a202202e3ff801480001026d080858f65
:103d6000010004246001a414000000005801401860
:103d7000f480918fc0110200211022022528200218
:103d800025800000251800000004072401000624f7
:103d90004200a494000c8830420007152046047ca1
:103da00083ff01054000843002008010042066007b
:103db000258004028000a524f5ffa21401006324dd
:103dc0000100022404106200ffff42244001501051
:103dd0000180023ce08b429435004014ffff022436
:103de000b2cc400fd08082af72ff40505c00bf8fda
:103df000b0cc400f0000000025300002029d053cc1
:103e0000b021a5241097400f2520400069ff001025
:103e10005c00bf8f02000324cbff4314dc050224a7
:103e20001000a0af1400a0af1800a0af1c00a0affe
:103e30002400a0af2800a0af2c00a0af2000a2afac
:103e40004400028e4000428c1000a52709f8400073
:103e50005000048e1000a28f3f0002aa3c0002ba5c
:103e60001400a293400002a21500a293410002a2f6
:103e70001800a38f2b18030042000296446b627c4b
:103e8000420002a62000a38f720003a601000324b3
:103e90008431627c8473027cc47b627caaff001044
:103ea000420002a604206600c2ff00102580040222
:103eb000259000000180133ce08b74264000228e88
:103ec0004040033c24104300050040100300072439
:103ed00004000624252820022789400f252080027f
:103ee00001005226e08b62962a104202f3ff401432
:103ef00080003126baff0010ffff02244d0142244a
:103f0000d88082af0180023ce08b4294c700401011
:103f1000f480908f258800000180123c42000296b8
:103f2000400042300f004050010031264400028e14
:103f30002400428c09f840005000048e7400039263
:103f4000010063300600431001000424740003964e
:103f50004408837c8410437c0400437c740003a6e3
:103f600001003126e08b42962a102202ebff40141a
:103f700080001026060100100100122425300000e8
:103f8000252840003c9d400f010004244400028e7f
:103f90003400428c253000002528000009f840003c
:103fa0005000048ef5ff4054280050ace080828f12
:103fb00001004224e08082af1f01001042000296ff
:103fc0001400028e294b400f0c0044940608032471
:103fd00027004310000803240a004310ffff0334a6
:103fe000142ad126090043100200152401000624da
:103ff000f3ff052496ae400f252000022301001098
:10400000000000000e2af12601001524220002966d
:10401000ffc04230220002a6020023962510430072
:10402000220002a625300000252800023c9d400ffa
:1040300004002496edff40100100022404a8a2020f
:104040002410b40211014014007dc42725a095025c
:104050000400229600110200253000000100052412
:10406000b0ae400f212082000801001000000000c7
:1040700025a80000e5ff00103000b18f0200643079
:104080002000801000000000040063300010513454
:10409000000842340b884300740002964408027cf6
:1040a000740002a6252820023e8a400f2520000227
:1040b000580016262cc1400f2520c0025800138e30
:1040c0000c006012000000000c00628e241022021e
:1040d00005004010252820020400628e0800668e2c
:1040e00009f84000252000020000738ef7ff60569b
:1040f0000c00628e3ac1400f2520c002040000105f
:10410000700000a6eaff401425884000700000a659
:1041100001009426e08ba2962a108202ef00401440
:1041200080001026200040120080103c0080103ccf
:10413000207d10260080113c707f31260000028e09
:104140000c004050100010260a0003860800601082
:10415000dc80848f0c00029623104400ffff423065
:104160002026027c2a008018211043000c0004a69f
:1041700010001026f2ff11560000028e9abb400f6d
:10418000010004240080033c007d63240800649443
:104190004408047c080064a4252840004ebd400f5c
:1041a000010004240080103c207d10260080113c7a
:1041b000707f31269abb400f252000000000128e30
:1041c00008001396252840004ebd400f2520000012
:1041d00005004012100010260300601200000000cd
:1041e00009f8400200000000f2ff1116d480828f0f
:1041f0006ffe401025300000000105240080043cc3
:10420000e4bd400f107d84246afe00105c00bf8f67
:104210000c0002a62530000002000524b0ae400fbd
:1042200025200002d3ff001010001026ec80828fa2
:10423000beff4010010012245800001000000000d2
:104240001b005200f4014002121000000280507066
:10425000d88090afb2cc400f0000000008004010a2
:1042600000000000b0cc400f000000000500062454
:10427000029d053c1021a5241097400f25204000e9
:10428000517e400f00000000ffff0224b2cc400f1f
:10429000d08082af47fe40505c00bf8fb0cc400f53
:1042a00000000000ffff0624029d053c4021a524dc
:1042b0001097400f252040003efe00105c00bf8f8d
:1042c000d080838f010002240700621400000000e8
:1042d00002000224d08082af029d053c8021a524eb
:1042e00074ad400f2520000084a9400f2520000058
:1042f000e880828f0600401400000000ec80828f6e
:10430000d480838f251043002afe40105c00bf8fad
:10431000e880828f1e00401025900000e88080af6a
:104320005acc400f0000000092aa400f25804000a8
:1043300025904000259860002530000225380000b7
:10434000252040004e38400f25286000c88082afed
:104350006210063cd34dc62419000602103000003e
:104360008231060025380000252040024e38400fdb
:1043700025286002c48082afd880828fdc80838f42
:1043800023104300ddfe401801001224d88082afc4
:10439000ec80828f4c0040100180023cec8080afaa
:1043a0000180023ce08b42942f00401025a00000c9
:1043b000f480908f0180153c42000296400042300c
:1043c00025004050010094266e0011964400028e94
:1043d0005400428c09f840005000048e25882202c7
:1043e0009abb400f01000424ffff3332271813004b
:1043f0006e000496241864006e0003a62528400071
:104400004ebd400f01000424700002962598620200
:10441000700013a64400028e5000428c2528200212
:1044200009f840005000048e16003132d8fe2056a4
:104430004400028e420002960020423006004050a6
:10444000010094264400028e3800428c09f8400096
:104450005000048e01009426e08ba2962a1082025e
:10446000d5ff40148000102625a000000180133cd9
:104470000c87732600801e3c039d023c082a4224c0
:104480003000a2af039d173c039d163c1bc0400f9c
:1044900025206002cafe4014258040009abb400fd0
:1044a000010004240080033c007d63241800649410
:1044b0000400047c180064a4252840004ebd400f71
:1044c000010004240180023ce08b429415ff40105f
:1044d000f480908f25a000000180153c42000296d8
:1044e000400042300bff40500100942670000296bd
:1044f00086064330e1fe605074000396e480838fab
:1045000001006324e48083af7400039602006430ea
:10451000ddfe801425884000e6fe001058001626b7
:084520000800e00300000000a8
:020000040000fa
:020000041d00dd
:10452800b0ffbd274c00bfaf4800b7af4400b6afdf
:104538004000b5af3c00b4af3800b3af3400b2af01
:104548003000b1af2c00b0af258080007700849098
:104558000100032431018314feff022425a0a000da
:1045680025a8c0009abb400f252000004c00048eef
:10457800160280102528400022008394080062302b
:104588001202401408006334220083a44c00118ee8
:104598004ebd400f252000002b01201606200724c1
:1045a80004000624140005243ead400f74000424c2
:1045b8002588400019012012fdff0224019d023cbc
:1045c800406e4224080022ae0c0030ae01000224e6
:1045d8006c0022a6540022a622002296080042342b
:1045e800220022a69abb400f252000004c00038e13
:1045f800010060504c0011ae252840004ebd400f10
:10460800252000000100823205004010010003242b
:104618003e0002960442627c3e0002a6fe009432ee
:104628003e0002968410027cc418027c0421027c9d
:104638008431027cc439027c4429027c3e0002a6f3
:1046480077000392010002240200621425980000fa
:104658001c00338e0c0062920439027c0c0062a2aa
:10466800060082320301401002008232910140109c
:10467800020002241000a2a3040002241100a2a335
:1046880077000392010002240c0062142510000038
:104698004800028e050040140000000051a8400f99
:1046a80025200002d6004010fcff0224cec5400f92
:1046b8004800048eecff4224ffff4230001a02003b
:1046c80002220200251864001200a3a76c0002a6ab
:1046d8000c00628e0019427c010042240c00639297
:1046e8000439437c0c0063a2770003920100022482
:1046f80004006214140062261000a38f170063aa36
:10470800000043b85400028e0400401425b0000095
:104718001766400f25200002540002ae03008232c3
:1047280066014010259000000100b5320e00a0126d
:1047380000000000780000a2f880838f4011030079
:10474800231043008010020021104300c010020013
:104758006210033cd34d632419004300101000007d
:1047680082110200500002aef4bb400f00000000ae
:104778005000038e21106200240002ae3e00029613
:10478800010003244408627c3e0002a662000296ef
:10479800000062a660000296020062a65400028e23
:1047a800040062ae5800028e080062ae0c006292ed
:1047b8000418027c0c0062a20d0074a2120060a60c
:1047c800100060a65400028e21905200540012aed0
:1047d800020082320c004010259000001000823246
:1047e80001004050080060ae740002960800423094
:1047f800500140505400028e0400628effff422494
:10480800040062ae04001224010082320400401049
:1048180001000324740002968410627c740002a6ce
:104828001000823204004010010003247400029634
:104838000442627c740002a61c00028e2000038ed3
:104848002b20430043018054231062001800048e7b
:104858001400058e232085002310430023108200b6
:10486800ffff42300e0062a6660002a642ab400f70
:10487800252060020c00628e0019427c050042244b
:104888000c0063920439437c0c0063a27700039206
:104898000100022451016214000000004000028e51
:1048a800430040102598000051a8400f2520000221
:1048b8003f00401025984000140052264400028e04
:1048c800340022ae4000028e380022ae4800028e2c
:1048d8003c0022ae1000238e0c006294211042028c
:1048e8000c0062a43400228e1400a2af3800228e7d
:1048f8001800a2af1c00a0a3060002241d00a2a35a
:1049080021985602ffff7332294b400f2520600281
:104918001e00a2a7253000000c000524314b400fd3
:104928001400a4271c00358e27100200ffff463014
:1049380025284002314b400f2520a00227100200f5
:104948000701c012ffff47301000238e1000629449
:1049580008004234100062a42530c0024c00258ea5
:10496800a77f400f2520200227100200ffff4730b5
:10497800273807001000a7a6850002922100a2a3ed
:10498800860002922000a2a32200a0a32000a7274d
:104998002530600206000524934f400f2520200291
:1049a800000020aec2c7400f2520200225984000f5
:1049b8001000c012000000003800028e0d004014e4
:1049c800dc050224f4bb400f340002ae3400038e31
:1049d800f880848f021864706210043cd34d8424dc
:1049e80019006400101800008219030021106200e9
:1049f800380002aedf00601604009432ffff022484
:104a08007700049201000324050083144c00bf8f33
:104a180022002396c418037c220023a64c00bf8fd3
:104a28004800b78f4400b68f4000b58f3c00b48f64
:104a38003800b38f3400b28f3000b18f2c00b08fa4
:104a48000800e0035000bd27520020a6500020a611
:104a5800440020ae6a0020a6680020a65c0020aeb4
:104a68001000228e000040ac1000228ee5fe0010df
:104a78000c0040a40800038e1000028edb006210b8
:104a88006a001796640002963800401025900000ce
:104a98007700039201000224060062546c0002961b
:104aa80096cc400f00000000080040540800128e09
:104ab8006c000296ffff43302b18e302010060549c
:104ac8002510e002ffff57300800128e1000038ef9
:104ad8002b1072002f0040500400028e23904302d6
:104ae800640002962b2042020a9044002b10f20226
:104af80005004010010004243e000296c439827c5f
:104b08003e0002a62590e0027700049201000224ec
:104b18000b0082541000028e1b006010440020ae6f
:104b2800ffff4232520022a6500022a64c0023aebc
:104b38001000228e44002326000043ac1000028e91
:104b480021105200100002ae3e00029600014230d1
:104b58000600401000000000640002960300521096
:104b6800000000000100f25601009436ebfe4012ee
:104b7800ffff56326400029623105600640002a616
:104b8800e9fe0010080094361000228eebff00109a
:104b9800000040ac232043000000058e2190440211
:104ba80023904502640002962b3042020a90460088
:104bb8002b10f20205004010010006243e00029668
:104bc800c439c27c3e0002a62590e0022b10920058
:104bd8000a2042022510800023204402240080106d
:104be80001000624770007921100e6541000028e97
:104bf8001a00a010ffff84306a0024a6680024a6cb
:104c0800640025ae5c002426440024ae1500601024
:104c1800ffff4230520022a6500022a64c0023aecd
:104c28001000228e44002326000043ac1000028ea0
:104c380021105200100002ae0400038e2b20430006
:104c4800c2ff80543e0002960000048e23186400c0
:104c580023104300bcff0010100002aeebff001051
:104c6800440020ae1000228ef0ff0010000040ac7f
:104c78007700059201000424edffa4541000028e71
:104c880009006010440020aeffff4230520022a607
:104c9800500022a64c0023ae1000228e440023268a
:104ca800e2ff0010000043ac1000228edfff00106e
:104cb800000040ac99fe001025b000000200a232ae
:104cc800090040503e0002967900029201004224f9
:104cd800790002a25400028effff4224540002ae63
:104ce800aafe00100100122402004230a7fe401064
:104cf800259000000100b5320800a0160000000051
:104d08007800029205004010ffff4224780002a2ba
:104d18005000028e42100200500002aef4bb400f59
:104d2800259000005000038e2110620097fe0010ad
:104d3800240002ae01004224540002ae7400029620
:104d480001000324c418627c740002a6aefe0010a1
:104d580004001224ffff4224c2fe0010ffff42306d
:104d68001000238e10006294c418027c00ff00100b
:104d7800100062a429ff8012251000009abb400f82
:104d8800252000007c00128e8000138e7a00119678
:104d9800252840004ebd400f252000001fff40126f
:104da80025100000080031321dff20124c00bf8f73
:104db80025386002080006244800058e09f84002dc
:104dc8003c00048615ff0010251000004ebd400f62
:104dd80025200000f2fd00100620072407ffc0125e
:104de80025980000f5fe00103800028e3e00169649
:104df8000001d63249fec0122590000057ff00106e
:044e080064000296aa
:020000040000fa
:020000041d00dd
:104e0c00b8febd274401bfaf4001beaf3c01b7aff8
:104e1c003801b6af3401b5af3001b4af2c01b3af2c
:104e2c002801b2af2401b1af2001b0af25808000c2
:104e3c002598a0002590c0000400918c039d023c95
:104e4c00601742241800a327200044240000488c3b
:104e5c000400478c0800468c0c00458c000068aca4
:104e6c00040067ac080066ac0c0065ac1000422472
:104e7c00f6ff4414100063240000448c0400428ca0
:104e8c00000064ac040062ac0200622a1200401004
:104e9c00019d053c0000028e0000428ccca2a52492
:104eac0009f84000252020024401bf8f4001be8f2d
:104ebc003c01b78f3801b68f3401b58f3001b48ff8
:104ecc002c01b38f2801b28f2401b18f2001b08f38
:104edc000800e0034801bd270400558e1800b627d2
:104eec0025a00000050017240000c58e98c5400fb2
:104efc002520a0023900401402000324c0a0140095
:104f0c0021a0b4031c00828e420143100300432ce9
:104f1c000c00601001000324fe0043100300022467
:104f2c000000028e0400428c2530a002019d053c3d
:104f3c00a8a7a52409f8400025202002dbff0010bb
:104f4c004401bf8f030003242900431004000324f1
:104f5c00f3ff43140400022490006212019d053cef
:104f6c000000028e0000428ca4a3a52409f8400086
:104f7c00252020020000028e0000428c019d053c81
:104f8c00cca3a52409f84000252020020000028ea5
:104f9c000000428c019d053cfca3a52409f84000af
:104fac00252020020000028e0000428c019d053c51
:104fbc002ca4a52409f84000252020020000028e14
:104fcc000000428c019d053c64a4a52409f8400016
:104fdc0025202002b5ff00104401bf8f010094264c
:104fec00c1ff97160800d626ceff00100000028ed7
:104ffc000300622a10004010019d053c0000028e47
:10500c000400428c0000468ef4a2a52409f840004e
:10501c00252020020000028e0400428c0000468ee7
:10502c00019d053c2ca3a52409f840002520200255
:10503c009eff00104401bf8f16a6400f0800448e3f
:10504c000900401425a040000000028e0000428c94
:10505c00019d053c40a3a52409f840002520200211
:10506c0092ff00104401bf8f0400558e02000624ed
:10507c00019d053c54a3a524c6c1400f2520a002c8
:10508c0021004014020006240400732a0e0060164e
:10509c00252800000c00538e019d053c58a3a52427
:1050ac0098c5400f25206002070040100100052420
:1050bc00019d053c60a3a52498c5400f25206002e6
:1050cc000100452c4028050042c8400f25208002d5
:1050dc00019d063ca0a2c624019d073ca8a2e72482
:1050ec0025004010019d053c0000028e0400428cfe
:1050fc000000468e88a3a52409f840002520200234
:10510c006aff00104401bf8f019d053c68a3a524d4
:10511c00c6c1400f2520a0020f0040140400732ac2
:10512c000600601625280000019d053c6ca3a524f3
:10513c0098c5400f0c00448e0100452c9c91400feb
:10514c0025208002019d063cb0a2c624019d073c8f
:10515c00e3ff0010b8a2e7240000028e0000428c8e
:10516c00019d053c74a3a52409f8400025202002cc
:10517c004eff00104401bf8f0000028e0400428cd1
:10518c000000478e019d053c90a3a52409f8400022
:10519c002520200245ff00104401bf8fb080828f74
:1051ac0008004010019d053c0000028e0000428c5e
:1051bc00a0a4a52409f84000252020023bff0010e4
:1051cc004401bf8f0800538e019d053cd4a4a52437
:1051dc0098c5400f2520600206004010019d053c3b
:1051ec00d8a4a52498c5400f2520600210004014b7
:1051fc00019d053c01000224108082af0c00538eef
:10520c009ac4400f252060024100422c2a00401411
:10521c00019d053c0000028e0000428c24a5a524b3
:10522c0009f840002520200220ff00104401bf8f08
:10523c00dca4a52498c5400f252060020600401070
:10524c00019d053ce4a4a52498c5400f25206002cf
:10525c0004004014019d053c1c000224e7ff0010d3
:10526c00108082afeca4a52498c5400f25206002c5
:10527c0006004010019d053cf0a4a52498c5400fe4
:10528c0025206002040040540000028eff0002241e
:10529c00daff0010108082af0400428c25306002cf
:1052ac00019d053cf4a4a52409f84000252020020a
:1052bc00fefe00104401bf8f252860020180113cc6
:1052cc00aac6400fec8a24260400028ea88082af66
:1052dc000000028e0400428c0800478eec8a2626c1
:1052ec00019d053c50a5a52409f84000252000028d
:1052fc0008000224b08082afb88090afc8000624aa
:10530c00b480858f04be400f1f000424e7fe0010fc
:10531c004401bf8f14006212019d053c0000028ef7
:10532c000000428c80a5a52409f84000252020020d
:10533c000000028e0000428c019d053ca4a5a52412
:10534c0009f84000252020020000028e0000428c4b
:10535c00019d053cdca5a52409f840002520200270
:10536c00d2fe00104401bf8f0800528e0800401678
:10537c00019d053c0000028e0000428c74a3a52404
:10538c0009f8400025202002c8fe00104401bf8f00
:10539c00019d053c0ca6a52498c5400f2520400274
:1053ac000500401400000000cda0400f00000000dc
:1053bc00befe00104401bf8f37b1400f25204002c4
:1053cc00faff03240b004310ffff0324b6fe431423
:1053dc00253040020000028e0400428c019d053ce9
:1053ec0010a6a52409f8400025202002affe0010cd
:1053fc004401bf8f0000028e0000428c019d053cd1
:10540c0038a6a52409f8400025202002a7fe00108c
:10541c004401bf8f020002240e006212019d053c64
:10542c000000028e0000428c50a6a52409f8400012
:10543c00252020020000028e0000428c019d053cbc
:10544c0064a6a52409f840002520200297fe001030
:10545c004401bf8f4000a2278400a2af4100022468
:10546c008800a2afe000a2278c00a2af05000224a6
:10547c009000a2af0801a2279400a2af0100022461
:10548c009800a2afc8b4400ff400a4270900401044
:10549c00259840000000028e0000428c019d053cc6
:1054ac0094a6a52409f84000252020027ffe0010b8
:1054bc004401bf8f47c9400ff400a48f0300401470
:1054cc0025904000019d123cc4a2522647c9400fb2
:1054dc00f800a48f030040140000038e019d023cd1
:1054ec00c4a242240400638c2538400025304002bd
:1054fc00019d053caca6a52409f8600025202002de
:10550c000000028e0401a3971400a3af0201a3971d
:10551c001000a3af0400428c0001a797fc00a68fdb
:10552c00019d053cd8a6a52409f8400025202002a1
:10553c0025a00000019d1e3c019d173c019d163cc1
:10554c00019d153c25286002a150400f8400a42722
:10555c003e004014259040000000028e0400428c56
:10556c00a000a78f4000a62718a7c52709f8400060
:10557c0025202002ac00a28f1400401838a7a226c8
:10558c0025a040021801a2af801014002c000624a4
:10559c00b400a5278c00a48ff2a0400f212082001c
:1055ac000000028e0400428cb400a6271801a58fbf
:1055bc0009f840002520200201009426ac00a28f9f
:1055cc002a108202f1ff4014801014009800a28f60
:1055dc0015004018b000a28f140040580000028e35
:1055ec0044a7d426001112002c000624b400a527d1
:1055fc009400a48f0170400f212082000000028ec5
:10560c000400428cb400a6272528800209f840002b
:10561c002520200201005226b000a28f2a1042023f
:10562c00f1ff4014001112000000028e0400428ca5
:10563c002530000050a7e52609f84000252020025f
:10564c0001001424bfff0010010073260200422c3d
:10565c00fcff4014fcff0224baff42120100732627
:10566c0011fe8016019d053c0000028e0000428c4c
:10567c0088a7a52409f84000252020020bfe001065
:04568c004401bf8f87
:020000040000fa
:020000041d00dd
:10569000a8febd275401bfaf5001beaf4c01b7af4c
:1056a0004801b6af4401b5af4001b4af3c01b3af60
:1056b0003801b2af3401b1af3001b0af9881908ff3
:1056c000190000169181869391818527039d043ce2
:1056d000cf89400fd82c8424100040148c818293f1
:1056e0000f0040149881908fb2cc400f0000000052
:1056f0000200422c0800401401000224b0cc400fec
:1057000000000000029d053c34dba5241097400feb
:1057100025204000010002248c8182a39881908f73
:105720005a00001201000224039d023cf000a2afc7
:10573000029d023ce400a2af029d023cf400a2af35
:10574000039d023cf800a2af039d023cfc00a2af07
:105750000180023c0001a2af0180023c0401a2af23
:10576000029d023ce800a2af029d023c0801a2afec
:10577000039d023c0c01a2af029d023c1001a2afae
:10578000029d023c1401a2af029d023c1801a2af8f
:10579000029d023c1c01a2af029d023c2001a2af6f
:1057a000039d023c2401a2af039d023c88ef4224ea
:1057b0002801a2af0000128e0400118e0c00428e50
:1057c00009f84000252020022e0040500800108ecd
:1057d0001000428e09f84000252020022598400044
:1057e000100002863500401021180202120073a03a
:1057f00001005124208e117c030002241000221687
:10580000100011a6150000a22401a28f40ef52241f
:1058100012001326030006240000458e3cbc400ff6
:10582000252060026e0140102801a28f0c00522634
:10583000f9ff42160300062411000010100000a614
:105840000300222a0f0040540800108e0c00128e14
:105850000800428e0b0022560800108e0000458e74
:1058600098c5400f12000426040040142528400269
:105870000400428e09f8400025200002100000a616
:105880000800108ecbff0016010002245401bf8fc8
:105890005001be8f4c01b78f4801b68f4401b58fc0
:1058a0004001b48f3c01b38f3801b28f3401b18f06
:1058b0003001b08f0800e0035801bd270d0002241d
:1058c000030062120a000224b800621608000224d3
:1058d00020001e261c00028e07005e140c01a38f00
:1058e0000000428e6431652409f840002520200222
:1058f000e4ff00100800108e0000428ef000a38f1d
:10590000908b652409f84000252020021c00028e9f
:10591000000040a018001eae1c001eaec000a0afcc
:10592000c400a0afc800a0afcc00a0afd000a0af13
:10593000d400a0afd800a0afdc00a0af0400138e4d
:10594000e000b3af510006242528c003b4c6400fc1
:105950006c00a42708000624c000a5273881400f4a
:105960006c00a4270e00401425a040000000028e09
:105970000000428c0801a38f58db652409f8400021
:10598000252060020000428ee400a38ff8db65242e
:1059900009f8400025202002baff00100800108ef0
:1059a0007b0040580000028ecc00138ed000028e87
:1059b000230062560400438ccc0000aed00000ae41
:1059c000510006242528c003b4c6400f08006426f1
:1059d000cc00028e21004054000062aecc0013ae19
:1059e000d00013ae000073ae040073aed40000ae5e
:1059f000c000b68ff800a28f78115324fc00a28f4c
:105a0000a81155240000658e98c5400f2520c002be
:105a1000200040140900822a1700401408000624c0
:105a20000000028e0400428ce800a38f90db652406
:105a300009f84000e000a48fd3ff00100000428e60
:105a4000d00003ae000073accc00038ed000048ef7
:105a5000040064acdaff001025984000d000028eec
:105a6000040062ae000053accc00028e040053acc4
:105a7000deff0010cc0013ae0400628ec000a6272b
:105a80002528800209f8400025200002beff0010f2
:105a90000000428e0c007326daff75160001a28ffb
:105aa000e48453240400768e3400c0521800732618
:105ab0001000758e1100a012510006242528c00385
:105ac000b4c6400f1800a4271400628e1000a2afc5
:105ad000510007241800a6272528000209f8a00273
:105ae0002520c002a7ff401408000624c000a527f7
:105af0003881400f1800a42725a040000900822a01
:105b000009004014080006240000028e0400428ca4
:105b1000e800a38f90db652409f84000e000a48f23
:105b200099ff00100000428e0000778e1200e012f4
:105b3000c000a28f0400758eec00a2af25b000005b
:105b40000000a58e98c5400fec00a48f07004014fc
:105b5000c000a6270400a28e2528800209f8400074
:105b60002520000288ff00100000428e0100d6268a
:105b7000f3ffd7160c00b526180073260401a28f78
:105b8000a4854224c8ff62560400768e0000028e6f
:105b90000000428cf400a38fc8db652409f84000a4
:105ba000e000a48f78ff00100000428e2f006216e4
:105bb000200003261800028e2b18620031ff60506f
:105bc0000800108e1c00038e2b2043001b00801049
:105bd000233862000800e050ffff42240000449098
:105be000ffff44a001004224fdff625400004490e6
:105bf0001800028effff4224180002ae1c00028e25
:105c0000ffff43241c0003aeffff40a071001326da
:105c10001800068e2001a28ffcdb4524dcc6400f55
:105c2000252060020000428e2528600209f840000d
:105c30002520200213ff00100800108e0000428e65
:105c40001c01a38f08dc652409f8400025202002f0
:105c50001800028effff4224180002ae1c00028ec4
:105c6000ffff422406ff00101c0002ae7f0002244a
:105c70001e0062161b0002241c00078e1800028ef4
:105c80002b184700fefe6010010043242338e30078
:105c90000600e0102118470001004490000044a0d5
:105ca00001004224fdff4354010044901c00028e79
:105cb000ffff43241c0003aeffff40a0710013262a
:105cc0001800068e1801a28f10dc4524dcc6400f98
:105cd000252060020000428e2528600209f840005d
:105ce00025202002e7fe00100800108e05006256f5
:105cf0001c00028e120002a201000224e0fe00102d
:105d0000100002a620001426231854005000632817
:105d1000260060500000428e1800078e233847008e
:105d20002000e01023184700ffff4490000044a02b
:105d3000ffff4224fdff6254ffff44901c00028ecf
:105d4000010043241c0003ae010040a01800068e91
:105d50000100c6241401a28f1cdc4524dcc6400fc0
:105d600072000426710013a20000428e7100052605
:105d700009f84000252020021800028e000053a0e0
:105d80001800028e01004224180002ae1c00038e8f
:105d90002b186200bafe60541c0002aeb9fe00105f
:105da0000800108eefff0010720000a21001a38ff8
:105db00024dc652409f8400025202002180014aed8
:105dc0001c0014ae0000428ee400a38ff8db6524b3
:105dd00009f8400025202002aafe00100800108ebd
:085de0009afe00100c0012ae47
:020000040000fa
:020000041d00dd
:105de800b8ffbd275c00a28f2800b2af4400bfaf48
:105df8001000a2af2500a22c4000beaf3c00b7aff8
:105e08003800b6af3400b5af3000b4af2c00b3af34
:105e18002400b1af2000b0af060040105800b28f88
:105e280001000224258080002588a0000500a21416
:105e38002598c0000180023c160003245a00001077
:105e4800848d43ac3c00028e4c00038e2b1843001b
:105e58002b006010010043243c0003ae0000499071
:105e680020000224f7ff2211f7ff22250500422c0b
:105e7800f4ff4014d5ff22254408027c0b0040148f
:105e880025a000003c00028e4c00038e2d00343902
:105e98000100942e2b1843001d00601023a014004d
:105ea800010043243c0003ae000049901c0020126e
:105eb8004c00038e100002248501221230000224b7
:105ec800029d023cb9ff42242110220100004290a9
:105ed8002b105100550040140a00022404006010e1
:105ee800252800003c00028effff42243c0002ae41
:105ef800aec5400f25200002cfff00100180023cf4
:105f08003296400f25200002d5ff0010254840009a
:105f18003296400f25200002e4ff0010254840007b
:105f280030000224e6ff22550a0011243c00028eac
:105f38002b1843002c006010010043243c0003aee2
:105f480000004990200022357800032435004314ce
:105f5800000000003c00028e4c00038e2b1843000a
:105f680025006010010043243c0003ae0000499066
:105f7800029d023cb9ff42242110220100004290f8
:105f88001000422c2b004054100011244c00028eab
:105f98004b014010253800001b0060123c00028ea7
:105fa800feff42243c0002ae2538000025f0000028
:105fb8004400bf8f2518c0032510e0004000be8fa5
:105fc8003c00b78f3800b68f3400b58f3000b48fdf
:105fd8002c00b38f2800b28f2400b18f2000b08f1f
:105fe8000800e0034800bd273296400f2520000234
:105ff800d4ff0010254840003296400f25200002ab
:10600800dbff001025484000ffff42243c0002aea1
:1060180025280000aec5400f25200002e3ff001030
:1060280025380000830020120a0002247a00221278
:106038009919153cffff2726029d133c24a8f1005f
:10604800f500a016b9ff7326170002240210227269
:10605800029d033cacff63244011427c21104300a5
:106068000000568021106902000057902b10f102a1
:10607800040040100008023c2b10a2026f0040549c
:106088003c00028e2530c002ffff0424ffff0524d8
:106098001c00a9af66c0400f1800b5af1800a78f45
:1060a8001c00a98f25f000001400a2af25a86000ed
:1060b80021106902000057902b10f1029e00401039
:1060c8002b10be029d004054029d133c0400d517be
:1060d8001400a28f2b10470098004054029d133cd7
:1060e8003c00028e4c00038e2b18430060006010a9
:1060f800010043243c0003ae000049902520e00045
:106108002528c0032530c00275c0400f1800a9af6c
:106118002538e20225f06000e5ff00101800a98f7d
:106128004c00038e2b1843003600601001004324f6
:106138003c0003ae000042900a0007240218677270
:1061480021386900d0fff32425484000d0ff2225dc
:106158000a00422c030040102b107502f0ff405437
:106168003c00028e9919153c2538600225f0000084
:106178009a99b536d0ff33250a00622e8700401061
:106188002b10d5036c004010ffffa2260600c21793
:106198000a0002249999023c9a9942342b10e20091
:1061a800650040100a0002241900470010b80000da
:1061b80012b0000002185e7021b87700ffff0324b8
:1061c8000400e316271013002b1056005b00405400
:1061d800029d133c3c00028e4c00038e2b1843009a
:1061e8001000601000000000010043243c0003aed2
:1061f80000004990213876022b40f600ddff0010a0
:1062080021f01701252000023296400f1400a9af93
:10621800c9ff00101400a98f25980000cbff0010bb
:106228009999b5363296400f25200002f1ff0010eb
:10623800254840007fff0010080011244c00038e01
:106248002b18430006006010010043243c0003aef5
:10625800000049900438d50282ff001025a8f700f5
:106268003296400f25200002faff00102548400012
:10627800252000023296400f1800a7af254840009d
:106288009eff00101800a78f4c00038e2b184300a8
:106298005d006010010043243c0003ae00004990fb
:1062a8000210357221a8560021106902000056908c
:1062b8002b10d102050040101c07023cc771422474
:1062c8002b10a202f0ff40543c00028e2538a00299
:1062d80025f0000021106902000055902b10b10232
:1062e800150040101900f100122000000900c01329
:1062f8001028000019003e02126000002110ac00b6
:106308002b104c001068000021104d000b00405469
:10631800029d133c0210d173ffff032425b08000b7
:1063280021b845003e00e316271015002b10440045
:106338003c0040503c00028e029d133cb9ff73267e
:1063480021483301000022912b10510014004050c5
:106358004c00028e3c00028e4c00038e2b1843002a
:106368003e006010010043243c0003ae0000429050
:1063780021106202000042902b105100f5ff4014da
:106388000180023c220003241000be8f848d43aca0
:1063980001004232253840020ba002004c00028e58
:1063a800050040101000a28f3c00028effff42241f
:1063b8003c0002ae1000a28f2b10c203390040141b
:1063c8001000a28f03005e142b10f2003600401458
:1063d800ffff022401004232250040141000a28f62
:1063e800220080160180023c22000324848d43ace5
:1063f8001000a28fffff47262b90f200ffff5124c9
:10640800ebfe001021f051023296400f25200002c9
:10641800a3ff001025484000a3ff001025a8000096
:106428003c00028e4c00038e2b18430007006010be
:10643800010043243c0003ae000049902138b60215
:106448002b40f600a3ff001021f017013296400ff1
:1064580025200002f9ff0010254840003296400f21
:1064680025200002c3ff0010211062021000a28f35
:106478002b105e00050040141000a28f0900c217ff
:106488002b10470208004010ffff02240180023c45
:1064980022000324848d43ac25384002c4fe00103a
:1064a8001000be8fffff0224c1fe821623401e008b
:1064b800233807002b100700bdfe001023f002014f
:1064c800bbfe601625f00000d2fe00102528000053
:1064d80096fe2211029d023c7bfe0010b9ff422469
:020000040000fa
:020000041d00dd
:1064e80068ffbd27a400a7af0000c0d41000a28c8d
:1064f8007800beaf1800a0f7000080441800a1d7ac
:106508000000e0446400b3af3c0820466000b2af2e
:106518005c00b1af5800b0af7c00bfaf7400b7af3c
:106528007000b6af6c00b5af6800b4af8800b6f7be
:106538008000b4f79800a4af2588a0000000b28cb2
:106548000400be8c0800b38c4000a2af08000145cf
:106558000c00b08c04004232390040140800543258
:106568000f00801225b060020a00001020000224eb
:106578001800a28f1c00a38f2000a2af0080023c4d
:10658800261043002400a2af2000a1d72d0002242a
:106598001800a1f7000002a2ffff762601001424cc
:1065a8001c00a28f1800a48f2118140200f0427c4e
:1065b800270080142800a3aff07f033c2500431474
:1065c800f07f053ca400a28fbfff51241a00312e92
:1065d8001d002012039d053c039d053c3c30a5246d
:1065e800aac6400f2800a48f9ac4400f2520000295
:1065f8009800a48f1000b2af253860022528000249
:106608007f83400f253040007c00bf8f7800be8f0d
:106618007400b78f7000b68f6c00b58f6800b48fa8
:106628006400b38f6000b28f5c00b18f5800b08fe8
:106638008800b6d78000b4d70800e0039800bd27cb
:10664800d4ff00102b000224e5ff00104030a524e1
:10665800f07f053c0100a3242b184300050060507f
:10666800a400a28f0c0045141800a1d70a008010be
:10667800a400a28fbfff51241a00312e040020521b
:10668800039d053c039d053cd5ff00104430a5241f
:10669800d3ff00104830a524039d053c039d023c10
:1066a800320920462c00a2afa822b4d41f0004450a
:1066b80025a80000a400a48f19ca400f2000a5af88
:1066c8002014027c2000a58f3401c0076700042431
:1066d8002900441425b840000100c05301001e24bd
:1066e800fcffa42a030080142a20be02250180147e
:1066f800000000002a000010650017240605204647
:106708000100b52602a022461800a1d73c0a20465f
:10671800faff08452c00a38f039d043c25100000b8
:10672800b82280d40f000010b02262d4f5ff001008
:10673800b02242d4d4fea42a0800805003a52246e1
:10674800050040141800a1d702a520460100022424
:10675800420820461800a1f703a52246ffffb526e8
:106768001800a1d73c0b3446f2ff0d45a400a48fb6
:10677800d1ff001000000000660004240800e416a1
:106788000100de270300a10667000424a822b4d470
:1067980025a80000020044106600172421f0d50344
:1067a8001800a0d786a52046252800002000a0f7bd
:1067b8002000a0d74c00a5af4800a2af5f96400fbd
:1067c800030336462000a28f0080073c4d00204678
:1067d8003000a2af2400a28f4400a1e786b3204670
:1067e8002610e2003400a2af3000a1d706032046ed
:1067f800ed1a400f1000a1f700006d440080073c1f
:106808002610ed002400a2af2c00a28f4c00a58f0b
:1068180000000c44b02240d40100a5242000acaff5
:1068280083b52046e2ffc5174800a28f039d043cac
:10683800c0228ed42000a0d782b32e463c042e4618
:106848005e00114532052e46050014454400a38f0d
:10685800000080440000e0440100643092032446b4
:106868002c00a38f1800a0d7b02276d400002e46a3
:1068780082a53646000004443eb62046520018451c
:1068880000006544660007245000e7160100b5269d
:106898000100de272548a00223183e011800a3aff7
:1068a80025f0800225600000257800001800a38fdd
:1068b800060069102568c00310002a8efbff4a25d0
:1068c8002b50ca0346004055000084440600e015da
:1068d800100042320400401021680d022e000224ec
:1068e8000100de270000a2a121201e02650002246b
:1068f8002200e216000080a00300a106252800005f
:1069080023a81500010005244000a28ffeffcc2615
:106918000a000b24ffff422421480202000020a1a4
:10692800020009248600a016213089018400201d58
:106938002b0003242d0009240b18250125286000ad
:1069480021180202ffff65a0a400a38ffeff4224c6
:1069580021280202bfff71241a00312e45000324aa
:106968000bb871002a38c2030000b7a00300e0107a
:10697800feffd624aac6400f0000000003004232e2
:106988000200032418ff43140000000016ffc01a79
:10699800000000009ac4400f252000022a18540065
:1069a800710060102530c0022800a48fa0c6400fd7
:1069b800300005240cff001025980000007080446a
:1069c800a7ff00100070e04486a520466500e93a5c
:1069d8002518a0020a180900afff0010254860001a
:1069e8005000a2af0000e5444c00acaf03033646ac
:1069f8004800afaf4400a9af3000adaf2000a4af4e
:106a08005f96400f2400a5af4d00204600080a44b9
:106a180009000e240a0058290a50d80110004e32e5
:106a28002570ca012000a48f2400a58f3000ad8fe7
:106a38004400a98f4800af8f4c00ac8f0b00c015e5
:106a48005000a28f67000e2408004e1400000000ba
:106a58001d00200501008e252568c00321c01e02e7
:106a6800257080010f00001030001924fbffe0554d
:106a78002568c003f9ff23052568c00321680d02b6
:106a88002e000e240100de27ffffd6260000aea14f
:106a9800f1ff001001000f24000019a3ffffce250d
:106aa80001001827fcffc015ffffc62621680d024c
:106ab8000100c7272168ac0130004a2523b0cc006b
:106ac80021f0ec000000aaa100800a3c4c00a2af13
:106ad800261045013800a4af3c00a2af3800a1d76a
:106ae80086b32046060320461000a1f74800aeaf43
:106af8004400afaf3000a9af2000a4afed1a400f9b
:106b08002400a5af2c00a28f00000c4400006d44a7
:106b18003000a98fb02240d44800ae8f00800a3cd4
:106b28002520800126284d0183b52046ffff292511
:106b38002560c0014c00a28f5cff00104400af8f9d
:106b48001a00ab02f4016001ffff42242130020267
:106b5800ffff29251050000030004a250000caa078
:106b680070ff001012a800002118020200006480c3
:106b78002118c20221180302000064a087ff001038
:106b8800ffff422403ffa10667000424fafe001059
:106b980066001724d2fe001006001e24d0fe441002
:0c6ba80006001e24f4fe001025b840007a
:020000040000fa
:020000041d00dd
:106bb40068ffbd2700600644006067443000a427d6
:106bc4009800acf78400bfaf6000b0af8800b4f7a2
:106bd400a000aef7a800b4d78000beaf7c00b7af6a
:106be4007800b6af7400b5af7000b4af6c00b3af4b
:106bf4006800b2afe3a3400f6400b1afa000aed70a
:106c04002000a42700700644e3a3400f00706744eb
:106c140000a0064400a06744e3a3400f1000a4278b
:106c24003800b08fa000aed7cb03022a0500401075
:106c34009800acd72800a68fcb03c22803004014c9
:106c44001800a28f0600001021658e4ecb03432846
:106c540011006014cb0303240100435421658e4ebc
:106c64008400bf8f06a020468000be8f7c00b78fb3
:106c74007800b68f7400b58f7000b48f6c00b38f3a
:106c84006800b28f6400b18f6000b08f8800b4d701
:106c94000800e0039800bd273000a88f2000aa8fc9
:106ca4002400a48f3400ac8f19000a01218006024d
:106cb40023905000127000004000aeaf4000b78f28
:106cc400107800004400afaf4400a38f1900040102
:106cd400124000001048000019008a011250000000
:106ce40021b00a012b28c8021058000021502b01a2
:106cf4002128aa00190084012158c3022b20630112
:106d040012600000212885012120a40010680000e1
:106d14002b50ac0021504d012b1885002588800094
:106d2400a500401a21506a004000432a1000a98f90
:106d34006d0060101400a88f252020012528000173
:106d4400253040025400aaaf5000abafa000aef70c
:106d54009800acf74c00a9af75c0400f4800a8af2d
:106d64004c00a98f4800a88f40000624252020014c
:106d7400252800012330d2002598400066c0400f2a
:106d84004000a3af4000a78f9800acd7a000aed7b7
:106d94005000ab8f5400aa8f254840002540600066
:106da4002c00a28f3c00b28f269042021c00a28fbe
:106db400ac00521421f077022b18d30321b0eb005e
:106dc40021b076002b10c7020700401401000524ef
:106dd4000500f654252800002b98d3030300601601
:106de40021a031012528000021a031012b108902a6
:106df40021180a0121a0b400211843002b28850280
:106e040021a8a30025208002c5ad400f2528a0029b
:106e1400ffff5124400006242330d1002520c00365
:106e240066c0400f2528c00225302002252080029c
:106e34002528a00225b8400075c0400f25986000a1
:106e4400253020022520c0032528c00225b8e202ef
:106e540075c0400f25986302251043002b100200d3
:106e6400400010262510e2022520400006004012b2
:106e740025286002233002002b1806002338130053
:106e84002520c0002328e30000008444233011029d
:106e94000000e544c4fbc328ce0060102103a046d3
:106ea400c3fb0324cf00c354802d1300ac00401255
:106eb400039d033cd02262d432102c46ab00004523
:106ec400401d0200039d023cd82240d4039d023c95
:106ed400e02254d402632046206320462163004606
:106ee4005fff001002653446c0ff5226c0ff5024e5
:106ef40025980000aaff4012253800004000422acd
:106f0400500040105800aaaf4000a48f4000152440
:106f140023a8b202252860012530a0025400a7af9f
:106f24005000a8af4c00a9afa000aef79800acf792
:106f340075c0400f4800abaf4800ab8f4000a48f32
:106f4400253040022528600166c0400f25b8430063
:106f54005800aa8f252020022530a00225284001b0
:106f64002bb8170025b0600025b8e20275c0400fa9
:106f74004800aaaf4800aa8f2558c3022520200242
:106f840025284001253040024000abaf66c0400fc9
:106f940025b8e20225884000255060004000ab8ff0
:106fa4009800acd7a000aed74c00a98f5000a88f92
:106fb4007bff00105400a78f2390020205004016a7
:106fc4001000b38f1400a78f2548000074ff001031
:106fd400254000004000422a1f0040101000b48fda
:106fe4001400b58f400006242330d20025208002ef
:106ff4002528a0024800aaaf4000abafa000aef71e
:1070040075c0400f9800acf72510430025304002ae
:10701400252080022528a00266c0400f2b9802007c
:1070240025986202253860002548000025400000ac
:107034009800acd7a000aed74000ab8f58ff00102b
:107044004800aa8f01001724255800002588000055
:1070540053ff00102550000001001324daff001034
:107064002538000023f0f3022b18fe0223b0670139
:1070740023b0c3022b10760101000524060040143e
:10708400253000000400cb562528000003006014be
:107094002360290225280000236029022ba82c0242
:1070a400231848012318750023a085012b6094013f
:1070b4002318660023a86c001200a10623203101c6
:1070c40023f077022b987e0223b0eb0023b0d30287
:1070d4002b10240123180a0125a0d60321a885001a
:1070e400231862002ba014002b20a4022118660090
:1070f40023a0b402211883002ba8b40223a875008e
:107104000100522e251095023eff40142510d6038f
:10711400d3fe405021658e4e2520c003c5ad400fdf
:107124002528c002ffff512407002106c01f1600b6
:1071340042101e00251062000100de3325105e009f
:1071440049ff001042981600253020022520c00374
:1071540075c0400f2528c00243ff00102598600029
:10716400039d033c54ff0010c82262d41900601030
:10717400c01f130042200200252064000100423099
:1071840042981300254082000040023c0600401251
:1071940025485300231008002b180200232009005f
:1071a400254040002348830000008844039d023c9e
:1071b4000000e944e0224cd42100a046000020460f
:1071c4000100224602032c468100204602632c461d
:1071d4002163024c06a4400f00000000a0fe001032
:1071e4000605204680250200821202002b2004009e
:1071f4002510a20025108200823d02000448137c61
:107204002528f30006004012802202002310040007
:107214002b18020023380500252040002328e30012
:10722400000084440000e544eaff00102103a04666
:020000040000fa
:020000041d00dd
:10723400d0ffbd272c00bfaf2800b5af2400b4afea
:107244002000b3af1c00b2af1800b1af0f0005248b
:1072540032a8400f0c0004240300423060004010a8
:107264002c00bf8f45cc400f00000000590040188f
:107274002598400025900000009d143cecc5400f6b
:1072840025204002500040102588400042004294ce
:10729400400042304c0040107c80958f1dcb400f45
:1072a400252020024018020021186200c0180300a3
:1072b400231862008018030021a8a3025800a39297
:1072c4000100623041004050010052265600a2964f
:1072d400feff4224ffff42300700422c14004010fe
:1072e40020006330130060505600a2962000a28e46
:1072f400100040505600a296a2cc400f000000009f
:107304002000a38e231043005000a3962b104300ab
:1073140007004014010006240100052436a6400f8e
:10732400252020025800a2924429027c5800a2a2df
:107334005600a2960e00422c240040500100522612
:107344005600a296801802005c7382260a10437cc1
:107354000800400000000000cc73009d9473009d61
:107364001c74009d7874009df474009d4c75009d00
:10737400a475009d0076009d3076009d4476009da6
:107384006876009dec76009d5477009dd877009d2b
:10739400f6c5400f252020020b00401002000324f4
:1073a4005400a2961500431403000324040002248d
:1073b4005600a2a64800a48e040080500100522664
:1073c4009994400f0100052401005226abff721668
:1073d4000000000044be400f708084872c00bf8fe3
:1073e4002800b58f2400b48f2000b38f1c00b28f07
:1073f4001800b18f0800e0033000bd2703004314d8
:107404000a000224ebff00105600a2a60200022488
:10741400e8ff00105600a2a625280000f87c400fc3
:107424002520a0025900a0a25800a2924408027c80
:107434008410027c5800a2a22800a0ae03000724f6
:1074440001000624252820027045400f2520a002b3
:10745400ddff40100100052434a3400f2520200245
:107464007cae400f2520a00203000224d6ff0010aa
:107474005600a2a625282002a275400f2520a002ae
:107484000a0003241100431400000000f4bb400f61
:10749400000000000400a38e231043000000a38e0c
:1074a4002b104300c8ff40140100062402000524e9
:1074b400989e400f2520a0020700052434a3400f06
:1074c40025202002c1ff001001005226beff4010fb
:1074d400010004245800a392c418837c5800a3a27a
:1074e40002000324b8ff4314040002245600a2a699
:1074f4005400a2960200423801000724030003242a
:107504000b38620003000624252820027045400f32
:107514002520a002adff401001005226a2cc400f4e
:10752400000000000800a2ae0200052434a3400fae
:10753400252020027cae400f2520a0020500022455
:10754400a2ff00105600a2a625282002a275400f13
:107554002520a0020a0003249cff43540100522664
:10756400f4bb400f000000000400a38e231043006e
:107574000000a38e2b10430093ff40140100062447
:1075840002000524989e400f2520a0020700052430
:1075940034a3400f252020028cff00100100522646
:1075a4002c00a28e1000a2af253000001000a527e9
:1075b4001f7f400f25202002a60040141000a5279d
:1075c400a4cc400f000000000400a38e231043004d
:1075d4005200a3962b1043007bff40142528200261
:1075e400ea72400f2520a0021000a527f092400f58
:1075f4002520200275ff001001005226a2cc400f66
:10760400000000000400a38e231043000a00422c53
:107614006dff40142530000002000524989e400fa1
:107624002520a00269ff001001005226252820020f
:10763400ea72400f2520a00264ff001001005226c8
:10764400a2cc400f000000000800a38e23104300ca
:107654001000a38e2b1043005bff40140a00022489
:107664005600a2a625380000090006242528200279
:107674007045400f2520a00254ff401001005226ff
:10768400a2cc400f000000000c00a2ae09000524ab
:1076940034a3400f252020025800a2928410027cbb
:1076a4005800a2a21400a28e0800a38e2110430049
:1076b4001000a38e231043000c00a38e231043005c
:1076c400421002003c00432c3c0004240b108300b5
:1076d400a2cc400f1c00a2ae0400a2ae0b000224f8
:1076e4003aff00105600a2a625282002a275400fda
:1076f4002520a0020a00032434ff4354010052262b
:10770400a2cc400f000000000800a38e2310430009
:107714001400a38e2b104300030040140c00022419
:1077240029ff00105600a2a6a2cc400f00000000c2
:107734000400a38e231043001c00a38e2b104300cf
:1077440021ff40140a0002241fff00105600a2a6c5
:107754000100072409000624252820027045400f53
:107764002520a00219ff401001005226a2cc400f90
:10777400000000000c00a2ae0a00052434a3400f50
:10778400252020025800a2928410027c5800a2a254
:107794001800a28e0800a38e211043001400a38eab
:1077a400231043000c00a38e231043004210020058
:1077b4003c00432c3c0004240b108300a2cc400f5b
:1077c4001c00a2ae0400a2ae0d000224fffe0010b5
:1077d4005600a2a625282002a275400f2520a0024b
:1077e4000a000324f9fe435401005226a2cc400fa0
:1077f400000000000800a38e231043001800a38e8d
:107804002b10430009004014253000000200052419
:10781400989e400f2520a0020700052434a3400fa2
:1078240025202002e9fe001001005226a2cc400fc0
:10783400000000000400a38e231043001c00a38e4c
:107844002b104300e0fe40140c000224defe001066
:107854005600a2a6f092400f252020020300072420
:1078640004000624252820027045400f2520a0028c
:1078740007000224a2cc400f5600a2a60400a2ae28
:107884000500052434a3400f25202002cffe00105c
:047894000100522677
:020000040000fa
:020000041d00dd
:10789800d8ffbd272400bfaf2000b3af1c00b2af94
:1078a8001800b1af1400b0af030002240e00a210fc
:1078b8000400918c0000828c0000428c019d053ce4
:1078c8007cfda52409f84000252020022400bf8f54
:1078d8002000b38f1c00b28f1800b18f1400b08f36
:1078e8000800e0032800bd27258080000400d38c11
:1078f8000800d28c019d053ca8fda52498c5400f21
:107908002520600238004014019d053cacfda524eb
:1079180098c5400f252040020b00401486bf023c4a
:1079280080000324340843ac0000028e0000428c1f
:10793800019d053cb0fda52409f840002520200242
:10794800e3ff00102400bf8f019d053cc4fda52462
:1079580098c5400f252040020b00401486bf023c0a
:1079680080000324380843ac0000028e0000428cdb
:10797800019d053cc8fda52409f8400025202002ea
:10798800d3ff00102400bf8f019d053cdcfda5241a
:1079980098c5400f252040020b00401486bf023cca
:1079a800800003243c0843ac0000028e0000428c97
:1079b800019d053ce4fda52409f84000252020028e
:1079c800c3ff00102400bf8f0000028e0000428c0d
:1079d800019d053cf4fda52409f84000252020025e
:1079e800bbff00102400bf8f019d053c28fea52485
:1079f80098c5400f2520600238004014019d053cc1
:107a0800acfda52498c5400f252040020b0040146a
:107a180086bf023c80000324340943ac0000028e78
:107a28000000428c019d053c2cfea52409f840006d
:107a380025202002a6ff00102400bf8f019d053cd1
:107a4800c4fda52498c5400f252040020b00401412
:107a580086bf023c80000324380943ac0000028e34
:107a68000000428c019d053c40fea52409f8400019
:107a78002520200296ff00102400bf8f019d053ca1
:107a8800dcfda52498c5400f252040020b004014ba
:107a980086bf023c800003243c0943ac0000028ef0
:107aa8000000428c019d053c54fea52409f84000c5
:107ab8002520200286ff00102400bf8f0000028ec0
:107ac8000000428c019d053c64fea52409f8400095
:107ad800252020027eff00102400bf8f019d053c59
:107ae80098fea52498c5400f252060023800401450
:107af800019d053cacfda52498c5400f25204002fa
:107b08000b00401486bf023c08000324340843ac31
:107b18000000028e0000428c019d053c9cfea524bd
:107b280009f840002520200269ff00102400bf8fbb
:107b3800019d053cc4fda52498c5400f25204002a1
:107b48000b00401486bf023c08000324380843aced
:107b58000000028e0000428c019d053cb0fea52469
:107b680009f840002520200259ff00102400bf8f8b
:107b7800019d053cdcfda52498c5400f2520400249
:107b88000b00401486bf023c080003243c0843aca9
:107b98000000028e0000428c019d053cc4fea52415
:107ba80009f840002520200249ff00102400bf8f5b
:107bb8000000028e0000428c019d053cd4fea524e5
:107bc80009f840002520200241ff00102400bf8f43
:107bd800019d053c08ffa52498c5400f252060029b
:107be80038004014019d053cacfda52498c5400f04
:107bf800252040020b00401486bf023c800003246d
:107c0800340143ac0000028e0000428c019d053c0b
:107c18000cffa52409f84000252020022cff0010a5
:107c28002400bf8f019d053cc4fda52498c5400fc5
:107c3800252040020b00401486bf023c800003242c
:107c4800380143ac0000028e0000428c019d053cc7
:107c580024ffa52409f84000252020021cff00105d
:107c68002400bf8f019d053cdcfda52498c5400f6d
:107c7800252040020b00401486bf023c80000324ec
:107c88003c0143ac0000028e0000428c019d053c83
:107c98003cffa52409f84000252020020cff001015
:107ca8002400bf8f0000028e0000428c019d053c1d
:107cb80050ffa52409f840002520200204ff0010e9
:107cc8002400bf8f019d053c88ffa52498c5400f5f
:107cd8002520600238004014019d053cacfda52418
:107ce80098c5400f252040020b00401486bf023c77
:107cf80000010324340143ac0000028e0000428cd2
:107d0800019d053c8cffa52409f840002520200290
:107d1800effe00102400bf8f019d053cc4fda52483
:107d280098c5400f252040020b00401486bf023c36
:107d380000010324380143ac0000028e0000428c8d
:107d4800019d053ca4ffa52409f840002520200238
:107d5800dffe00102400bf8f019d053cdcfda5243b
:107d680098c5400f252040020b00401486bf023cf6
:107d7800000103243c0143ac0000028e0000428c49
:107d8800019d053cbcffa52409f8400025202002e0
:107d9800cffe00102400bf8f0000028e0000428c2e
:107da800019d053cd4ffa52409f8400025202002a8
:107db800c7fe00102400bf8f019d053c0c00a524c0
:107dc80098c5400f2520600238004014019d053ced
:107dd800acfda52498c5400f252040020b00401497
:107de80086bf023c00020324340143ac0000028e2b
:107df8000000428c019d053c1000a52409f84000b4
:107e080025202002b2fe00102400bf8f019d053cf2
:107e1800c4fda52498c5400f252040020b0040143e
:107e280086bf023c00020324380143ac0000028ee6
:107e38000000428c019d053c2800a52409f840005b
:107e480025202002a2fe00102400bf8f019d053cc2
:107e5800dcfda52498c5400f252040020b004014e6
:107e680086bf023c000203243c0143ac0000028ea2
:107e78000000428c019d053c4000a52409f8400003
:107e88002520200292fe00102400bf8f0000028ee1
:107e98000000428c019d053c5400a52409f84000cf
:107ea800252020028afe00102400bf8f0000028ec9
:107eb8000000428c019d053c8c00a52409f8400077
:0c7ec8002520200282fe00102400bf8f45
:020000040000fa
:020000041d00dd
:107ed40028fdbd27d402bfafd002beafcc02b7afde
:107ee400c802b6afc402b5afc002b4afbc02b3aff0
:107ef400b802b2afb402b1afb002b0af25a08000f7
:107f0400000206242800a5276c5c400f240084840a
:107f1400258040002800a2272000a2af1c00a2afa9
:107f2400211050002400a2af1000a0af1400a0af95
:107f34001800a0af0c0006241000a52732a5400f9e
:107f44001c00a4275900401025984000294b400fdd
:107f54001000a4971000a2a7294b400f1200a49769
:107f64001200a2a7294b400f1a00a4971a00a2a737
:107f7400294b400f1600a4971600a2a7294b400fc7
:107f84001800a4971800a2a7294b400f1400a49727
:107f94001400a2a71000a2272802a2af2800a2273b
:107fa4002c02a2af1c00a2273002a2af3402b0a759
:107fb4003802a0af1200a2930300423039004014eb
:107fc4002588000001001e2445003e120200222ada
:107fd4002b004050020002242f0020122802a28ffe
:107fe400310020520100733a3c02a0af0100312657
:107ff40004000224f4ff22163802a28f2a00405003
:108004000100733a2400438c0478037c26006050fa
:108014000100733a000043940442037c80006334fb
:10802400000043a42a0040a02600439002006010f0
:10803400010003242a0043a0270043900500605058
:108044001800438c2a004390020063342a0043a0a2
:108054001800438c02006014b0040324180043acdd
:108064001c00838e080043ac0c0043ac26008296af
:10807400ffff4224260082a60a0000102598000073
:108084004500221203000224d5ff22162802a28fe3
:10809400150000100a005694040056941500c056aa
:1080a400a802a0af0100733aff00733225106002ea
:1080b400d402bf8fd002be8fcc02b78fc802b68f56
:1080c400c402b58fc002b48fbc02b38fb802b28fa2
:1080d400b402b18fb002b08f0800e003d802bd270c
:1080e4002802a28f06005694c0ffc0523c02a0afe3
:1080f400a802a0af4002a0a33002a28fa002a2afa8
:10810400a402a2af4002b02725a800009e02a0a3ab
:108114002530c0039e02a52732a5400fa402a48fd8
:10812400e0ff40109e02b293d4004012c0004232dd
:10813400c00003241b00431425b840029402a0a3ea
:108144002530c0039402a52732a5400fa402a48fb2
:10815400d4ff401000921200003f52329402a693c2
:108164002c02a28f3402a3978802a2af8402a2af8a
:10817400211043008c02a2af2130460225280000c2
:1081840032a5400f8402a427c6ff40108402a22710
:10819400deff0010a402a2af2802a28fd2ff0010bb
:1081a40008005694240000128002a22723105000d5
:1081b4002a1852001100601023904202100040144b
:1081c40025b840000b00405221905702ac02b7afd3
:1081d40025b840022530e0022528000032a5400fd2
:1081e400a402a48fafff40102590e002ac02b78f29
:1081f40021905702c5ff001021a8b202259000006b
:108204002530e0022528000232a5400fa402a48fe5
:10821400a4ff4010218017028002a2272b10020223
:10822400e8ff40102e000224000002a20100b5263f
:10823400e4ff001001001026e6ff0010ac02a0af1e
:10824400970000104002b02797ff50540100733a82
:108254007d000010000000009402a0af9802a0afbf
:108264009c02a0a70a0006249402a52732a5400f69
:10827400a002a48f8cff40500100733a294b400f99
:108284009602a4979602a2a7294b400f9c02a4979a
:108294009c02a2a7264b400f9802a48f9802a2af7b
:1082a400294b400f9402a4973c0000169402a2a705
:1082b4009c02a6972528000032a5400fa002a48f97
:1082c40078ff4010a802a28f680000100100422429
:1082d4001c000324f6ff43149c02a39710000224fd
:1082e400f4ff62149c02a6972a0002920200423014
:1082f400f1ff4010252800002700029222008396f7
:108304002b104300eaff4010100006248402a0afa3
:108314008802a0af8c02a0af9002a0af8402a52770
:1083240032a5400fa002a48f5eff40108402a68fe6
:1083340027000292001902001400028e211043004b
:108344008802a58f8c02a48f9002a38f030046a8f5
:10835400000046b8070045a8040045b80b0044a82f
:10836400080044b80f0043a80c0043b89802a28f39
:108374001800038e2b20430004008054180002ae22
:108384000300605427000292180002ae27000292f4
:108394000100422433000010270002a29602a39792
:1083a400c4ff7e149c02a697c9ff5e149c02a39787
:1083b40004000224c0ff6214252800002600029253
:1083c400200083962b104300b9ff401004000624bc
:1083d4008402a0af8402a52732a5400fa002a48f77
:1083e40031ff40500100733a260003921000028ec0
:1083f40080180300211043008402a38f000043acc3
:108404009802a28f1800038e2b204300040080548e
:10841400180002ae0300605426000292180002ae57
:1084240026000292010042240e000010260002a23f
:10843400800042301bff40143802a28f82ff401498
:10844400000000003802b0af83ff201604000624a9
:108454002528000032a5400fa002a48f12ff40502f
:108464000100733aa802a28f0100422421ff56148e
:10847400a802a2afddfe00103c02a0af090000126a
:108484004002a2276eff02122e000224ffff038285
:1084940004006254000000a2ffff1026ffffb5266f
:1084a400000000a2fffea01a2802a28f000052942e
:1084b4004002a527ac8a400f0000848e04004010bf
:1084c4002580400024004294d9ff525000000296b7
:1084d4003802b08fdcff001200000000000002969a
:1084e40080004230f0fe40540100733ad6ff001081
:0484f4000000000084
:020000040000fa
:020000041d00dd
:1084f8002518e0000400c78c0000c68c70ffbd275b
:108508008000baf70000864400d080440000e744a9
:1085180000d0e0441000a28c3c003a464c00b3afb7
:108528004800b2af4400b1af4000b0af6400bfaf85
:108538006000beaf5c00b7af5800b6af5400b5af2f
:108548005000b4af7800b8f77000b6f76800b4f719
:108558009000a4af0000b28c0400b18c0800b38c6a
:108568002000a2af080001450c00b08c0400423284
:1085780037004014080057320d00e01225f0600261
:1085880008000010200002240080023c261047004a
:108598001c00a2af1800a6af1800a68f1c00a78f5a
:1085a8002d000224000002a2ffff7e2601001724ee
:1085b800bfff65242548c00000f0e27c2800c014f5
:1085c8001a00a52cf07f033c26004314f07f0a3cd8
:1085d800212017022000a010039d113c039d053c9b
:1085e8002c30a524aac6400f0000000030302426f5
:1085f8009ac4400f000000009000a48f1000b2af92
:1086080025386002252800027f83400f253040006e
:108618006400bf8f6000be8f5c00b78f5800b68fb4
:108628005400b58f5000b48f4c00b38f4800b28f00
:108638004400b18f4000b08f8000bad77800b8d717
:108648007000b6d76800b4d70800e0039000bd27d3
:10865800d4ff00102b000224e2ff00103030252642
:10866800f07f0a3c010043252b18430005006010e9
:10867800212017020d004a54000086440b002051a7
:10868800000086440700a010039d113c039d053c93
:108698003430a524aac6400f00000000d4ff001003
:1086a80038302426fbff00103830252630000224fd
:1086b8000000e744000082a032013a465800032433
:1086c80078000224039d093c0b10650025a80000d2
:1086d800a9000445c01b34d500c086440000342ad4
:1086e800180009240a48340286a5204600c0e74439
:1086f800010082a0010034252510000003c336467e
:108708003000a5af2400a2af1800a6af1c00a7af89
:108718005f96400f039d163c820036462400a28fc8
:108728002800b6af1800a68f010042241c00a78fae
:108738003000a58f01c62246d81bc2d604002106e8
:1087480082b5224632c53a4603001545039d043cce
:10875800eaff8216039d043ce01b82d482b02246c5
:108768003cc62246a000194532c7224608001e45cd
:10877800000086440d0020460000044400008044a8
:10878800010084300000e044920024460000864442
:108798000200f7260000e744000022461800a0f770
:1087a8001c00a38f1800a48f0400801400f0667cbe
:1087b800f07f043c87ffc410212017022310020019
:1087c800feffc6272400a2af25f0e0022510000016
:1087d80025a0000025b000002000a38ffbff642423
:1087e8002b20c4031c0080102538c0031800a0d714
:1087f8003c00a5af3800a6af030334462c00a2af57
:108808005f96400f3000a7af4d0020460008044493
:108818003000a78f2c00a28f3800a68f7500801417
:108828003c00a58f7c00c0522ba0140001004224fc
:10883800020034461800a1d72800a38fffffd626d0
:10884800010820461800a0f7d81b60d42400a38f85
:10885800e1ff761402a520461400801621201e028e
:10886800a600405010004232a300201a01004732ef
:10887800a100e0142e000724000087a021385e0024
:108888002138070230000924010089a0010084244e
:10889800feff8754010089a021f05e002710020026
:1088a8000100de272130460021201e02000080a0a2
:1088b8000300a1062510000023a8150001000224ca
:1088c8002000a38fffffc62401000b24ffff7124a3
:1088d800213811020000e0a00a000a240100072440
:1088e8007400a01621a0c7007200eb102b0003240f
:1088f8002d0006240b18c200251060002118110253
:10890800ffff62a0feff31265000072470000224fa
:108918000a384500212811022a88d10303002012b1
:108928000000a7a0aac6400f0000000003004232c2
:10893800020003240c004314feff91262cff201a8a
:10894800252000029ac4400f252000022a1857004b
:10895800620060102530200230000524a0c6400fb8
:10896800212017022598000021ff00102520000271
:10897800060520460100b52600a0344600088644b6
:108988000008e7443c0a2046f9ff0845039d093cd6
:10899800c81b20d5039d093cd01b22d506012046c3
:1089a800000886440008e7443c0c34464bff124557
:1089b80000c0864482a1204632333a4608000e455c
:1089c80002a524460008864402a522460008e7447a
:1089d80042082246000806440008674402a52446c7
:1089e800efff0010ffffb5260010804467ff00105e
:1089f8000010e044090080162558c0030700c01283
:108a08002e000924213807020100de27ffffc624b3
:108a18000000e9a0010014242558c00321601e02ab
:108a2800253840000300001030000d24ffffe72424
:108a380001008c25fdffe05400008da121584b005a
:108a4800ffffc6240100de270a0087282330c20062
:108a580021f0c20321580b020200e01057008224c3
:108a6800300082241100a050000062a12000473489
:108a78009fffe7241a00e72c0c00e050000062a1d9
:108a8800252040003c00a5af3800abaf2c00a6afb6
:108a980020ca400f3000a0f73c00a58f3800ab8fec
:108aa8002c00a68f3000a0d7000062a160ff001044
:108ab800251000001a00aa02f4014001ffff312628
:108ac80021601102ffffe72410480000300029252b
:108ad800000089a182ff001012a8000021180202dc
:108ae800000064802118820221180302feff64a09e
:108af80096ff0010ffff4224100042326bff4050e7
:108b080021201e022e0002240100de2766ff00102d
:048b1800000082a037
:020000040000fa
:020000041d00dd
:108b1c00b0ffbd274c00bfaf4800b2af4400b1afaf
:108b2c004000b0af0f00052432a8400f15000424fc
:108b3c00240040105c81908f0800022e2100401010
:108b4c0080101000019d033c648b63240a10627c2e
:108b5c000800400000000000848b009de88b009d05
:108b6c00a48c009df48c009d9c8d009d748e009daa
:108b7c00ac90009dd490009d70bd400f0000000093
:108b8c006c81838f0210627070bd400f6c8182af5c
:108b9c006881838f0210627070bd400f688182af54
:108bac006481838f0210627070bd400f648182af4c
:108bbc006081838f02106270608182af0100022499
:108bcc005c8182af4c00bf8f4800b28f4400b18fe4
:108bdc004000b08f0800e0035000bd2758818293fd
:108bec00f8ff40140180023c208c4280f6ff4010bc
:108bfc004c00bf8f45ac400f25200000f2ff401009
:108c0c004c00bf8f4200439400106330efff6014a0
:108c1c004800b28feac7400f25204000e9ff401002
:108c2c005481838f01000224090062140180053ce9
:108c3c003c8da5240180043cae56400f208c84242e
:108c4c000300401003000224deff00105c8182afa1
:108c5c005481828f020042381c0005240b2802022a
:108c6c000180043c94c9400f208c842407004104eb
:108c7c0001000724ffff0624f5ff0524deb4400f96
:108c8c0006000424d0ff00104c00bf8f0200022409
:108c9c00ccff00105c8182af5481868f0180053c33
:108cac003c8da5240180043cfdbf400f208c842406
:108cbc0001000324c4ff43104c00bf8f0700410484
:108ccc0001000724ffff0624f5ff0524deb4400f46
:108cdc0006000424bcff00104c00bf8f03000224cc
:108cec00b8ff00105c8182af7c81848ff6c5400f89
:108cfc00808184af050040148081828f45ac400f89
:108d0c0001000424808182af8081828f070040148f
:108d1c0025380000feff0624f4ff0524deb4400fc6
:108d2c0006000424a8ff00104c00bf8f010005248e
:108d3c00fe83400f1e8084870180073c3c8de72416
:108d4c007b0006245481858f7274400f1e808487ab
:108d5c00e70040108081858f0a9f400f1e8084871a
:108d6c00258040002530000002000524e82e400f2d
:108d7c001e808487f4bb400f00000000df0000124f
:108d8c00708182af040002248eff00105c8182afe0
:108d9c00300005247fc9400f1e8084870f0040548b
:108dac001000a0aff4bb400f000000007081908f4a
:108dbc0070bd400f238050002b10500081ff4010dd
:108dcc0025380000fdff0624fcff0524deb4400f0f
:108ddc00030004247cff00104c00bf8f1400a0afd4
:108dec001800a0af1c00a0af2000a0af2400a0afc3
:108dfc002800a0af2c00a0af3000a0af3400a0af73
:108e0c003800a0af3c00a0af2000022403000324d4
:108e1c000410627c1000a2a3aa83043c264b400fd2
:108e2c00807e84242800a2af0200062407000524bb
:108e3c00e82e400f1e808487300006241000a527e2
:108e4c004198400f1e808487f340400f1e8084871a
:108e5c00f4bb400f00000000708182af05000224bb
:108e6c0058ff00105c8182af9cb4400f1e80848739
:108e7c00080040142580400025380000fdff062422
:108e8c00f3ff0524deb4400f060004244eff00104f
:108e9c004c00bf8f69b2400f1e80848709004014bc
:108eac0006000224f4bb400f000000007081838f89
:108ebc00231043006c81838f2b10620041ff401004
:108ecc00060002245c8182af25880000f9ff122481
:108edc0069b2400f1e8084870a00401430000624bb
:108eec0064002016faff0224f4bb400f508182afbd
:108efc002528400032c6400ffcff04245e00001001
:108f0c00253000001000a5276c5c400f1e80848764
:108f1c0030000324050043141000a29338004430a1
:108f2c0020000324080083103800a48ff4bb400fea
:108f3c00508192af2528400032c6400ffbff04241d
:108f4c00e3ff0010258800023c00a38f2518830046
:108f5c00090060141100a393f8ff0224f4bb400f26
:108f6c00508182af2528400032c6400ffaff0424fe
:108f7c00d7ff001025880002090060140f00632c35
:108f8c00f6ff0224f4bb400f508182af252840002d
:108f9c0032c6400f25204002cdff0010258800026c
:108fac0004006010c0004230c000032409004314c8
:108fbc0000000000f7ff0224f4bb400f508182af89
:108fcc002528400032c6400ff8ff0424c0ff0010d3
:108fdc0025880002264b400f0180113c008c302666
:108fec00040002ae264b400f3c00a48f06bc400f81
:108ffc00008c22ae080002ae0c0003ae0400028e00
:10900c00557c033c8081633421104300100002ae78
:10901c00008c248ec2160400402904002318a400de
:10902c002b28a30023104500822f03008010020080
:10903c002510a20080180300212064002b18830047
:10904c002110620042270400c0100200251082008b
:10905c00140002ae1800028e01004224180002ae69
:10906c002528000232c6400f010004240700022408
:10907c005c8182af2530000007000524e82e400fec
:10908c001e80848701000524fe83400f1e80848788
:10909c00f4bb400f00000000cafe0010708182afcc
:1090ac00f4bb400f000000007081838f231043003d
:1090bc006081838f2b106200c2fe401001000224dd
:1090cc00c0fe00105c8182aff4bb400f00000000ba
:1090dc007081838f231043006481838f2b10620077
:1090ec00b8fe401001000224b6fe00105c8182af75
:1090fc00f4bb400f00000000708182af25380000e7
:10910c00fdff0624fcff0524deb4400f06000424fa
:08911c00adfe00104c00bf8ff6
:020000040000fa
:020000041d00dd
:1091240068ffbd279400bfaf9000b7af8c00b6af07
:109134008800b5af8400b4af8000b3af7c00b2af99
:109144007800b1af7400b0af258080000500a01096
:109154002588a0001000062425280000a0c6400f82
:109164002520200249000012010003249ac4400f64
:109174002520000245004010010003241c00a0af7c
:109184002000a0af2400a0af2800a0af2528000233
:1091940021100202200004240000a3804700641070
:1091a40023804500f7ff63240500632c430060140b
:1091b40020000324253000022110b000ffff42806c
:1091c40040004310ffff1226f7ff42240500422c03
:1091d4003c0040144100022e2c00401025180000d1
:1091e400b4c6400f2c00a4272110b0032c0040a0cb
:1091f4002c00a3835b000224340062145d00042469
:109204002c00a22721105200000045801f00a41446
:1092140025180000000040a0feff10262d00a22704
:1092240025a8400021805000200004240000a282d0
:109234002800441023181502f7ff42240500422c8d
:10924400240040142110a3021800a2af200004241b
:109254001800a38fffff628020004410f7ff422410
:109264000500422c1d0040143a000224000060a0b6
:109274000000a3821c006214251800000100a482cf
:109284000200b5261900821025a0000025106000f8
:109294009400bf8f9000b78f8c00b68f8800b58f75
:1092a4008400b48f8000b38f7c00b28f7800b18fbc
:1092b4007400b08f0800e0039800bd27b6ff0010cb
:1092c4000100a524bbff0010ffff1026d4ff0010ef
:1092d4002c00a227d5ff00100100b526ffff632450
:1092e400dbff00101800a3afff0014240000b382ba
:1092f400ff0070326fc7400f25200002e3ff4010cb
:10930400251800003a0002248b0002522598000020
:109314004429137cb4006012d2ff0226ff004230bd
:109324000200422cb20040140d000224b2000212ca
:10933400f7ff0226ff0042300200422cb000401426
:109344000100b5260100132410001624ffff722625
:109354003a000224e1000212ff005232c20000125d
:109364002e000224cc0002122f000224c00002129c
:109374000d000224c00002120a000224c0000212de
:1093840020000224c000021209000224c0000212bc
:109394001000a4271400ab2725108000010003242b
:1093a400231864003a000a242e0009242f000824fc
:1093b4000d0007240a0006242000052403000010e1
:1093c40009000424b1ff4b502518000021b86200a5
:1093d400000050a00100b526ffffb092c0000a12a1
:1093e400ff00f7320e0000521000a227ac00095211
:1093f4001000a2270a0008521000a22708000752f2
:109404001000a227060006521000a22704000552ed
:109414001000a227ebff0416010042241000a2272b
:1094240021105700000040a02530c0021800a527d5
:10943400a3c5400f1000a427ffff44300c00801088
:109444001000a227294b400f409012002190b20334
:10945400330000121c0042a62c000224180002163d
:10946400251800008aff0010251060001000a227b4
:1094740021b857001800a28f84ff57142518000044
:10948400294b400f25200000409012002190b20388
:10949400230000121c0042a63a000224efff021629
:1094a4002c0002240000a3823a0002240400621467
:1094b400ff000224680082160100b52625a0600280
:1094c4000000a282ff0050303a000324140003126b
:1094d4000100a4264429027c11004010d2ff022678
:1094e400ff0042300200422c0d0040140d00022403
:1094f4000b000212f7ff022601006326ff00423030
:109504000200422c06004014ff00633025986000de
:109514008eff001025a88000d4ff00100a00162436
:109524000900622e59ff4010251800000800622e21
:1095340035004010ff000224ff00022453ff821272
:1095440025180000ffff6226ff004230202c147c07
:10955400201c027c2a18650014006054239893028e
:109564000800042423209300401802001000a627ba
:109574002118c3000c00669421184400ff006330d6
:10958400401803001000a7272118e3000c0066a46c
:10959400ffff4224ff004230201c027c2a18650091
:1095a400f2ff60104018020023989302070073260c
:1095b4002a1874021600601425108002401002005c
:1095c4001000a327211062000c0040a4010094267f
:1095d400ff0094322a187402f8ff601025108002ec
:1095e4000c00001001000324d3ff00102598000094
:1095f400d1ff001025980000cfff0010259800002f
:10960400cdff001025980000cfff8216ffff6226d1
:10961400010003241dff20121c00a58f2000a48f2d
:109624002400a38f2800a28f030025aa000025bad6
:10963400070024aa040024ba0b0023aa080023bab2
:109644000f0022aa0c0022ba10ff0010010003240c
:109654000eff0010251800000cff00102518000054
:109664000aff0010251800006cff001025b8000246
:109674006aff001025b8000068ff001025b800003c
:1096840066ff001025b8000064ff001025b8000034
:1096940062ff001025b8000025b800001000a227c2
:1096a40021105700000040a00a0006241800a52736
:1096b400a3c5400f1000a427ffff443096ff80107d
:1096c4002e001024294b400f409012002190b20329
:1096d4001c0042a67aff00100a00162425b80000d8
:1096e4002110b703100040a00a000224dcffc212bc
:1096f4002530c0021800a527a3c5400f1000a427d9
:10970400ffff443059ff80503a001024294b400f8a
:10971400409012002190b20362ff00101c0042a688
:020000040000fa
:020000041d00dd
:1097240098ffbd276400bfaf6000beaf5c00b7af59
:109734005800b6af5400b5af5000b4af4c00b3af4f
:109744004800b2af4400b1af4000b0af0800908c05
:1097540046010012259800000400948c44018012f4
:10976400251060022800828e4101401025106002fd
:109774000c00958c3f01a0526400bf8f1000968ca2
:109784003a01c0120180023c0000898c1400838cd1
:10979400588c49ac588c4224040054ac080050ac9a
:1097a4000c0055ac100056ac140043ac0000a38e62
:1097b400010002243c016210feffc3262510a00212
:1097c400ffff0524010004242500651425900000f2
:1097d400252800003dbd400f2520400225b840004b
:1097e4000180023c2400e016e88b57acb2cc400f59
:1097f400010011240b00401000000000b0cc400f09
:109804000000000002004012253000000000468ed7
:10981400019d053ce037a5241097400f252040000a
:1098240001001124b2cc400f0000000008004010d9
:1098340000000000b0cc400f0000000025302002e2
:10984400019d053ccc39a5241097400f25204000ec
:10985400517e400f2598000005010010251060027c
:10986400080042240000468cd7ffc414ffff632481
:10987400d7ff00100400528c0000438e0180023c8c
:10988400ec8b43ac0800e28e8000062425280002fd
:1098940009f840002520e0020e004014f48082af55
:1098a400b2cc400f02001124deff40100000000083
:1098b400b0cc400f00000000c0311000019d053cf9
:1098c4001038a5241097400f25204000d5ff001024
:1098d40000000000253000022528800224b6400f35
:1098e4002520e0020e00401425984000b2cc400f21
:1098f40003001124cbff401000000000b0cc400f47
:10990400000000002530e002019d053c5038a524ec
:109914001097400f25204000c2ff001000000000f7
:109924000180023ce08b50a4e08b4224e000001a4a
:10993400040056acf4809e8f25b880022588000070
:10994400253000002528c0031b50400f2520e002cd
:109954001900405401003126b2cc400f0000000031
:109964000800401000000000b0cc400f00000000d0
:1099740025302002019d053c8438a5241097400f12
:1099840025204000b2cc400f04001124a5ff401054
:1099940000000000b0cc400f040011242530000268
:1099a400019d053cc838a5241097400f2520400090
:1099b4009cff0010000000008000de27e0ff11166d
:1099c4003800f726f480918f0180033ce28b639486
:1099d40025282002254000002520000001008424c1
:1099e4000e000412253080004400a98c8000a524b8
:1099f4002538a0004400ea8c040049150100c6245f
:109a040001006324ffff633025404000f9ff061680
:109a14008000e724f2ff00100100842402000011fa
:109a24000180023ce28b43a40180023ce28b42941d
:109a3400a3004014800023260100022498ff658cb3
:109a44001c00a010252060002a3850001c00e010e3
:109a5400253040001800778c0900b7100100c62497
:109a6400040006568000842401004224f3ff001001
:109a7400800063241800978cf9ffb7140100c624f2
:109a8400b2cc400f0600112466ff40100000000015
:109a9400b0cc400f060011242530e002019d053ca6
:109aa4004c39a5241097400f252040005dff00107d
:109ab400000000002a205000ecff80140100422422
:109ac400f08080af1800a0af1c00a0af2000a0afb2
:109ad4002400a0af2800a0af0180023ce08b429498
:109ae400220040107800312625b80000039d023c76
:109af4009c2c42243400a2af019d023c90394224a4
:109b04003c00a2af0180023c3800a2aff4ff37a6ac
:109b1400feff2792803807001800a2272110470073
:109b24003000a2af00005e8c1000beaf3400a38fe3
:109b34000a38677c3c00a68f0700052481c7400fc4
:109b440025202002060020a20100de273000a28f7b
:109b540000005eac0100f7263800a28fe08b42942f
:109b64002a10e202e9ff4014800031267002062424
:109b7400252800000080043ca0c6400f007d8424fa
:109b8400d48080af0180023c0000478e0400468ee2
:109b94000800458e0c00448e1000438ec48c47ace4
:109ba400c48c4224040046ac080045ac0c0044ac10
:109bb400100043ac0180113c00873126900032260e
:109bc400efcb400f252020020c003126fcff32167b
:109bd4000180023c2500001af88b40acf480978f7a
:109be4002588000001801e3c74a5400f2000848e4f
:109bf40025904000251840004408037c01000224fd
:109c04000e006210e08bc427b2cc400f0700112471
:109c140004ff401000000000b0cc400f0000000022
:109c240025304002019d053c9839a5241097400f2a
:109c340025204000fbfe0010000000001c0092ac38
:109c4400100097ac140091ac2538c0022530a00256
:109c54005c35400f25288002110040108000f72653
:109c640001003126e0ff1116380094262510600209
:109c74006400bf8f6000be8f5c00b78f5800b68f42
:109c84005400b58f5000b48f4c00b38f4800b28f8e
:109c94004400b18f4000b08f0800e0036800bd2786
:109ca400e0fe001008001124f1fe00102510a002af
:109cb4000180023ce28b429481ff4010f480918f3a
:109cc400b2cc400f05001124d6fe40100000000065
:109cd400b0cc400f000000000180033ce28b66948e
:109ce400019d053c0839a5241097400f252040000c
:089cf400ccfe0010000000008e
:020000040000fa
:020000041d00dd
:109cfc0018ffbd27dc00b4afd800b3afd400b2afaf
:109d0c00d000b1afe400bfafe000b5afcc00b0af56
:109d1c00259080002588c000b800a5af25980000cc
:109d2c00039d143cb800a58f0000a280e4004010f5
:109d3c00ffff02249c00a2af1800a227a400a2af30
:109d4c00800002249800a0afa000a0afa800a2af92
:109d5c0025800000250003242110b0000000428063
:109d6c000300401000000000fbff435401001026cc
:109d7c000600001225300002c7b1400f252040021a
:109d8c00b800a28f21105000b800a2afb800b58f58
:109d9c00250002240000a382c20062140100b52633
:109dac00b800b5af2b0005242d0006243000032489
:109dbc002000072423000824b800a48f0000828010
:109dcc001b0045509800a28f2c0049281e00201122
:109ddc0000000000180047509800a28f180048504f
:109dec009800a28f2a0003241e0043500000228eec
:109dfc000ba9400f00000000a000a2afb800a38f79
:109e0c0000006280d0ff42240a00422c2100401046
:109e1c0001006324f9ff0010b800a3af0100423425
:109e2c00010084249800a2afe3ff0010b800a4af97
:109e3c00fbff001004004234f9ff0010080042340c
:109e4c00f7ff001010004234f4ff46509800a28f28
:109e5c00e5ff43542a0003249800a28ff0ff001062
:109e6c000200423401008424b800a4af040043244f
:109e7c000000428c000023ae06004104a000a2affb
:109e8c009800a38f23100200a000a2af010063383a
:109e9c009800a3af9800a28f01004330020060101d
:109eac004408027c9800a2afb800a28f2e000324b5
:109ebc00000044800d008314010044249c00a0afda
:109ecc00b800a4af010045802a0003242300a3148a
:109edc0002004224b800a2af0000228e04004324ea
:109eec000000428c000023ae9c00a2afbab5400f1c
:109efc00b800a427c000a2afb800a28f19ca400fa7
:109f0c00000044806900032477004310c000a58f33
:109f1c006a0043282f00601063000324be00431026
:109f2c00640043281800601025000324cb00431064
:109f3c00610003244f00435025302002ffff022410
:109f4c00b800b5af9800a0afa000a0af9c00a2af26
:109f5c001000a0afc9000010253800000ba9400f5d
:109f6c00000000009c00a2afb800a38f000062802c
:109f7c00d0ff42240a00422cdcff40100100632475
:109f8c00f9ff0010b800a3af64000324560043107f
:109f9c0068004228eaff4010ffff0224253020020f
:109fac004ebc400fb000a42797004010b800a28f01
:109fbc00b000a6279800a52701004324b800a3af42
:109fcc00000047803a19400f252040023500001050
:109fdc0021800202700003246e004310710043289c
:109fec00130060106e000324830043106f000324e1
:109ffc00d3ff4314ffff0224253820022530000034
:10a00c009664400fb000a4277f004010b800a28fc8
:10a01c00b000a6279800a527010042242520400265
:10a02c00e286400fb800a2af1e0000102180020291
:10a03c00750003243a0043107800032446004310b3
:10a04c0073000324bdff4314800002246e00a2148d
:10a05c00b800a28f2538000001004224b800a2af3e
:10a06c000000228e04004324000023ae7600001072
:10a07c000000468c4ebc400fb000a427620040107c
:10a08c00b800a28fb000a6279800a5270100432492
:10a09c00b800a3af000047803e21400f25204002ae
:10a0ac0021800202218070022a981302770060122c
:10a0bc000180023c4f000324848d43acffff13242a
:10a0cc00e400bf8f25106002e000b58fdc00b48f78
:10a0dc00d800b38fd400b28fd000b18fcc00b08f2a
:10a0ec000800e003e800bd27253820020100062403
:10a0fc009664400fb000a42743004010b800a28f14
:10a10c00b000a6279800a527010042242520400274
:10a11c00ab70400fb800a2afe2ff0010218002022a
:10a12c0025382002253000009664400fb000a4278b
:10a13c0035004010b800a28fb000a6279800a527c4
:10a14c0001004224252040020e94400fb800a2af1b
:10a15c00d4ff001021800202253820022530000097
:10a16c009664400fb000a42727004010b800a28fbf
:10a17c0001004324b800a3af00004780b000a6271d
:10a18c009800a527bd54400f25204002c5ff0010a4
:10a19c00218002022538200225300000f000052421
:10a1ac009664400fb000a42717004010b800a28f8f
:10a1bc00b400a38f01004224b800a2afb000a28f5c
:10a1cc0025104300edff4014780007249ac4400f7b
:10a1dc008c3184269800a38fa000a78f25304000d7
:10a1ec001000a3af8c3185267f83400f25204002c1
:10a1fc00acff0010218002022538200221307002b1
:10a20c00b688400fb000a427b800a28f01004224ea
:10a21c00a4ff0010b800a2af80000224faffa21421
:10a22c00b800a28f01000724b000a6270100422429
:10a23c00b800a2af0000228e040043240000428c20
:10a24c00000023aeb000a2a39800a527d69b400f18
:10a25c002520400293ff001021800202800002247e
:10a26c00e9ffa214b800a28fa000a78f010042241e
:10a27c00b800a2af9800a28f1000a2af039d053cbe
:10a28c0001000624d8ff00109431a524a5fe00106f
:04a29c0025980002ff
:020000040000fa
:020000041d00dd
:10a2a000656e61626c650000656e61626c6564007c
:10a2b00064697361626c650064697361626c656492
:10a2c000000000006e6f6e6500000000557361674e
:10a2d000653a20646e7363203c64656c2f696e661a
:10a2e0006f2f6f6e2f6f66662f6c6f6f6b75703e82
:10a2f000200d0a0055736167653a202573203c6f75
:10a300006e2f6f66663e203c696e7465726661638f
:10a31000653e203c7374726963742f707265663e8b
:10a320002f3c636c6561723e200d0a0045783a202f
:10a330002573206f6e20657468300d0a00000000e0
:10a34000556e6b6e6f776e20696e746572666163b1
:10a35000650d0a006f6e000073747269637400000b
:10a3600070726566000000006f666600636c656170
:10a3700072000000556e6b6e6f776e206f7074699f
:10a380006f6e0d0a0000000025732025730d0a0072
:10a390004661696c656420746f2025732025730df8
:10a3a0000a00000055736167653a20646e7363208c
:10a3b0006c6f6f6b7570203c747970653e203c68e3
:10a3c0006f73744e616d653e200d0a0048656c70b8
:10a3d0003a203c686f73744e616d653e2855524c4f
:10a3e00029202d206c6f6f6b20757020666f722096
:10a3f000686f73746e616d650d0a000048656c705e
:10a400003a203c747970653e203a2061206f7220ba
:10a410004120666f72204950763420616464726511
:10a420007373206c6f6f6b75700d0a0048656c70ec
:10a430003a203c747970653e203a20616161612068
:10a440006f72204141414120666f7220495076363b
:10a450002061646472657373206c6f6f6b75700d2f
:10a460000a00000048656c703a203c747970653ec3
:10a47000203a20616e7920666f7220626f746820c6
:10a480004950763420616e642049507636206164ec
:10a490006472657373206c6f6f6b75700d0a0000ca
:10a4a000646e7363206c6f6f6b75703a20636f6db1
:10a4b0006d616e6420696e2070726f677265737370
:10a4c0002e205265747279206c617465722e0d0aab
:10a4d00000000000410000006100000041414141d6
:10a4e000000000006161616100000000414e590000
:10a4f000616e7900646e7363206c6f6f6b75703a78
:10a50000205b25735d204c6f6f6b757020547970e4
:10a5100065206e6f7420737570706f727465642e31
:10a520000d0a0000646e7363206c6f6f6b75703a78
:10a5300020486f7374206e616d6520746f6f206c9e
:10a540006f6e672e2052657472792e0d0a0000001e
:10a55000646e7363206c6f6f6b75703a20726573f5
:10a560006f6c76696e6720686f73743a202573206c
:10a57000666f7220747970653a2573200d0a0000a9
:10a5800055736167653a20646e73632064656c205f
:10a590003c686f73744e616d653e7c616c6c200d20
:10a5a0000a00000048656c703a203c686f73744e76
:10a5b000616d653e2855524c29202d2052656d6fe6
:10a5c00076652074686520656e74727920696620ee
:10a5d000657869737473200d0a00000048656c701b
:10a5e0003a20616c6c202d2052656d6f766520617c
:10a5f0006c6c20746865207265736f6c766564207e
:10a60000656e747279200d0a00000000616c6c00a8
:10a610005b25735d206e6f742070617274206f66ad
:10a620002074686520444e5320436163686520654b
:10a630006e747279200d0a00496e636f6d706c65df
:10a64000746520636f6d6d616e64200d0a000000fb
:10a6500055736167653a20646e736320696e666f37
:10a66000200d0a0048656c703a20646973706c6153
:10a67000792074686520444e5320636163686520c7
:10a68000656e7472792064657461696c73200d0a5b
:10a6900000000000444e5320436c69656e742069cd
:10a6a0007320646f776e210d0a000000444e532022
:10a6b000436c69656e74204946202d20537472697d
:10a6c00063743a2025732c2050726566657272653a
:10a6d000643a2025730d0a00444e5320436c69658b
:10a6e0006e74202d2074696d653a2025642c2070cd
:10a6f000656e64696e673a2025642c2063757272fa
:10a70000656e743a2025642c20746f74616c3a2055
:10a7100025640d0a00000000486f73746e616d655a
:10a72000203d202573200d0a54696d656f757420d6
:10a730003d202564200d0a0049507634203d2573c4
:10a740000d0a000049507636203d2025730d0a0081
:10a750002d2d2d2d2d2d2d2d2d2d2d2d2d2d2d2d29
:10a760002d2d2d2d2d2d2d2d2d2d2d2d2d2d2d2d19
:10a770002d2d2d2d2d2d2d2d2d2d2d2d2d2d2d2d09
:10a780002d2d2d2d0d0a00004e6f20444e532043d9
:10a790006c69656e7420436163686520656e7472d0
:10a7a000696573200d0a0000496e76616c6964204a
:10a7b000496e70757420436f6d6d616e64203a5bf5
:10a7c000202573205d200d0a0000000064656c00e8
:10a7d000696e666f000000006c6f6f6b7570000033
:020000040000fa
:020000041d00dd
:10a7e000a0ffbd275c00bfaf5800b3af5400b2afad
:10a7f0005000b1af4c00b0af039d023ca831438c78
:10a800002000a3afa8314224040042942400a2a750
:10a810002800a0a32900a0a32a00a0a32b00a0a386
:10a820002c00a0a32d00a0a3401002240800821435
:10a83000ffff11240080023c3002429001004330af
:10a840000b006010020042300080113c10023126e3
:10a85000251020025c00bf8f5800b38f5400b28fc8
:10a860005000b18f4c00b08f0800e0036000bd279e
:10a87000f7ff4014ffff11240400b08c0c00028e7f
:10a88000f4ff4010251020020800b28cf2ff4012a5
:10a890005c00bf8f1800428eefff40102510200291
:10a8a0001c00428eeaff40103001062425280000db
:10a8b0000080043ca0c6400f200284240080023c9b
:10a8c00010024224ffff0324180043ac140043ace1
:10a8d0000080033cd0026324000075bc0f00000020
:10a8e0000080033ce0026324000075bc0f00000000
:10a8f0000080033cf0026324000075bc0f000000e0
:10a900000080033c00036324000075bc0f000000be
:10a91000100040a4120040a4200043900421037cb6
:10a92000200043a099000324940043ac0c00038e44
:10a930005c0043ac0400038e600043ac0800038e4f
:10a94000640043ac30000396240043a43200039615
:10a95000260043a41000038e680043ac1400038e4d
:10a960006c0043ac1800038e700043ac1c00038ed7
:10a97000740043ac3600049601008330fcff0524cc
:10a98000ffff02240b10a300251840000080023caa
:10a9900010024224280043ac220044a40000438e4d
:10a9a00004004a8e0800498e0c00488e1000478e25
:10a9b0001400468e1800458e1c00448e2c0043acbb
:10a9c00030004aac340049ac380048ac3c0047acdd
:10a9d000400046ac440045acffff63300400632cec
:10a9e00004006010480044ac0080023c04000324d2
:10a9f0003c0243a40080023c3e0242948000442c6e
:10aa000003008014800003240f004224f0ff433031
:10aa10000080113c100231262e0023a688bf123c74
:10aa2000002052264c0032aeb00020ae0ab5400fd6
:10aa3000990004245775400f2520200250c6400f6e
:10aa40009400248e000605246ccc400f2520400283
:10aa50004400328e0000428e4800258e09f84000e6
:10aa600025200000ffff03249a0043100080033cd0
:10aa7000240262ac1400428e0300052409f8400051
:10aa800025200000ffff0324920043100080063cb5
:10aa9000180022ae4800248e080085943000a5af2f
:10aaa0003c00238e3400a3af0c00838c3800a3af8e
:10aab0000f0003243c00a3af1400838c4000a3af1d
:10aac0002c00438e8802c6243000a52709f86000b8
:10aad00025204000800042040080043cffc0053473
:10aae00088bf043c87cb400f00208424039d023c98
:10aaf000281e4224252800002518000001000724f4
:10ab000008000624042067005700843003008010ea
:10ab1000010063240000448c2528a400f9ff66147a
:10ab20000400422488bf113c8bcb400f0020242618
:10ab3000300005248fcb400f00202436020005246e
:10ab400074cc400f002024362528000076cc400f1e
:10ab50000020243693cb400f0020243697cb400fa3
:10ab6000002024369bcb400f002024363b00028a75
:10ab70003800029a1800a2af3c0002921c00a2a367
:10ab80003d0002921d00a2a3060006242000a52776
:10ab9000c6c1400f1800a427090040100600062473
:10aba0002800a527c6c1400f1800a42704004010a4
:10abb0001800a52788bf043c09c2400f0020842448
:10abc0000080113c100231261000b1af039d073cfc
:10abd000c412e724020006242c0025961779400fa2
:10abe000252020022c0023963a004314039d073ca5
:10abf0000080113c100231261000b1afc412e724ce
:10ac000001000624300025961779400f25202002e8
:10ac1000300023962f0043140080023c42025194de
:10ac20003100201203000624252820020080043c65
:10ac30005965400f10028424260022160080023c31
:10ac400044025194070020122530000025282002dc
:10ac50000080043c5965400f100284241e005154aa
:10ac60000080043c0080113c100231265480828f09
:10ac7000110022520080023c170040140080043c66
:10ac80002000138e2400128e0ab5400f9400248eeb
:10ac900050c6400f9400248e9c0020ae980020ae39
:10aca000a40020aea00020aea80033aeac0032aeaf
:10acb000548091af0080023c100242242000449056
:10acc000010003240400647c200044a0e0fe001086
:10acd0001c0043ac0080043c7280400f10028424ae
:10ace000dbfe0010ffff11240080023c440251945f
:10acf000dcff201202000624d5ff001025282002c8
:020000040000fa
:020000041d00dd
:10ad00003a0180100100022470febd278c01bfaf04
:10ad10008801b6af8401b5af8001b4af7c01b3af99
:10ad20007801b2af7401b1af7001b0af2588800077
:10ad30002580a00025a0c0000000928c0f00033cdd
:10ad400040426324df004312020002240300022475
:10ad50008c00a2a30701c0109000b2af1f00d33037
:10ad60002b981300421106002198620208008224e9
:10ad70001001a32738008824030047880000479863
:10ad800007004688040046980b004588080045984f
:10ad90000f0044880c004498000067ac040066acc7
:10ada000080065ac0c0064ac10004224f2ff4814ab
:10adb000100063240300448800004498000064ac41
:10adc00004004490040064a005004490050064a0c1
:10add00006004290d900601a060062a025b000006b
:10ade0007c00268e7800258edc8f400f9400a427ef
:10adf000dc00401425a84000370006241001a527d8
:10ae00004f4c400f9400a427d600401425a84000c2
:10ae10004801a5272d40400f9400a42725a84000f5
:10ae2000c8cc400f9400a4273b00a0164801a28f75
:10ae30006801a2af0000228e0200422cab00401439
:10ae40006801a28f0400238ea8006214010002246e
:10ae500080002392c1006210ffff62262610560078
:10ae60000100422c2198620201000224800022a2eb
:10ae7000260000520100d626230080122000822ed8
:10ae8000a80040144801a98f4c01a88f5001a78f3a
:10ae90005401a68f5801a58f5c01a48f6001a38f78
:10aea0006401a28f030009aa000009ba070008aada
:10aeb000040008ba0b0007aa080007ba0f0006aa88
:10aec0000c0006ba130005aa100005ba170004aa60
:10aed000140004ba1b0003aa180003ba1f0002aa38
:10aee0001c0002bae0ff9426200010264601a2931f
:10aef00001004224ff0042304601a2a34501a327de
:10af00007f0040101001a4270100d6262a10d3028a
:10af1000b4ff40547c00268e1001a2274701a327ce
:10af2000000040a001004224fdff43140000000087
:10af30005d00a016010010247c00268e7800258e6e
:10af4000dc8f400f1000a4278000401425804000b3
:10af5000010006248c00a5274f4c400f1000a427a9
:10af60007a0040142580400037000624080025267a
:10af70004f4c400f1000a42774004014258040005f
:10af80009400a5272d40400f1000a42725804000e5
:10af9000c8cc400f1000a427400000163e00232616
:10afa000b300a5279400a7272520600025100000e6
:10afb000000086900000a8902130c80021104600b3
:10afc000000082a0007a427cffff84245d00a71469
:10afd000ffffa6241e0024260700252600008690d9
:10afe00021104600ffff4230000082a0ffff8424b2
:10aff000faffa414021202002510600025200000b0
:10b0000000004690370047902130c700212086007d
:10b01000000044a0ffff4224f9ff4514007a847c1d
:10b0200002121200ff00043cff008424241044009c
:10b030000092120000ff043c00ff8434249044027c
:10b0400025905200029432009000b2af9000a427e5
:10b050008c00a72725100000000066900300889050
:10b060002130c80021104600000062a0007a427c16
:10b07000ffff8424f8ffe414ffff63243a00232633
:10b080000000649021104400ffff4230000062a0e5
:10b09000ffff6324faffa314021202000000228eb5
:10b0a00001004224000022ae9400a227b400a3278e
:10b0b000000040a001004224fdff431400000000f6
:10b0c0002b1010008c01bf8f8801b68f8401b58fc3
:10b0d0008001b48f7c01b38f7801b28f7401b18f7e
:10b0e0007001b08f0800e0039001bd27800020a20e
:10b0f0006801a28f5eff0010040022ae25184000f8
:10b100000000629001004224ff0042307eff4014a4
:10b11000000062a0f9ff8314ffff62247bff001090
:10b120000100d626253080024801a5278dc5400f95
:10b130002520000274ff001025a0000076ff0010fb
:10b14000010015249aff00102528c000c8cc400f2c
:10b150001000a427d2ff00100000228ed2ff0010a2
:10b1600003001024c8cc400f9400a4276bff0010ec
:10b170001001a227080082241001a3273800882488
:10b180000300478800004798070046880400469857
:10b190000b004588080045980f0044880c0044982f
:10b1a000000067ac040066ac080065ac0c0064ac41
:10b1b00010004224f2ff4814100063240300448866
:10b1c00000004498000064ac04004490040064a0b3
:10b1d00005004490050064a006004290060062a0ad
:10b1e00001001424fdfe0010010013240800e003f8
:04b1f000000000005b
:020000040000fa
:020000041d00dd
:10b1f4000080023c707f429035014014ffff03241d
:10b204003301a010000000000000a2900200422cb4
:10b214002f0140103c020624e8ffbd271400bfaff5
:10b224001000b0af2580a000252800000080043c59
:10b23400a0c6400f707f84240080043c5fbd400f93
:10b24400747f8424010004241c014414ffff03249c
:10b2540068010624252800000180043ca0c6400f94
:10b26400ac8184240080023c01000324707f43a04d
:10b2740000000392707f42240e016010080043a076
:10b28400251000000080053c707fa5244031020099
:10b294000400078e0a38e67c1e00e01040200200fd
:10b2a400212082008020040023208200c02004008a
:10b2b4000c0084242518e0002120a4005000e72479
:10b2c40003006b8800006b9807006a8804006a9882
:10b2d4000b006988080069980f0068880c0068985a
:10b2e40000008bac04008aac080089ac0c0088ac6c
:10b2f40010006324f2ff671410008424030068889c
:10b30400000068980700678804006798000088ac0c
:10b31400040087ac0400038e211866000400678cc7
:10b324001e00e01040200200212082008020040042
:10b3340023208200c0200400640084242518e00037
:10b344002120a4005000e72403006b8800006b98c0
:10b3540007006a8804006a980b00698808006998e5
:10b364000f0068880c00689800008bac04008aac5d
:10b37400080089ac0c0088ac10006324f2ff671449
:10b384001000842403006888000068980700678818
:10b3940004006798000088ac040087ac0400038ea6
:10b3a400211866000800678c1e00e010402002008f
:10b3b400212082008020040023208200c020040079
:10b3c400bc0084242518e0002120a4005000e724b8
:10b3d40003006b8800006b9807006a8804006a9871
:10b3e4000b006988080069980f0068880c00689849
:10b3f40000008bac04008aac080089ac0c0088ac5b
:10b4040010006324f2ff671410008424030068888a
:10b41400000068980700678804006798000088acfb
:10b42400040087ac0400038e211866000c00678cae
:10b434001e00e01040200200212082008020040031
:10b4440023208200c0200400140184242518e00075
:10b454002120a4005000e72403006b8800006b98af
:10b4640007006a8804006a980b00698808006998d4
:10b474000f0068880c00689800008bac04008aac4c
:10b48400080089ac0c0088ac10006324f2ff671438
:10b494001000842403006888000068980700678807
:10b4a40004006798000088ac040087ac0400038e95
:10b4b400211866001000678c1b00e0104020020079
:10b4c40021208200802004002120820080200400aa
:10b4d4006c0184242518e0002120a4003000e72416
:10b4e40003006b8800006b9807006a8804006a9860
:10b4f4000b006988080069980f0068880c00689838
:10b5040000008bac04008aac080089ac0c0088ac49
:10b5140010006324f2ff671410008424030067887a
:10b5240000006798000087ac0400038e21186600b1
:10b534001400678c1b00e0104020020021208200d0
:10b54400802004002120820080200400a0018424a3
:10b554002518e0002120a4003000e72403006b88b4
:10b5640000006b9807006a8804006a980b006988d9
:10b57400080069980f0068880c00689800008bac7c
:10b5840004008aac080089ac0c0088ac1000632469
:10b59400f2ff671410008424030067880000679892
:10b5a400000087ac0400038e211866001800678c25
:10b5b4001b00e010402002002120820080200400b3
:10b5c4002120820080200400d40184242518e00076
:10b5d4002120a4003000e72403006b8800006b984e
:10b5e40007006a8804006a980b0069880800699853
:10b5f4000f0068880c00689800008bac04008aaccb
:10b60400080089ac0c0088ac10006324f2ff6714b6
:10b61400100084240300678800006798000087ac4a
:10b624000400038e213066001c00c68c1b00c01071
:10b63400402002002120820080200400212082007a
:10b6440080200400080284242518c0002120a400be
:10b654003000c62403006a8800006a9807006988dd
:10b66400040069980b006888080068980f006788d0
:10b674000c00679800008aac040089ac080088ac10
:10b684000c0087ac10006324f2ff661410008424bd
:10b694000300668800006698000086ac010042241e
:10b6a400ff0042300800a3902b184300f8fe6014fa
:10b6b400403102000080033c707f63242510600049
:10b6c4001400bf8f1000b08f0800e0031800bd27de
:08b6d4000800e00325106000ee
:020000040000fa
:020000041d00dd
:10b6dc003000e830300003242c0103112510000049
:10b6ec00c0ffbd273c00bfaf3800beaf3400b7afc2
:10b6fc003000b6af2c00b5af2800b4af2400b3af08
:10b70c002000b2af1c00b1af1800b0af2588e0002c
:10b71c002590c0000ac6400f2598a0002580400047
:10b72c004e0000122510000025a840021900522ed0
:10b73c000100405619001524ffffb5320400038e9a
:10b74c000000028e23186200ffff6324ffff6330aa
:10b75c001800028e1400048e2310440010002432b2
:10b76c0051008014ffff523025a060021900732e87
:10b77c000100605619001424200024324c0080145f
:10b78c00ffff9432ffff423021104300212095022d
:10b79c002a108200100040502b20a30223104402d8
:10b7ac00211062000300243204008010ffff42309d
:10b7bc0003000524350085140200052401004224f1
:10b7cc004210020021a05400ffff943221a8550022
:10b7dc00ffffb5322b20a302231075000300801449
:10b7ec00ffff42302318a302ffff62302000432cde
:10b7fc00310060140c81848f0400828c09f84000a5
:10b80c000100a52625b040001400c0122510000030
:10b81c002b1892022310540203006014ffff4230d5
:10b82c0023909202ffff42322000522c240040163b
:10b83c000c81848f0400828c09f84000010085265d
:10b84c002000401425f040000c81848f0c00828c69
:10b85c0009f840002528c002251000003c00bf8fcd
:10b86c003800be8f3400b78f3000b68f2c00b58fe8
:10b87c002800b48f2400b38f2000b28f1c00b18f2e
:10b88c001800b08f0800e0034000bd270400855469
:10b89c0021a0540021a85500ceff0010ffffb532a7
:10b8ac00ccff0010ffff9432caff001025a040020d
:10b8bc00ccff001025a86000d5ff001025b00000bb
:10b8cc0025f00000a100c01208002232a600405052
:10b8dc001000a0af0800128e0c00058e2b10450234
:10b8ec004c0040102b10b2000400178e23b8e50258
:10b8fc00fffff7320000138e23905302ffff5232ea
:10b90c002110f2029f0040102a10a202860040145f
:10b91c000c81848f0300e0122530e0028dc5400fae
:10b92c002520c00204004012253040022528600268
:10b93c008dc5400f2120d7021000028e0c00038e03
:10b94c0023204300ffff84302b10430007004010de
:10b95c001000a4af0400028e0000038e23104300dd
:10b96c0021108200ffff42301000a2af3100c0173f
:10b97c0025980000258800000c81848f0c00828c97
:10b98c0009f840000000058e000016ae0100b52637
:10b99c0021a8d502040015ae0c0016ae2190f202bf
:10b9ac002190d202080012ae1000a28f21b0c20268
:10b9bc00100016aeabb7400f252000020b00c013d1
:10b9cc000c81848f0c00828c09f840001400058ec9
:10b9dc0014001eae21a0d403180014ae20001eae1d
:10b9ec002188710221f0d1031c001eae7600049256
:10b9fc000300032499ff8314010002240100062490
:10ba0c00100005244a11400f2520000293ff00105e
:10ba1c0001000224570040102598a00023904502f5
:10ba2c00ffff5232b6ff001025b800001000a0af87
:10ba3c0025b800000400313236002012ffff02242a
:10ba4c005c00038e0c0062101c00118e68000296c4
:10ba5c0021104300218822021800028e2b1851005d
:10ba6c00060060502000058e1400038e2310430046
:10ba7c0027100200218822022000058e2b10b10015
:10ba8c00180040102598000023882502ffff313252
:10ba9c001400a5af211071020c0040102a10820274
:10baac00210040140c81848f030060122530600249
:10babc008dc5400f2520c003040020122530200224
:10bacc001400a58f8dc5400f2120d303abffc056aa
:10badc000c81848f61ffc01301000224b9ff001098
:10baec000c81848f2b1025020d00405025880000fe
:10bafc001800138e0100732623986502ffff733222
:10bb0c001400028e1400a2af23882202e1ff001061
:10bb1c00ffff313225880000ecff00102598000053
:10bb2c00eaff0010259800000c00828c09f84000f8
:10bb3c002528c0030c81848f0c00828c09f84000ee
:10bb4c002528c00245ff001025100000b7ffc017c4
:10bb5c00259000001000a0af25b80000258800003b
:10bb6c00daff001025980000259000007fff0010e0
:10bb7c0025b800001000a0af259000007bff00103e
:10bb8c0025b8000079ff00101000a0af0800e003fa
:04bb9c0000000000a5
:020000040000fa
:020000041d00dd
:10bba000e0ffbd271c00bfaf1800b2af1400b1af5b
:10bbb0001000b0af2590a00014c6400f2588c0002b
:10bbc000258040002c000012251000000080423229
:10bbd00007014054847b127c00404232e50040144f
:10bbe000847b127c1000432e230060108090120092
:10bbf000019d023c04bc42240a90527c0800400291
:10bc00000000000044bc009d98bc009de0bc009d6d
:10bc100020bd009d6cbd009dacbd009dc0bd009dc4
:10bc2000ccbd009dd8bd009df0bd009dfcbd009d1c
:10bc3000f0be009d04bf009d1cbf009d2cbf009d59
:10bc400044bf009d251800000100312e4000028ee7
:10bc50008410227e400002ae070060100100022422
:10bc6000010063380100632c3f0002920400627cf3
:10bc70003f0002a2010002241c00bf8f1800b28ff7
:10bc80001400b18f1000b08f0800e0032000bd2722
:10bc9000edff001001000324251800000100312ee3
:10bca0004000028ec418227e400002aef2ff6010f7
:10bcb00001000224010063380100632c3f0002925e
:10bcc0004408627c3f0002a2ebff00100100022446
:10bcd000f2ff001002000324f0ff00100100032413
:10bce000251800000100312e4000028e0421227e22
:10bcf000400002aee0ff6010010002240100633842
:10bd00000100632c3f0002928410627c3f0002a27b
:10bd1000d9ff001001000224f2ff001002000324ea
:10bd2000030031324000028e0408227e09002012f6
:10bd3000400002aeffff0224140002ae4000028e5b
:10bd4000010003240442627c400002aecaff0010de
:10bd500001000224140000ae4000028e0442027c66
:10bd6000400002aec4ff0010010002244000038e18
:10bd700000026330c0ff6014251000002b88110002
:10bd80004000038e8002637cbbff7110010002241f
:10bd900039b6400f252000024000028e8452227ed8
:10bda000400002aeb4ff00100100022439b6400f7b
:10bdb00025200002100011a6afff00100100022490
:10bdc0003d0011a2acff001001000224620011a28c
:10bdd000a9ff0010010002242b8811004000028ef0
:10bde0000484227e400002aea3ff00100100022462
:10bdf000630011a2a0ff0010010002249eff201288
:10be0000251000000000228e010042300c0040503e
:10be10000000228e0400238e4000028ec418627c33
:10be2000400002ae0400238e0421627c400002ae7a
:10be30000400238e8410627c400002ae0000228e3b
:10be400002004230050040500000228e0400228e85
:10be50004000427c440002ae0000228e04004230ca
:10be6000070040500000228e0400228e8000427c99
:10be7000480003960400437c480003a60000228e7d
:10be800008004230070040500000228e0400228e3d
:10be9000c000427c480003964408437c480003a647
:10bea0000000228e10004230070040500000238e18
:10beb0000400228e0001427c4000038e8494437c67
:10bec000400003ae0000238e200063306aff601044
:10bed000010002240400228e4001427c4000038eb7
:10bee000c49c437c400003ae63ff001001000224a9
:10bef00048000296c440227e480002a65eff001061
:10bf0000010002242b88110048000296444a227e38
:10bf1000480002a658ff0010010002242b881100df
:10bf2000440011ae54ff0010010002242b881100c0
:10bf3000480002960400227e480002a64eff001030
:10bf4000010002240100312e480002968452227e14
:10bf5000480002a648ff0010010002240100312e13
:10bf60004000028e8410227e400002ae3cff001092
:10bf7000020003241000432e3fff60102510000034
:10bf800080901200019d023c98bf42240a90527c8e
:10bf900008004002000000005cbf009dd0bc009d76
:10bfa00018bd009d20bd009d6cbd009dacbd009dd9
:10bfb000c0bd009dccbd009dd8bd009df0bd009dc5
:10bfc000fcbd009df0be009d04bf009d1cbf009df8
:10bfd0002cbf009d44bf009d0100312e4000028e09
:10bfe0000421227e400002ae44ff00100100032421
:10bff0001000432e20ff60102510000080901200da
:10c00000019d023c14c042240a90527c0800400268
:10c010000000000090bc009dd8bc009dd8bf009dd2
:10c0200020bd009d6cbd009dacbd009dc0bd009db0
:10c03000ccbd009dd8bd009df0bd009dfcbd009d08
:10c04000f0be009d04bf009d1cbf009d2cbf009d45
:04c0500044bf009d4c
:020000040000fa
:020000041d00dd
:10c05400d8febd272401b0af256880002570a00359
:10c064002000af272510a0030000838c000043ac00
:10c0740004004224fcff4f14040084242000ac2755
:10c084006000a327251080010000a48c000044acac
:10c0940004004224fcff43140400a524c0008625a8
:10c0a400251880013800648c0400658c4214240037
:10c0b400c23c2400261047008222040026104400bb
:10c0c4002400648c0000678c212087002110440028
:10c0d400c2212500823c250026208700c2280500b5
:10c0e4002620850021104400400062ac0400632433
:10c0f400ecff66141c00a88f0c00a28f1800a78ff9
:10c104000800a38f1400a68f0400a48f1000aa8f28
:10c114000000a58f029d0b3cfc0b6b2500017825cc
:10c1240082492a00c2ca2a002648390142ce2a007e
:10c13400264839010000798d0000908d21c8300314
:10c144002148390126c8e60024c82a0326c8270343
:10c1540021483901214828012180490082402500d5
:10c1640042132500264002018215250026400201c3
:10c174002510a4002410430024c8a400251059004d
:10c1840021400201214009010400628d0400898dcf
:10c194002110490021384700261046012410500080
:10c1a400261046002138e20082113000c24a3000d5
:10c1b40026104900424e3000261049002110e200aa
:10c1c40021c8620082382800421b28002638e30078
:10c1d400821d28002638e300251805012418640070
:10c1e40024480501251869002138e3002138e200bc
:10c1f4000800628d0800838d211043002130460021
:10c20400261050012410590026104a002130c20083
:10c2140082113900c21a390026104300421e390027
:10c22400261043002110c2002148820082302700da
:10c23400421b27002630c300821d27002630c3007e
:10c244002518070124186500242007012518640017
:10c254002130c3002130c2000c00638d0c00828d9c
:10c264002118620021506a00261819022418690056
:10c27400261870002150430182192900c212290096
:10c28400261862004216290026186200211843016c
:10c294002128a30082502600421326002650420182
:10c2a40082152600265042012510e600241048007d
:10c2b4002420e6002510440021504201215043016e
:10c2c4001000628d1000848d211044002110500054
:10c2d40026202903242085002620990021104400cb
:10c2e40082212500c21a250026208300421e250033
:10c2f40026208300212044002140040182102a00ca
:10c30400421b2a0026104300821d2a0026104300e7
:10c314002518ca00241867002480ca002518700054
:10c3240021104300211044001400638d1400848df7
:10c33400211864002118790026c8250124c828037f
:10c3440026c829032118790082c92800c22228009e
:10c3540026c824034226280026c8240321c87900bd
:10c364002138f90082182200422322002618640092
:10c3740082252200261864002520420124208600fc
:10c38400248042012520900021186400211879009e
:10c394001800648d1800998d2120990021208900ae
:10c3a4002648a80024482701264825012120890081
:10c3b40082492700c2ca27002648390142ce2700f5
:10c3c40026483901214889002130c90082202300f0
:10c3d40042cb23002620990082cd230026209900f9
:10c3e40025c8430024c82a032480430025c83003f9
:10c3f40021209900212089001c00698d1c00998d41
:10c40400214839012128250126480701244826010d
:10c41400264828012128a90082492600c2ca2600ec
:10c424002648390142ce2600264839012148a90070
:10c43400215049018228240042cb24002628b90037
:10c4440082cd24002628b90025c8640024c822030c
:10c454002480640025c830032128b9002128a900bc
:10c4640020006b252eff781520008c251c00a8af1a
:10c474001000aaaf1800a7af1400a6af0000a5af24
:10c484000400a4af0800a3af0c00a2af0000a28d6b
:10c494000000c38d211043000000a2ad0400ce258e
:10c4a400faffcf150400ad25251000002401b08f3c
:08c4b4000800e0032801bd2788
:020000040000fa
:020000041d00dd
:10c4bc00b8ffbd274400bfaf4000b7af3c00b6afdc
:10c4cc003800b5af3400b4af3000b3af2c00b2af0e
:10c4dc002800b1af2400b0af0f00052432a8400fe4
:10c4ec000200042425904000010042300800405016
:10c4fc00020052320180133c188a7326e2af400fbf
:10c50c00020004247700401425a04000020052329f
:10c51c00690040120180033c188a63241800628c65
:10c52c00d0074224180062ac6210043cd34d842422
:10c53c0019004400101000008211020045cc400f7d
:10c54c00140062ac5c00401825b040000180023c35
:10c55c001c8a538c1800732625a800000180123cfd
:10c56c00ecc5400f2520a00225a040001400708ec1
:10c57c001600001225886002188a43261400628c6b
:10c58c000800048e231044003800638c2b104300e9
:10c59c00b200405442009796fcff0526f2c3400fb0
:10c5ac00e8ff248ecd91400f14006426ffff072472
:10c5bc002530000004000526ab95400f2520800295
:10c5cc001400308e9d000016188a43260000308e11
:10c5dc001c000012188a43261400628c0800048e7a
:10c5ec00231044003400638c2b104300160040547d
:10c5fc00e8ff228efcff0526f2c3400fe8ff248ed5
:10c60c00cd91400f25202002fdff0724253000008e
:10c61c0004000526ab95400f252080020000308ecb
:10c62c0008000012188a43261400628c0800048e3d
:10c63c00231044003400638c2b104300eeff401099
:10c64c00fcff0526e8ff228e2400428c2800238e56
:10c65c002b104300160040540100b5262c00228eee
:10c66c001200401025800000cd91400f25202002a3
:10c67c000e00401025b84000fcff4524f2c3400fcb
:10c68c00e8ff248efcff0724253000000400e5267b
:10c69c00ab95400f25208002010010262c00228e25
:10c6ac002b100202f0ff4014000000000100b52620
:10c6bc00abffd516480073264400bf8f4000b78fe0
:10c6cc003c00b68f3800b58f3400b48f3000b38f78
:10c6dc002c00b28f2800b18f2400b08f0800e0032b
:10c6ec004800bd271800908e0abd400f252000027f
:10c6fc00000003960100022446006214f2ff052498
:10c70c00040003960604022443006214020006246b
:10c71c001b00158a1800159a1c00b5af2800918ec5
:10c72c000400768e1dcb400f252020021100038ab9
:10c73c000e00039a1800a3afc02002002120820033
:10c74c00c02004001800a527ac8a400f0a20c47e24
:10c75c000500401025b040000800062625284000a2
:10c76c000f90400f252020020400228e2900a216d3
:10c77c00020005244200229600104230260040148c
:10c78c00020006241600c056060003960400758e9f
:10c79c001dcb400f25202002c01802002110620082
:10c7ac00c010020021a8a2021800a527a98f400fd3
:10c7bc000000a48e0a00405006000396000043942b
:10c7cc000200633018006010080006261800a72627
:10c7dc00800005247cab400f25204000060003960a
:10c7ec00010002240b006214020005241100078ac8
:10c7fc000e00079a0400268e3c0022261400a2afdd
:10c80c00080010261000b0af7666400f25202002dd
:10c81c00020005240200062496ae400f252080025b
:10c82c0036ff001000000000252840000f90400f3c
:10c83c0025202002eaff0010060003961400628ceb
:10c84c000800048e231044003800638c2b10430026
:10c85c0052ff4010fcff0526420097960010f7325d
:10c86c00fcff04960002823022004010188a4226f7
:10c87c0046004294120005962b10a200180040109e
:10c88c00188a46261400c38c0800028e23186200f6
:10c89c003c00c28c0210a2702b106200110040549c
:10c8ac000000108e0300e012000184300d00805057
:10c8bc000000108e0400078e0400868e1400a0afba
:10c8cc00188082271000a2af010005247666400f65
:10c8dc00252080021200029601004224120002a6ba
:10c8ec000000108edfff0056fcff049638ff00108e
:0cc8fc000000308edfff0010440042946a
:020000040000fa
:020000041d00dd
:10c9080078ffbd278400bfaf8000b5af7c00b4af0f
:10c918007800b3af7400b2af7000b1af6c00b0afc5
:10c92800258080002590c0000300a2281800401030
:10c938000400918c0000828c0400428c0000c68c9c
:10c94800019d053ca46ca52409f84000252020027f
:10c958000000028e0400428c0000468e019d053cba
:10c96800dc6ca52409f84000252020028400bf8f34
:10c978008000b58f7c00b48f7800b38f7400b28fbd
:10c988007000b18f6c00b08f0800e0038800bd27ed
:10c9980025a8a0001800a0af16a6400f0400c48c5c
:10c9a80009004014259840000000028e0000428cc7
:10c9b800019d053c40a3a52409f84000252020023c
:10c9c800ebff00108400bf8f0800548e019d053cca
:10c9d80054a3a52498c5400f25208002a700401025
:10c9e800019d053c68a3a52498c5400f2520800219
:10c9f800bc004010019d053cf46ca52498c5400f6f
:10ca080025208002b3004010019d053cfc6ca52444
:10ca180098c5400f25208002160040140400b52a4e
:10ca28000800a012019d053c0000028e0000428c07
:10ca3800046da52409f8400025202002ccff001031
:10ca48008400bf8f1800a527ae56400f0c00448ef7
:10ca58009b004014019d053c0000028e0000428ca2
:10ca6800c44ba52409f8400025202002c0ff00106f
:10ca78008400bf8f019d053cd0a7a52498c5400f11
:10ca88002520800275004014259040001c00a52731
:10ca9800267c400f25206002680040102000a38fec
:10caa8000000028e1000a3af0400428c0900072486
:10cab8001c00a68f019d053c246da52409f84000a3
:10cac800252020021c00a28f0900422ca7ff401439
:10cad8002800a78f0000028e0400428c2400a68f35
:10cae800019d053c506da52409f840002520200231
:10caf8000000028e0400428c3000a78f2c00a68f05
:10cb0800019d053c786da52409f8400025202002e8
:10cb1800140006245000a527f2a0400f3400a427d3
:10cb28000000028e0400428c5000a627019d053c9f
:10cb3800a06da52409f84000252020021400062431
:10cb48005000a527f2a0400f3c00a4270000028e49
:10cb58000400428c5000a627019d053cb46da52415
:10cb680009f84000252020024000a68f2f00c05061
:10cb7800019d063c0000c2802e004050019d063ced
:10cb88000000028e0400428c019d053cc86da5245e
:10cb980009f84000252020024400a2935c004010c0
:10cba8005000a52714000624f2a0400f4800a48fc7
:10cbb8000000028e0400428c4400a6930300c014b7
:10cbc8005000a727019d073c946ce724019d053c74
:10cbd800e06da52409f84000252020024500a29315
:10cbe80046004010140006245000a527f2a0400f6c
:10cbf8004c00a48f0000028e0400428c4500b293c2
:10cc0800030040165000a727019d073c946ce724b9
:10cc180025304002019d053cfc6da52409f8400023
:10cc28002520200252ff00108400bf8fd4ff00107f
:10cc3800886cc624d2ff0010886cc6240000028ebf
:10cc48000000428c019d053c186ea52409f840009f
:10cc58002520200246ff00108400bf8f0000028eae
:10cc68000000428c019d053c74a3a52409f84000ee
:10cc7800252020023eff00108400bf8f1799400f27
:10cc8800252060021b004014039d023c019d023ccc
:10cc98009c6c42240000038e1000a2af0400628c3a
:10cca8000800478e0000468e019d053c346ea52481
:10ccb80009f84000252020022dff00108400bf8fb6
:10ccc8001800a58f3d7d400f25206002edff001064
:10ccd8000000000039a0400f25206002e9ff001085
:10cce800000000006b94400f25206002e5ff001053
:10ccf80000000000e7ff00105c8d42240000028e57
:10cd08000400428c019d073cc1ff0010946ce7248d
:10cd18000000028e0400428c25304002019d073c31
:08cd2800aaff0010946ce7243f
:020000040000fa
:020000041d00dd
:10cd300090ffbd276c00bfaf6800beaf6400b7af07
:10cd40006000b6af5c00b5af5800b4af5400b3afed
:10cd50005000b2af4c00b1af4800b0af25808000aa
:10cd60000300a228e60040140400918c25a0a00036
:10cd70002598c00016a6400f0400c48c1300401470
:10cd8000259040000000028e0000428c019d053c71
:10cd900040a3a52409f84000252020026c00bf8f85
:10cda0006800be8f6400b78f6000b68f5c00b58fdf
:10cdb0005800b48f5400b38f5000b28f4c00b18f25
:10cdc0004800b08f0800e0037000bd27019d053cbe
:10cdd000304ba52498c5400f0800648e51004014c4
:10cde00005000524dc8e400f2520400225a04000d0
:10cdf0000000028e0400428c25308002019d053c1b
:10ce0000384ba52409f8400025202002e3ff8012ba
:10ce100025980000019d1e3c019d173c019d163c7c
:10ce2000019d153c019d023c4000a2af3000a627a9
:10ce300025286002f680400f252040023000a38f95
:10ce4000ffff62240200422c290040101400062437
:10ce50001c00a527f2a0400f3400a4270000028e7a
:10ce60000400428c1c00a627584be52609f8400018
:10ce700025202002140006241c00a527b6ab400f75
:10ce80003800a4270000028e0400428c1c00a62754
:10ce9000704bc52609f84000252020023000a38fe2
:10cea000020002240b0062144000a38f0000028ed7
:10ceb0000000428c844b652409f8400025202002a4
:10cec00001007326d9ff93166c00bf8fb5ff0010c9
:10ced0006800be8f0000028e0000428c944ba52695
:10cee00009f8400025202002f6ff001001007326fb
:10cef00003000224f2ff62141c00a527f2a0400fd9
:10cf00003400a4270000028e0400428c1c00a627d7
:10cf1000a44bc52709f8400025202002e9ff001096
:10cf2000010073260400942a050080161000a5272e
:10cf3000ae56400f0c00648e090040540800748ef9
:10cf40000000028e0000428c019d053cc44ba524cc
:10cf500009f840002520200291ff00106c00bf8fcf
:10cf6000019d053ce44ba52498c5400f2520800277
:10cf700027004014010007241400a6271000a5274d
:10cf8000f0a4400f25204002020003240d004310ae
:10cf90000300032419004310010003241a00431066
:10cfa000019d053c019d053cdc4aa5240000028e44
:10cfb0000000428c09f840002520200278ff001074
:10cfc0006c00bf8f140006241c00a527b6ab400fd1
:10cfd0001400a4270000028e0400428c1c00a72726
:10cfe0000c00668e019d053ce84ba52409f8400025
:10cff000252020026aff00106c00bf8f019d053cb8
:10d00000eaff0010f44aa524e8ff0010144ba52401
:10d01000019d053c1c4ca52498c5400f252080028d
:10d020001d004014253800001400a6271000a52775
:10d03000f0a4400f25204002020003240e004314f8
:10d04000140006241c00a527b6ab400f1400a4272b
:10d050000000028e0400428c1c00a7270c00668e84
:10d06000019d053c244ca52409f840002520200200
:10d070004bff00106c00bf8f0000028e0000428c3e
:10d08000019d053c504ca52409f8400025202002b4
:10d0900043ff00106c00bf8f019d053ccca7a52469
:10d0a00098c5400f25208002150040141000a527c8
:10d0b000f092400f2520400209004014019d053cdc
:10d0c0000000028e0400428c0c00668e684ca52481
:10d0d00009f840002520200231ff00106c00bf8fae
:10d0e0000000028e0000428c019d053c504ca5249e
:10d0f00009f840002520200229ff00106c00bf8f96
:10d100000000028e0000428c019d053c7c4ca52451
:10d1100009f84000252020020000028e0000428c09
:10d12000019d053c984ca52409f8400025202002cb
:10d130000000028e0000428c019d053cc44ca524d9
:10d1400009f840002520200215ff00106c00bf8f59
:020000040000fa
:020000041d00dd
:10d1500068ffbd279400bfaf9000beaf8c00b7af93
:10d160008800b6af8400b5af8000b4af7c00b3af29
:10d170007800b2af7400b1af7000b0af258080000e
:10d180000300a5280f00a0100400918cc080828f9e
:10d190001a00401c9400bf8f9000be8f8c00b78f88
:10d1a0008800b68f8400b58f8000b48f7c00b38f69
:10d1b0007800b28f7400b18f7000b08f0800e00368
:10d1c0009800bd270000828c0000428c029d053c27
:10d1d000c0b6a52409f84000252020020000028ed8
:10d1e0000000428c029d053cd4b6a52409f84000fd
:10d1f00025202002e8ff00109400bf8f2598000032
:10d20000029d023ce4b642242800a2af029d173cd6
:10d21000029d163c029d153c029d023c2c00a2afd3
:10d22000029d023c3000a2af029d023c3400a2af3e
:10d23000029d023c3800a2af029d023c3c00a2af1e
:10d24000029d143c029d023c4000a2af029d023ca4
:10d250004400a2af019d023c4800a2af019d023ce8
:10d260004c00a2af029d023c5000a2af029d023cc6
:10d270005400a2af029d023c5800a2af029d023ca6
:10d280005c00a2af029d023c6000a2af029d023c86
:10d290006400a2af029d023c6800a2afecc5400f43
:10d2a0002520600225904000140006241400a527c4
:10d2b0007aa3400f252040000000028e04005e8cff
:10d2c00047c9400f25204002253840001400a627fa
:10d2d0002800a58f09f8c003252020024ec9400f61
:10d2e000252040020d0040146800a38f0000028e2c
:10d2f0000000428c10b7652409f840002520200268
:10d3000001007326c080828f2a106202e3ff40145e
:10d310009400bf8fa1ff00109000be8f48cc400f3b
:10d32000252040020000038e0400638c253040005d
:10d3300024b7e52609f860002520200235c5400ff6
:10d34000252040021000a2af140006241400a527d7
:10d35000f2a0400f1000a4270000028e0400428caf
:10d360001400a62748b7c52609f84000252020024a
:10d3700085bf400f252040021000a2af14000624f4
:10d380001400a527f2a0400f1000a4270000028e71
:10d390000400428c1400a6275cb7a52609f84000bb
:10d3a00025202002d2c7400f252040021000a2af46
:10d3b000140006241400a527f2a0400f1000a42793
:10d3c0000000028e0400428c1400a6272c00a38fbc
:10d3d00068b7652409f8400025202002dac7400f0d
:10d3e000252040021000a2af140006241400a52737
:10d3f000f2a0400f1000a4270000028e0400428c0f
:10d400001400a6273000a38f78b7652409f84000e0
:10d4100025202002e2c7400f252040021000a2afc5
:10d42000140006241400a527f2a0400f1000a42722
:10d430000000028e0400428c1400a6273400a38f43
:10d4400084b7652409f84000252020025cc9400ffc
:10d4500025204002140006241400a527b6ab400f77
:10d46000252040000000028e0400428c1400a627f4
:10d470003800a38f90b7652409f8400025202002ca
:10d480004ac2400f25204002300040144000a38fc4
:10d490000000028e0400428cd4b76624e8b78526cb
:10d4a00009f84000252020020000028e04005e8c56
:10d4b00066a9400f252040024800a38fa8a2662439
:10d4c0004c00a38fb8a263240a3062004400a28fec
:10d4d000a4b7452409f8c003252020020000028ecd
:10d4e00004005e8ca3bf400f252040026000a38f84
:10d4f000a0b666246400a38fa4b663240a30620039
:10d500005000a28fb4b7452409f8c003252020029b
:10d510000000028e04005e8c64c2400f2520400291
:10d520005800a38facb666245c00a38fb4b6632406
:10d530000a3062005400a28fc4b7452409f8c00322
:10d54000252020026fff0010010073260000028ecc
:10d550000400428c3c00a38ff4b76624e8b785260c
:10d5600009f8400025202002ddff00100000028e97
:020000040000fa
:020000041d00dd
:10d5700078ffbd278400bfaf8000b7af7c00b6af97
:10d580007800b5af7400b4af7000b3af6c00b2af49
:10d590006800b1af6400b0af2590800025a0c00046
:10d5a00025b0e0001000908c1400828c6c0002a664
:10d5b000420002961c00838c845a627c420002a6c0
:10d5c0004400138e39c9400f580004261800401437
:10d5d00025884000b2cc400f000000000900401038
:10d5e00025102002b0cc400f000000000400668e21
:10d5f000029d053c0cdaa5241097400f2520400021
:10d60000251020028400bf8f8000b78f7c00b68f6a
:10d610007800b58f7400b48f7000b38f6c00b28f38
:10d620006800b18f6400b08f0800e0038800bd2758
:10d630000b0080125400178e0a00c0521c00438e4b
:10d64000000064960000828ecd008210feffc3268b
:10d6500025108002ffff05246100651408004224a4
:10d660001c00438e0100022498006254039d133c69
:10d670001000558e3800a0af4000a0af4400a0af0e
:10d680004800a0af4c00a0af000042963c00a2a70b
:10d69000039d023c482042241000a2af039d023c9f
:10d6a000682042241400a2af039d023c882042243b
:10d6b0001800a2af0800428e1c00a2af029d023cdf
:10d6c000681d42242000a2af039d023cd89742244b
:10d6d0002400a2af039d023c58ba42242800a2af06
:10d6e000029d023c401f42242c00a2af039d023c3d
:10d6f000d09f42243000a2af3400b5af1400428e58
:10d700009acc400f3e00a2a79ccc400f4000a2a79d
:10d710004200a2a71800428e4400a2a31c00428e21
:10d720004500a2a3010002244600a2a73f00a28a4e
:10d730003c00a29a4800a2af4000a2924c00a2a3d3
:10d740004100a2924d00a2a35000a0a31000a22766
:10d750005400a2af5800b7af0800628e0d0040140d
:10d760005000a527b2cc400f000000000800405038
:10d770000800628eb0cc400f00000000029d053c06
:10d7800044daa5241097400f252040000800628e3f
:10d790005000a52709f8400000006496ffff03240d
:10d7a000150043144c0002aeb2cc400f4c0000ae4a
:10d7b0000900401025880000b0cc400f0000000098
:10d7c00000006696029d053c70daa5241097400f74
:10d7d00025204000258800008aff00102510200227
:10d7e0000000468c9cff8614ffff63240400578cc6
:10d7f0009bff0010540017ae1c00628e030005242e
:10d8000009f8400000006496ffff03242e00431433
:10d81000500002ae500000aeb2cc400f4c0000ae43
:10d82000edff401025880000b0cc400f0000000044
:10d830000400668e029d053ca0daa5241097400fd7
:10d84000252040006fff0010251020020000468cac
:10d850002a008614ffff63242b0000100400458c6f
:10d8600078a7a2261b006216000000005000048e5c
:10d870003f008010010006244400028e4c00428cc0
:10d8800009f840009607052432004014258840001e
:10d89000b2cc400f000000005aff4050251020027b
:10d8a000b0cc400f000000004400038e0400668ce2
:10d8b000029d053cf8daa5241097400f2520400072
:10d8c00050ff001025102002039d133c00a7732673
:10d8d000039d153c0c008012252880020a00c0120e
:10d8e00025280000000064960000828e220082102d
:10d8f000feffc32625108002ffff0524d3ff651419
:10d9000008004224252800000400628e09f8400027
:10d9100025204002d2ff40540c007326b2cc400fa9
:10d9200000000000090040500100313ab0cc400f27
:10d930000000000000006696029d053cc4daa524a4
:10d940001097400f252040000100313a2cff0010b5
:10d95000ff00313242000296010003248473627c8e
:10d96000c47b027c420002a6f7ff0010258800005d
:10d97000f5ff001025880000b7ff00102510800279
:08d980009aff0010251080023f
:020000040000fa
:020000041d00dd
:10d98800a8ffbd275400bfaf5000b7af4c00b6afdb
:10d998004800b5af4400b4af4000b3af3c00b2afed
:10d9a8003800b1af3400b0af25a080002598a000a2
:10d9b800240091840000a294c439027c0000a2a42f
:10d9c8002900b0900400848c5b0080101c00b28c8d
:10d9d800bc81400f0100062492004010f9ff052485
:10d9e8009c004016290062929f0050141c00728e01
:10d9f80011a5400f252020028a004010f6ff0524bb
:10da0800253000002528000082a2400f2520200292
:10da180034be400f25202002259040008100401090
:10da2800f6ff05241c00678e0400e724253000005b
:10da3800010005240663400f252020021c00638e88
:10da48002900629204004224801002000a10627cbd
:10da58001c00a2af1c00a6271800858e83a0400fcb
:10da6800252020023500052476bb400f2520200202
:10da780078c7400f00000000ffff4430294b400fdb
:10da8800240064a61000a2a7294b400f000104241b
:10da98001200a2a7294b400f010004241400a2a7da
:10daa8001a00a0a71800a0a71600a0a71000a48f0e
:10dab8001400a38f1800a28f030044aa000044bae0
:10dac800070043aa040043ba0b0042aa080042ba5e
:10dad8000c0042262000658e2580a000010010263b
:10dae800ffff039286006010232005022e00042405
:10daf800930064102f000424890064102320050279
:10db08002c00042462006410232005023e00042433
:10db1800f2ff641423200502ffff9424010050241f
:10db2800000054a0253080028dc5400f252000023a
:10db38005e000010212014022000a0af2400a0af36
:10db48002800a0af2c00a0af040006242000a527c1
:10db5800c794400f0800848e040006242000a527df
:10db6800c794400f1c00648e9ecc400f000000003c
:10db7800040006242000a527c794400f2520400054
:10db880045cc400f000000000d00401825b04000b3
:10db980025a80000ecc5400f2520a002040006249b
:10dba8002000a527c794400f2520400005004050bd
:10dbb8002000b6270100b526f6ffd51600000000a4
:10dbc8002000b6273000a4272510c00225b8000081
:10dbd8000000438c2b18030004004224fcff44146b
:10dbe80021b8e30225a800000000c48e07008010b9
:10dbf800ffffe6262630d5000100c62cbc81400f69
:10dc08002528600276ff4014000000000100b526b8
:10dc180004000224f4ffa2160400d6261c0060aefd
:10dc2800f9ff05242510a0005400bf8f5000b78fbe
:10dc38004c00b68f4800b58f4400b48f4000b38fb6
:10dc48003c00b28f3800b18f3400b08f0800e00379
:10dc58005800bd2705005014040002261c00628edf
:10dc680063ff52100000000004000226801002002a
:10dc78000a10427e5eff40102000a2af2000a527b8
:10dc8800f092400f2520400259ff001000000000cc
:10dc9800ffff942401005024000054a02530800286
:10dca8008dc5400f2520000221201402000080a00d
:10dcb800010080a028006292020082a0030080a0d8
:10dcc80001000224040082a005009024238012028f
:10dcd800ffff1032253000002528000282a2400fe5
:10dce80025202002f340400f252020022610500056
:10dcf800f6ff032401000524caff00100b28620068
:10dd0800ffff942401005024000054a02530800215
:10dd18008dc5400f25200002e4ff001021201402c9
:10dd2800ffff942401005024000054a025308002f5
:10dd38008dc5400f25200002dcff001021201402b1
:10dd480023a00502ffff942601005524000054a0db
:10dd5800253080028dc5400f2520a0022110b40275
:08dd68005eff001025280002f7
:020000040000fa
:020000041d00dd
:10dd7000c8ffbd273400bfaf3000beaf2c00b7af27
:10dd80002800b6af2400b5af2000b4af1c00b3af7d
:10dd90001800b2af1400b1af1000b0af25988000ea
:10dda00025a8a0002590c000010002240300a210b5
:10ddb00025b0e0001300c01425a0000076a6400f97
:10ddc000ffff112425a040020e00401425904000c2
:10ddd000251020023400bf8f3000be8f2c00b78f7b
:10dde0002800b68f2400b58f2000b48f1c00b38f9d
:10ddf0001800b28f1400b18f1000b08f0800e0033c
:10de00003800bd27ffff05342ec4400ffc80842757
:10de10000881838f380060101881848f0000828c05
:10de20002e004014258800002588000025f0000001
:10de30000c81848f0800828c8800062409f8400039
:10de400001000524258040000c81848f0281859784
:10de50000400828c09f840000100a52425b8400088
:10de60000c81848f008185970400828c09f8400022
:10de70000100a52405000012252840000400e0123e
:10de80000c81848f20004014028183970c81848f41
:10de90000c00828c09f84000ffff11240c81848f54
:10dea0000c00828c09f840002528e0020c81848f48
:10deb0000c00828c09f84000252800023ac4400f6b
:10dec000fc808427c3ff0010251020028010110061
:10ded0000a10827cd7ff40500c81848f01003126cc
:10dee000208e117c2b282302f8ffa01425f020029d
:10def000d0ff40100c81848f3ac4400ffc808427ef
:10df0000b3ff0010ffff1124008182973c0011a68f
:10df1000000017ae0100632421b8e302040017ae2d
:10df2000140005ae2128a200180005ae1802022434
:10df30006a0002a680f01e001881828f21f05e0028
:10df40000000d0af3ac4400ffc80842762000296e4
:10df5000720002a60000028e080002ae0c0002aea3
:10df6000100002ae1400028e1c0002ae200002aeb1
:10df70003e0002964408027c8410027cc418027c95
:10df80000421027c4429027c8431027cc439027c55
:10df90000442027c01000324444a627c8452027cd5
:10dfa0003e0002a6740002968410027c444a027c61
:10dfb000c418027c740002a6380000ae340000ae23
:10dfc000540000aeffff02245c0002ae640003a612
:10dfd000010002246e0002a6600000a6400000ae10
:10dfe000790000a27400028e0008427c770002a231
:10dff000740002960020433001006050480000aedb
:10e000000040423001004050440000ae870000a2b2
:10e01000010002241d006216770013a206200724c7
:10e0200004000624140005243ead400f74000424af
:10e030003f004010019d033c406e6324080043ac48
:10e040000c0050ac010003246c0043a4540043a412
:10e050000f0040104c0002ae740002960408627e6d
:10e060001500a012740002a6620012a6f4bb400fb5
:10e07000600014a6240002ae3e00029601000324b4
:10e080004408627c1d0000103e0002a64c0000ae59
:10e0900077000292050040507400029656a6400f89
:10e0a000252000024aff0010ffff11240408627eb1
:10e0b0000900a016740002a6620012a63e00029695
:10e0c000010003240400627c3e0002a6760000a248
:10e0d0003fff0010720012a6620012a6f4bb400fb0
:10e0e000600014a6240002ae3e0003960100022444
:10e0f0004408437c060062163e0003a60400c012da
:10e10000000000000000c28e01004054400002ae3a
:10e11000cfa4400f25200002000042280100042463
:10e120000b0003240a18820029ff0010760003a2c6
:08e13000d7ff00104c0002ae05
:020000040000fa
:020000041d00dd
:10e138002540c0002518e000255080009800e01414
:10e148002510a0002b30a6003500c01000000000ec
:10e15800202805710600a0102320050006208a004b
:10e168000410a2000440a800251082000450aa0050
:10e17800023408001b004600f401c000ffff05310f
:10e1880002240a00123800001010000000140200d7
:10e19800252044000248a7702b5889000a00601106
:10e1a8002510e000212088002b5888000600601503
:10e1b800ffffe2242b5889000400605123208900c6
:10e1c800feffe22421208800232089001b0086000e
:10e1d800f401c000103000000034060012200000d6
:10e1e8000238a470ffff45312528c5002b48a70039
:10e1f8000800201125308000212805012b40a800a7
:10e2080004000015ffff86242b28a7000100a05456
:10e21800feff8624001402000800e00325104600d3
:10e2280004000015010002241b004800f40100014d
:10e238001240000020580b712300601520000724ad
:10e248002328a80001000324023408001b00a600ac
:10e25800f401c000ffff073102240a001228000061
:10e268001010000000140200252044000248e57048
:10e278002b5889000a0060112510a0002120880071
:10e288002b58880006006015ffffa2242b58890030
:10e298000400605123208900feffa2242120880069
:10e2a800232089001b008600f401c000ffff4a31cb
:10e2b80010280000002c05002528aa0012200000c4
:10e2c800caff00100238e4702338eb0004406801ec
:10e2d8000648e400023408000638e5001b00e600a2
:10e2e800f401c0000410650125482201ffff023136
:10e2f800021c09001228000010380000003c07002a
:10e308002538e300025045702b60ea000a008011ae
:10e318002518a0002138e8002b60e80006008015c9
:10e32800ffffa3242b60ea00040080512338ea0091
:10e33800feffa3242138e8002338ea001b00e6008a
:10e34800f401c000ffff2531123000001038000032
:10e35800003c07002528e500021046702b48a20063
:10e368000a0020112538c0002128a8002b48a80041
:10e3780006002015ffffc7242b48a20004002051e7
:10e38800001c0300feffc7242128a800001c03006e
:10e39800045064012328a200abff00102518670071
:10e3a8002b40a700251800004e000015251000007e
:10e3b8002050ea7007004015200009242b28e500aa
:10e3c8004800a014010002242b1086000800e00376
:10e3d8000100423823482a01061026010438470163
:10e3e800253847000418450102440700062825017e
:10e3f8001b00a800f4010001ffffeb300610240108
:10e4080025104300021c02001228000010480000da
:10e41800004c090025482301026065712b682c0116
:10e428000a00a0112518a000214827012b68270100
:10e438000600a015ffffa3242b682c010400a0519f
:10e4480023482c01feffa3242148270123482c013f
:10e458001b002801f4010001ffff453012400000b5
:10e4680010480000004c0900252825010258687151
:10e478002b10ab000a004010254800012128a700f6
:10e488002b10a70006004014ffff09252b10ab0036
:10e498000400401000140300feff09252128a700ee
:10e4a8000014030004304601251049001900c20079
:10e4b8002328ab00103800002b18a70007006014b1
:10e4c800123000000700a71425180000042044019a
:10e4d8002b2086000300801000000000ffff42246c
:10e4e800251800000800e003000000002548c000cf
:10e4f800251080008b00e0142518a0002b30a60002
:10e508003300c01020502a7108004011025c090035
:10e518000418450123280a000628a40004484901d4
:10e528002518a30004104401025c09001b006b00bd
:10e53800f4016001ffff24311218000010280000c8
:10e5480002306470001c0500022c020025186500ca
:10e558002b2866000800a0502318660021186900bf
:10e568002b2869000300a0142b2866000100a05482
:10e5780021186900231866001b006b00f401600174
:10e58800ffff42301030000012180000025864707b
:10e59800001c0600251062002b184b000900605073
:10e5a80023104b00211049002b1849000500605426
:10e5b80023104b002b184b00010060542110490018
:10e5c80023104b00061042010800e0032518000044
:10e5d80004002015010003241b006900f401200138
:10e5e8001248000020502a711f00401520000724ff
:10e5f8002328a900025c09001b00ab00f40160019c
:10e60800ffff243112280000101800000230a47007
:10e61800002c0300021c02002528a3002b18a600ca
:10e62800080060502330a6002128a9002b18a90053
:10e63800030060142b18a600010060542128a900cb
:10e648002330a6001b00cb00f4016001ffff42301d
:10e6580010280000123000000258c4700034050071
:10e66800cdff00102510c2002338ea0004484901f4
:10e678000618e400023409000638e5001b00e6002d
:10e68800f401c00004104501ffff2831251862007d
:10e69800022c030012380000106000000210e8701d
:10e6a800003c0c002538e5002b28e2000800a050ab
:10e6b8002338e2002138e9002b28e9000300a014e0
:10e6c8002b28e2000100a0542138e9002338e20099
:10e6d8001b00e600f401c000ffff653012300000a7
:10e6e80010380000003c07002528e5000230c870fb
:10e6f8002b10a60009004010041044012128a9008d
:10e708002b10a90005004014041044012b10a6008a
:10e71800010040542128a90004104401b5ff00104d
:10e728002328a6002b40a7005c0000152070ee707f
:10e738000a00c0152b40e500030000152b40860099
:10e748005600001500000000231086002328a700ab
:10e758002b1882000800e0032318a30020000b24d4
:10e7680023586e01066066010438c7012538870101
:10e778000440c501024c0700062865011b00a900da
:10e78800f40120010610640125104800ffffe8305d
:10e7980002640200122800001050000000540a0011
:10e7a80025504c01021805712b6043010a008011a5
:10e7b8002568a000215047012b60470106008015fd
:10e7c800ffffad242b604301040080512350430117
:10e7d800feffad2421504701235043011b0049018e
:10e7e800f4012001124800001050000000540a00f3
:10e7f80002280971ffff4830254048012b10050108
:10e808000a00401025502001214007012b10070164
:10e8180006004014ffff2a252b10050104004010b4
:10e8280000640d00feff2a252140070100640d0049
:10e838000410c60125608a011900820123400501e0
:10e848000418c401106800002b200d012528a00120
:10e8580012600000050080141230000007000d153a
:10e868002b206c00060080102330660023308201c4
:10e878002338a7012b6086012328ec00233066008b
:10e888002b186600234005012318030104106301b7
:10e898000630c601251046000618c3010800e0032b
:04e8a800000000006c
:020000040000fa
:020000041d00dd
:10e8ac0060ffbd279c00bfaf9800beaf9400b7af10
:10e8bc009000b6af8c00b5af8800b4af8400b3af96
:10e8cc008000b2af7c00b1af7800b0af0f00052470
:10e8dc0032a8400f0e000424259040000200423064
:10e8ec00090040100180023c988b508469b2400fa3
:10e8fc0025200002930040140180023c9c8b429422
:10e90c00a100401425880000000152328200401200
:10e91c009c00bf8f0001052432a8400f0e00042478
:10e92c000180023c988b42241400448c0400838c9c
:10e93c0009f86000020045947600401025984000cc
:10e94c000180023c988b44846800a4af988b4224cd
:10e95c000800468ce82e400f0300052425a8000073
:10e96c0001801e3c988bd027039d023c7000a2af07
:10e97c00039d173c0600049601000224041082003b
:10e98c000c00038e241043005000405006000296e9
:10e99c00ecc5400f988bd18725904000f6c5400ff1
:10e9ac0025204000530040102530000011a5400fd9
:10e9bc0025202002020003962b1043004c0040142b
:10e9cc0025b000001000b3af1800b2af1c00a0af10
:10e9dc002000a3af2400b3af1c00028e2800a2af0e
:10e9ec007000a28f88265424a426e2266c00a2afc5
:10e9fc001400b6af0000828e09f840001000a42766
:10ea0c00830040041c00a38f211862001c00a3afdc
:10ea1c002000a38f231862002000a3af2400a38f33
:10ea2c0021186200060040102400a3af0d00022440
:10ea3c00feff62a02400a28f0a000324ffff43a064
:10ea4c00040094266c00a28fe9ff82160100d626e2
:10ea5c001c00a28ffdff42241c00a2af25284002ff
:10ea6c000a9f400f252020020400428e6400a2afb2
:10ea7c006400a627010005248fa8400f2520200242
:10ea8c001c00a697030065264198400f2520200204
:10ea9c001c00028e030040102528200209f84000bb
:10eaac0025204002f340400f25202002060003964b
:10eabc000100022404106200271002000c00038ed7
:10eacc00241043000c0002ae060002960100422402
:10eadc00ffff4230060002a60400039601004350db
:10eaec00060000a60100b526a3ffa3560600049657
:10eafc002530000001000524e82e400f6800a48f8b
:10eb0c000180023cac8b448c0c00828c09f84000d8
:10eb1c00252860029c00bf8f9800be8f9400b78f91
:10eb2c009000b68f8c00b58f8800b48f8400b38fa3
:10eb3c008000b28f7c00b18f7800b08f0800e003aa
:10eb4c00a000bd276400a52786c9400f2520000220
:10eb5c006400a39344000224070062141000a5274c
:10eb6c00ab6e400f2520000202000624080005248d
:10eb7c00d3ab400f5800a48f44be400f2520000299
:10eb8c005aff0010000000000180103c988b1026ea
:10eb9c00ecc5400f252020022598400064c2400f90
:10ebac00252040000d004014010002240410220214
:10ebbc00271002001000038e24104300100002ae38
:10ebcc0001003126040002962a102202f0ff4014a4
:10ebdc00000000004dff0010000152321000028ea8
:10ebec00010003240418230224204300f4ff8014a2
:10ebfc0025104300100002ae25300000080005244b
:10ec0c00d3ab400f25206002eeff0010010031262f
:10ec1c00252840020a9f400f252020020400428e26
:10ec2c006400a2af6400a627010005248fa8400f42
:10ec3c00252020021c00a697252860024198400f31
:0cec4c002520200297ff001000000000af
:020000040000fa
:020000041d00dd
:10ec5800d0ffbd272c00bfaf2800b6af2400b5af4a
:10ec68002000b4af1c00b3af1800b2af1400b1afae
:10ec78001000b0af1800838c030002241400621443
:10ec8800259880001000848c42008394080063302b
:10ec9800050060100100022425300000329b400f5f
:10eca80025280000010002242c00bf8f2800b68f01
:10ecb8002400b58f2000b48f1c00b38f1800b28fca
:10ecc8001400b18f1000b08f0800e0033000bd279a
:10ecd8004081928faa0040162588a0000180023c3e
:10ece800708b40ac708b4224040040ac080040acf0
:10ecf8000c0040ac100040ac140040ac180040ac14
:10ed08001c0040ac200040ac240040ace6ffa01042
:10ed1800251000001000a48c02000324e3ff8310d8
:10ed28002c00bf8f0800648e0180023c808b44acad
:10ed38000400a28c40a0020021a0820200a11400bd
:10ed4800280094260400828c09f8400025288002b7
:10ed580025804000d4ff00122510000025308002d5
:10ed680025280000a0c6400f252000022800022602
:10ed7800000002ae040010ae30000224080002ae0b
:10ed88000400228e0c0002ae01000224100002ae24
:10ed9800039d023c4cdf4224140002ae029d023c5b
:10eda80054664224180002ae039d023ca820422467
:10edb8001c0002ae039d023c68a84224200002ae5b
:10edc8000cc0400f252000020180033c708b70ac02
:10edd800708b6324ffff0224240062a40800228ea3
:10ede800140062ac0c00248e200064a41400228e4f
:10edf800220062a41000258e180065ac0400238e42
:10ee08002e006018ffff8430ffff543080a01400ec
:10ee18001000842421a0840280a014000180153ce5
:10ee2800708bb526252840021ec6400f25200002fb
:10ee380025b040001000a48e0400828c09f8400020
:10ee480025288002060040140400c2ae0180043c5c
:10ee5800d895400f708b842493ff00102510000074
:10ee68002000c0ae1000c0ae1400c0ae2000a396b3
:10ee7800060060502200a3961000c2ae2000a396a0
:10ee880080180300211043002200a396060060505a
:10ee98002000c2ae1400c2ae2200a39600190300df
:10eea800211043002000c2ae010052260400228e29
:10eeb8002a104202dcff401425284002c80006241c
:10eec800029d053c8482a524caae400f0f0004248d
:10eed8000180033c380040107c8b62ac0180023c0e
:10eee800948b4384ffff0224220062142530000023
:10eef800350005240180023c78c9400f888b448c7a
:10ef080025804000ffff02242c0002120180043cef
:10ef1800530005247fc9400f252000025300422cce
:10ef2800060040105300062405000524e82e400f73
:10ef3800252000021e0040100000000025300000bf
:10ef480002000524e82e400f252000022538000085
:10ef5800039d063cf809c62400010524099b400fbf
:10ef68002520000212004010000000000180023c31
:10ef7800948b50a40180023c708b4224448182af60
:10ef88001000648e42008294080042300300401052
:10ef980025300000329b400f252800004081828fd9
:10efa80001004224408182af3fff0010010002248b
:10efb8002cb9400f252000020180043c1fb1400fee
:0cefc800708b842438ff0010251000001e
:020000040000fa
:020000041d00dd
:10efd400b8ffbd274400bfaf4000beaf3c00b7af91
:10efe4003800b6af3400b5af3000b4af2c00b3afc7
:10eff4002800b2af2400b1af2000b0af1800838c5a
:10f0040003000224190062140180023c288a5090f3
:10f01400ca0000120180023c1c8a518c1dcb400f97
:10f024001000848cc020020021208200c020040033
:10f0340019b9400f21202402251000024400bf8f7b
:10f044004000be8f3c00b78f3800b68f3400b58fb8
:10f054003000b48f2c00b38f2800b28f2400b18ffe
:10f064002000b08f0800e0034800bd2725988000e9
:10f074000180023c248a548c9c0080162588a000c0
:10f08400edffa010258000000400a3900180023c45
:10f09400188a4224100043a00400428c0800401047
:10f0a40000009094040060140180023c188a428c91
:10f0b400040050500800648eed75400f00000000fd
:10f0c4000800648e0180033c188a6224080044ac62
:10f0d400188a70ac0800238e340043ac0c00238ed5
:10f0e400380043ac1000238e3c0043ac1400238e44
:10f0f400400043ac2000238e440043a42400238e0c
:10f10400460043a40400428c7800401448000624be
:10f114000800828c09f84000252800022590400050
:10f124000180023c1c8a52acc3ff401225800000bf
:10f134000180023c188a428c5000401800000000f4
:10f144000000238e4010030021104300c010020071
:10f15400280042241000a2af0180153c188abe2664
:10f16400039d173c039d163c039d023c1400a2af73
:10f17400039d023c1800a2af0800c48f0400828cd7
:10f1840009f840001000a58f0500401425804000b8
:10f19400ed75400f00000000a8ff001025100002cc
:10f1a40028004224000002ae040012ae180002241b
:10f1b400080002ae0000228e0c0002ae0100022400
:10f1c400100002ae7cffe226140002aeecbfc226a1
:10f1d400180002ae1400a28fa82542241c0002ae1f
:10f1e4001800a28fac2f4224200002ae0cc0400fa6
:10f1f40025200002000050ae52b9400f04004426fe
:10f20400090040100000000052b9400f18004426c5
:10f21400050040100000000052b9400f2c004426a5
:10f22400050040540000428eed75400f258000001b
:10f2340082ff0010251000020c00428c1800238e5f
:10f244000210437063004224eb51033c1f85633476
:10f25400190043001010000042110200400042aea9
:10f264001c00228e440042ae01009426188aa28e0d
:10f274002a108202c0ff40144800522602c1400fe7
:10f284000180103c188a1026480002aed0070624dc
:10f29400019d053cbcc4a524caae400f0200042451
:10f2a4001c0002ae0180043c39c9400f388a842412
:10f2b4004800038e060060100180033c348a638c8e
:10f2c4000300601000000000050040540180023c6f
:10f2d400ed75400f2580000058ff00102510000236
:10f2e400188a4224180040ac140040ac0180103c41
:10f2f400188a10260400118e1dcb400f1000648e56
:10f3040010000392070060500180023cc0200200fc
:10f3140021208200c020040019b9400f21202402ba
:10f324000180023c188a42240c00438c01006324af
:10f334000c0043ac40ff0010010010243eff0010fd
:04f344000100102490
:020000040000fa
:020000041d00dd
:10f34800b0ffbd274c00bfaf4800b7af4400b6af11
:10f358004000b5af3c00b4af3800b3af3400b2af33
:10f368003000b1af2c00b0af0f00052432a8400f19
:10f37800030004240100423006004010400013241a
:10f388000180123ce2af400f030004240c0040143b
:10f39800258040004c00bf8f4800b78f4400b68fcf
:10f3a8004000b58f3c00b48f3800b38f3400b28f63
:10f3b8003000b18f2c00b08f0800e0035000bd274b
:10f3c8001800118e00002292f0004230960053146b
:10f3d800f2ff05240000348e80a014003c00943213
:10f3e8001400822e90004014ffff97321000028e06
:10f3f8000c0042942b1057008c0040140300062484
:10f40800294b400f0200249625b040002b105700ce
:10f4180085004014f2ff0524fec4400f2520000299
:10f428002b10560080004014f2ff05242800158e8a
:10f438007d00a012ecff05244200a2964000423055
:10f448008b004010ffff02240c00238e7600621010
:10f45800f5ff05240800a28e271002000400a48ee0
:10f468002510440071006210030006241000228e4b
:10f4780083004010253000002528e002314b400f62
:10f488002520200268004014f6ff05240000268e7f
:10f498000400248e0800258e0c00238e1000228e76
:10f4a8001000a6af1400a4af1800a5af1c00a3afae
:10f4b8002000a2af1200b6a7294b400f0224040077
:10f4c8001600a2a71400a28fff3f033c241043009c
:10f4d8006d0040142000a48f0400a58e0800a38ea0
:10f4e8002410a3000a008210ffff062405008610de
:10f4f8008080828f27180300251865001e0083145a
:10f508002000a39302004230230040501800148ebc
:10f518008480838f8480828ffdff62140000000046
:10f5280041004010ecff05242cc1400f9c8c442660
:10f538009c8c518e0c0020120000000008002292c2
:10f5480006004010252880020400228e09f8400099
:10f558002520000252004014000000000000318ef7
:10f56800f7ff2056080022923ac1400f9c8c44268f
:10f578002d000010ecff0524f0006330e0000624a5
:10f588002e0066140001033c04004230e0ff4014e2
:10f59800000000001800148e0000918e8088110071
:10f5a8003c003132211091021c0002ae1000038e83
:10f5b800ffff31320c006294231051000c0062a44a
:10f5c800294b400f02008496020082a623105100a6
:10f5d800200002a6294b400f06008496060082a64a
:10f5e8000900829206000324290043101100032415
:10f5f80029004310010003240b004314f1ff0524e4
:10f60800060004240400828eff3f033c24104300bc
:10f618005cff4014010006243c9d400f2528000291
:10f6280058ff4014f1ff05240300062496ae400f4e
:10f638002520000253ff0010000000007f00632413
:10f648000300831001004230b1ffa4140000000041
:10f65800d1ff40501800148eadff001000000000cc
:10f66800f1ff0010f2ff0524efff0010f2ff052460
:10f67800edff0010ecff0524ebff0010f5ff05245b
:10f68800e9ff0010f4ff0524e7ff0010f2ff05244e
:10f69800dcff00100a000424daff0010090004242b
:10f6a8003ac1400f9c8c4426bbff00101800148ef2
:020000040000fa
:020000041d00dd
:10f6b800a8ffbd275400bfaf5000beaf4c00b7af86
:10f6c8004800b6af4400b5af4000b4af3c00b3af9c
:10f6d8003800b2af3400b1af3000b0af0f0005242e
:10f6e80032a8400f09000424010055300600a0127a
:10f6f8005400bf8fe2af400f090004240d004014ee
:10f70800258840005400bf8f5000be8f4c00b78f33
:10f718004800b68f4400b58f4000b48f3c00b38fcb
:10f728003800b28f3400b18f3000b08f0800e0038a
:10f738005800bd27200022960800422ca90040143a
:10f74800f2ff05242200229600024230a500401450
:10f75800f1ff05241c00328e294b400f040044960b
:10f7680025804000200022969e005014f2ff0524b8
:10f77800060042961a0040101800368e0c00c28e01
:10f788001000a2af1000c28e1400a2af1800a0a3f0
:10f79800110002241900a2a3040042961a00a2a78d
:10f7a800253000000c000524314b400f1000a42721
:10f7b80027100200ffff4630220022960400423044
:10f7c800410040102538c00025300002252840029d
:10f7d800a77f400f2520200282004014f6ff052451
:10f7e800294b400f00004496000042a6294b400fc9
:10f7f80002004496020042a6f8ff1026040050a614
:10f808003081828f77004018f1ff05242800228e6e
:10f818002000a2af25a000009abb400f25200000c1
:10f8280025284000808014003481828f0a80507c13
:10f8380077000012000000004000138e4004627e32
:10f848007300401000000000620002925400038e12
:10f858002a1862006e006010000000002a0002965c
:10f868002400a2af3c0004922800a4af280006960a
:10f878002c00a6af24001e8e1c00178e4ebd400f14
:10f8880025200000020042962400a38f070043149d
:10f898002800a28fffff4230010003240f004350cd
:10f8a8002510a0020e0040102518a0020100942681
:10f8b8003081828f2a108202d7ff4014f1ff05247d
:10f8c800490000100900062425280002314b400f8a
:10f8d80025204002c0ff001000000000251800008d
:10f8e800000044962c00a58f110085140400643292
:10f8f800020042342000a48f10009e140000000073
:10f90800040042340300e012100073321100605208
:10f918001800248e08006334251043000f000324c8
:10f92800e2ff431401000224100000103c0002a270
:10f9380002006534efff00100b18a4000300c01389
:10f9480008006432efff801000000000edff001097
:10f95800040063340c00848cd4ffe416080042349d
:10f968000f000424edff44142510430048000296bc
:10f978000200423005004010e00003241000c2924b
:10f98800f000423017004314f1ff05249abb400fe2
:10f99800252000002590400025282002fec3400fa6
:10f9a8004c0004266000029600014230140040100a
:10f9b800252840025800138e5c00148e4ebd400f5f
:10f9c800252000004bff6012253880020001062424
:10f9d8002800258e09f860021200048645ff0010f1
:10f9e800000000000900062496ae400f25202002e2
:10f9f80040ff001000000000faff0010f2ff05248d
:10fa08004ebd400f252000003aff00100000000006
:10fa18004ebd400f25200000a5ff001001009426d0
:020000040000fa
:020000041d00dd
:10fa2800c0ffbd273c00bfaf3800b6af3400b5af4c
:10fa38003000b4af2c00b3af2800b2af2400b1af90
:10fa48002000b0af259080000100142425a8a00054
:10fa58000ba88600020002240aa046003c00848c01
:10fa68007a008010251000002580a000c9af400f43
:10fa7800380045261e004010258840003f00428877
:10fa88003c00229a1000a2af400022921400a2a3c8
:10fa9800410022921500a2a33c0051ae2528000285
:10faa8000db2400f25202002258840006700201253
:10fab80025100000280011ae000807243c00262667
:10fac8001000a5273c9a400f25200002220002962c
:10fad80010004234220002a6010006242528000254
:10fae8007e95400f252020025800001001000224b6
:10faf8003800568effff02240700c2521000a2af42
:10fb08003c00538eaac3400f252060021f00c21676
:10fb1800ffff02241000a2af1400a2a71000b12713
:10fb2800252800020db2400f3c00448e259040006d
:10fb38004600401225100000280012ae00080724d5
:10fb48003c004626252820023c9a400f252000022a
:10fb5800fec4400f25200002f2ff422472004396a3
:10fb6800ffff42302b186200380060142510000097
:10fb78004000201225280002efb0400f2520400247
:10fb88002710020031000010c2170200080060129e
:10fb98000300022476006392060062543800429201
:10fba8001000a0af1400a0a7ddff00101000b127bf
:10fbb8003800429220004224ff0042301000422cbc
:10fbc8000e004010010002241000a2a31100a0a3ff
:10fbd8005e0002241200a2a3390042927f00423044
:10fbe8001300a2a33a0042921400a2a33b0042923f
:10fbf8001500a2a3caff00101000b1273800438ed9
:10fc08000400628e261062000800648e24104400ee
:10fc1800010040540c00638e1800a3af01000724b4
:10fc28001000a6271800a527f0a4400f2520600281
:10fc3800020003244d004310010003244408027c01
:10fc4800b8ff431025280002251000003c00bf8f94
:10fc58003800b68f3400b58f3000b48f2c00b38fc6
:10fc68002800b28f2400b18f2000b08f0800e00375
:10fc78004000bd278c80828f14004014253000007e
:10fc8800029d053c6caba52486b4400f25200000de
:10fc98000e0040148c8082afb2cc400f00000000f0
:10fca8000200432ce9ff601425100000b0cc400f7f
:10fcb80000000000039d053cbcdda5241097400f03
:10fcc80025204000e1ff0010251000006c0051962f
:10fcd8000180043c2cc1400fb08c84240180043c7a
:10fce8001bc0400f4c8d842411004054040054a0c4
:10fcf800b2cc400f000000000200422c0800405423
:10fd08000180043cb0cc400f00000000039d053c7e
:10fd1800ecdda5241097400f252040000180043c0d
:10fd28003ac1400fb08c8424c8ff00102510000091
:10fd3800050051a0080055ac1800a38f0c0043ac77
:10fd4800252840000180113cfec3400fb08c2426ba
:10fd58003ac1400fb08c2426220002960800423493
:10fd6800220002a6b9ff0010010002246cff001057
:04fd78001000b1279f
:020000040000fa
:020000041d00dd
:10fd7c0055736167653a204c4544203c317c327c9c
:10fd8c00337c527c477c423e203c4f4e7c4f464657
:10fd9c007c544f474c4c45653e0d0a003100000029
:10fdac004f4e00004c454431207475726e656420d2
:10fdbc004f4e2e0d0a0000004f4646004c45443174
:10fdcc00207475726e6564204f46462e0d0a000035
:10fddc00544f47474c4500004c45443120746f67e5
:10fdec00676c65642e0d0a00496e76616c6964203f
:10fdfc00616374696f6e20666f72204c4544312ebe
:10fe0c0020557365204f6e2c204f66662c206f7228
:10fe1c0020546f67676c652e0d0a000032000000dd
:10fe2c004c454432207475726e6564204f4e2e0d15
:10fe3c000a0000004c454432207475726e656420d3
:10fe4c004f46462e0d0a00004c45443220746f6715
:10fe5c00676c65642e0d0a00496e76616c696420ce
:10fe6c00616374696f6e20666f72204c4544322e4c
:10fe7c0020557365204f6e2c204f66662c206f72b8
:10fe8c0020546f67676c652e0d0a0000330000006c
:10fe9c004c454433207475726e6564204f4e2e0da4
:10feac000a0000004c454433207475726e65642062
:10febc004f46462e0d0a00004c45443320746f67a4
:10fecc00676c65642e0d0a00496e76616c6964205e
:10fedc00616374696f6e20666f72204c4544332edb
:10feec0020557365204f6e2c204f66662c206f7248
:10fefc0020546f67676c652e0d0a000052000000dd
:10ff0c00526564204c4544207475726e6564204fb4
:10ff1c004e2e0d0a00000000526564204c45442012
:10ff2c007475726e6564204f46462e0d0a000000f3
:10ff3c00526564204c454420746f67676c65642e71
:10ff4c000d0a0000496e76616c6964206163746906
:10ff5c006f6e20666f7220526564204c45442e20d3
:10ff6c00557365204f6e2c204f66662c206f7220c7
:10ff7c00546f67676c652e0d0a0000004700000087
:10ff8c00477265656e204c4544207475726e6564cd
:10ff9c00204f4e2e0d0a0000477265656e204c45b1
:10ffac0044207475726e6564204f46462e0d0a000f
:10ffbc00477265656e204c454420746f67676c65ad
:10ffcc00642e0d0a00000000496e76616c69642095
:10ffdc00616374696f6e20666f7220477265656e1f
:10ffec00204c45442e20557365204f6e2c204f66b7
:10fffc00662c206f7220546f67676c652e0d0a009b
:020000041d01dc
:10000c0042000000426c7565204c454420747572aa
:10001c006e6564204f4e2e0d0a000000426c756513
:10002c00204c4544207475726e6564204f46462ef4
:10003c000d0a0000426c7565204c454420746f67b6
:10004c00676c65642e0d0a00496e76616c696420dc
:10005c00616374696f6e20666f7220426c756520e7
:10006c004c45442e20557365204f6e2c204f6666f0
:10007c002c206f7220546f67676c652e0d0a000080
:10008c00496e76616c6964204c45442e205573652d
:10009c0020312c20322c20332c20522c20472c2089
:0800ac006f7220422e0d0a00c4
:020000040000fa
:020000041d01dc
:1000b400d8ffbd272400bfaf2000b4af1c00b3afee
:1000c4001800b2af1400b1af1000b0afb50080108b
:1000d40053ff1224b300a0102588a0007000838c65
:1000e400feff022409006210258080002538a0004c
:1000f400253000003f8e400f252800002590400049
:10010400f1fe0224a8004216251040022000142605
:100114006000028e01004324600003ae21108202bd
:1001240080ff0324000043a06000048e3900822c69
:100134001e004014252800004000122423304402ed
:10014400a0c6400f21208402600012ae2520800248
:1001540060000726ff00063cff00c62400ff053ca4
:1001640000ffa5340000838c021203002410460013
:10017400001a03002418650025104300021422000d
:10018400000082ac04008424f7ff87540000838cb1
:10019400252880021530400f2520000281004014dc
:1001a40025904000600000ae6000048e38000624f4
:1001b4002330c40025280000a0c6400f212084025b
:1001c4006400038e6800028ec01002004227030000
:1001d40021104400680002aec0180300640003ae9e
:1001e400200004262598000260000726ff00063c34
:1001f400ff00c62400ff053c00ffa5340000838ceb
:100204000212030024104600001a0300241865009b
:100214002510430002142200000082ac0400842450
:10022400f6ff87145800022668000426030083881a
:10023400000083985b0003aa000043b85c00022618
:100244006400042603008388000083985f0003aae7
:10025400000043b8252880021530400f25200002f5
:10026400500040142590400025100002200007266d
:10027400ff00063cff00c62400ff053c00ffa53438
:100284000000648e021a0400241866000022040090
:100294002420850025186400021c2300000063ae9e
:1002a40004007326f7fff3540000648e03004a88a9
:1002b40000004a9807004988040049980b004888c0
:1002c400080048980f0047880c0047981300468898
:1002d4001000469817004588140045981b00448870
:1002e400180044981f0043881c00439803002aaa5e
:1002f40000002aba070029aa040029ba0b0028aa78
:10030400080028ba0f0027aa0c0027ba130026aa4f
:10031400100026ba170025aa140025ba1b0024aa27
:10032400180024ba1f0023aa1c0023ba096a023c3d
:1003340067e64234000002ae67bb023c85ae42343d
:10034400040002ae6e3c023c72f34234080002ae7a
:100354004fa5023c3af542340c0002ae0e51023c69
:100364007f524224100002ae059b023c8c6842245a
:10037400140002ae831f023cabd94234180002ae13
:10038400e05b023c19cd42341c0002ae600000aeba
:10039400640000ae680000aec6cc400f780000ae2a
:1003a400700002ae251040022400bf8f2000b48fdd
:1003b4001c00b38f1800b28f1400b18f1000b08fdf
:0803c4000800e0032800bd273a
:020000040000fa
:020000041d01dc
:1003cc00c0ffbd273c00bfaf3800b6af3400b5af9f
:1003dc003000b4af2c00b3af2800b2af2400b1afe3
:1003ec0014c6400f2000b0af9000401025880000cc
:1003fc00258040001ec1400f252040008c0040107d
:10040c00251020024000078e0002e230920040547a
:10041c000c00028e0800118e0000028e238822022e
:10042c00ffff313281002012010002243c001592a2
:10043c007e00a216258800001400028e7b0040105e
:10044c008000e230040040108001e77c2400028e22
:10045c000e0040544000028e18000626140005269b
:10046c004199400f2400048e240002ae6f0040100e
:10047c00258800004000028e8000423401000324d5
:10048c008431627c400002ae4000028e0300423098
:10049c0002000324050043540c00128eaac3400f23
:1004ac002400048e140002ae0c00128e1800028e72
:1004bc00340042ae1400028e380042ae2400028e8c
:1004cc003c0042ae4000028e0002423064004050bc
:1004dc000800118e44005626500051960800022444
:1004ec001c00538e1000438e0c00649421104400a9
:1004fc000c0062a408003426ffff9432294b400ff5
:10050c002a000496000062a6294b400f280004968e
:10051c00020062a6294b400f25208002040062a62f
:10052c00060060a63400428e1000a2af3800428e46
:10053c001400a2af1800a0a3110002241900a2a35a
:10054c00040062961a00a2a7253000000c000524b6
:10055c00314b400f1000a42727100200ffff46303c
:10056c004000028e00024230440040100800052476
:10057c00314b400f2520600227100200ffff463050
:10058c0025282002314b400f0800c48e2710020092
:10059c00ffff423027100200060062a6380042928c
:1005ac00f0004230e00003243a0043141c00a7275b
:1005bc00630002920ba842001d00b5a34800028ef6
:1005cc00c028437c1c00a3a34002427c1e00a2a3b3
:1005dc002530800211000524934f400f2520400246
:1005ec00000040ae4000028e8004427c320042a6e5
:1005fc00c2c7400f252040020d00401425102002d8
:10060c001000428e0c0040a44000028e00024230ca
:10061c002e0040500000028e500040a62200429650
:10062c00c418027c220042a6258800002510200256
:10063c003c00bf8f3800b68f3400b58f3000b48fbc
:10064c002c00b38f2800b28f2400b18f2000b08f04
:10065c000800e0034000bd2772ff001050005194c9
:10066c000000028e23882202ffff3132080022266e
:10067c00ffff42309aff001025b0000025288002b1
:10068c00314b400f2520600227100200c1ff0010e3
:10069c00ffff4230630002921d00a2a34800028ead
:1006ac00c028437c1c00a3a34002427c1e00a2a3d2
:1006bc002530800211000524934f400f2520400265
:1006cc00000040aec9ff001025100000d3ff001041
:0406dc00080002ae62
:020000040000fa
:020000041d01dc
:1006e000c8ffbd273400bfaf3000b7af2c00b6af96
:1006f0002800b5af2400b4af2000b3af1c00b2afe8
:100700001800b1af1400b0af25a880002588a00064
:1007100025b0e0004800b78f4c00b48f80900600f1
:10072000a586400f25204002259840008c006012cd
:10073000ffff0224a586400f5800042485004010c6
:10074000258040005800062425280000a0c6400f40
:1007500025204000300013ae25304002a5000524be
:10076000a0c6400f25206002880020163000138e9e
:100770000500e22e040003240ab862002c0017ae24
:10078000480017ae04001126c0cc400f25202002df
:10079000c0cc400f18000426100010ae0500022443
:1007a00023b85700180017ae240010aefcff5226e5
:1007b000219072022530c0022528a0022520400287
:1007c00097b1400f0410047c02008012000002aeba
:1007d000000090ae2abc400f000000000482828f0f
:1007e00001004224048282af1482828f750040147b
:1007f00000000000148290af0482838f0100022465
:10080000220062140180043c54c7400ff8888424fd
:100810000180043c54c7400f0c8984240180043caf
:1008200054c7400f208984240180043c54c7400fe2
:10083000348984240180043c54c7400f48898424af
:100840000180133c54c7400f288d64260180123c60
:1008500054c7400f148d44260180043c54c7400ff8
:10086000008d84240180043c54c7400fec8c842408
:100870000180043c54c7400fd88c8424288d7326f3
:10088000108293af148d52260c8292afe881828f32
:1008900001004224e88182af2c00058efc81838f09
:1008a000010002240410a20025104300fc8182af45
:1008b0000180023cf8884424801805002118650056
:1008c00080180300211883000400628c080002ae27
:1008d0000800438c0c0003ae040071ac080051ac5e
:1008e0002c00058e8010050021184500801803009b
:1008f00021188300140003ae0000638c0100632400
:10090000211045008010020021104400000043ac7b
:10091000afb1400f00000000f881838f100060101d
:10092000010002241482828f2c00438c2c00028e42
:100930002b1862000a0060100100022400680240c7
:100940000001423400688240c00000000400001032
:1009500001000224becc400f25206002ffff0224cc
:100960003400bf8f3000b78f2c00b68f2800b58fb2
:100970002400b48f2000b38f1c00b28f1800b18ff9
:100980001400b08f0800e0033800bd270000228269
:100990000a004010340002a201002226350003267e
:1009a000100031260000448004008010000064a084
:1009b00001004224fbff5114010063246cff00106e
:1009c000430000a2f881828fb1ff4014e881828f3a
:1009d0001482828f2c00428c2c00038e2b1062001c
:1009e000aaff4050148290afa9ff0010e881828fc7
:020000040000fa
:020000041d01dc
:1009f00050febd27ac01bfafa801b5afa401b4af95
:100a0000a001b3af9c01b2af9801b1af9401b0aff8
:100a100025888000708092871000a0a32c000624f7
:100a20001000a5276c5c400f252040021000a39306
:100a30000200022451006214c00006242528000090
:100a40006c5c400f25204002c00003244d0043147d
:100a5000380106243c00a5276c5c400f252040028d
:100a600025a040000400422c480040140400062445
:100a7000039d053c4c30a524c6c1400f3c00a42773
:100a8000440040142598400045cc400f0000000071
:100a90002100401825a840007c80908fecc5400fb5
:100aa000252060021a004050010073264200439442
:100ab0004000633016006050010073265800039216
:100ac0000100633012006050010073265600039647
:100ad000f7ff6330030004240300641005000424be
:100ae0000b006454010073261400a48f4000038e91
:100af00006008314060006243c004524c6c1400fae
:100b00002c00a427490040100000000001007326bb
:100b1000e2ffb3165c00102634002016258000008a
:100b200045000010580022926200001008eb822657
:100b30001a0040507c01b08f2c000010258000006e
:100b40005a0046540000478c010062900200422483
:100b5000211862007401a3af232082004a00001014
:100b60007801a4af2400238e8001a28f1a006210a6
:100b7000050002241d000010258000001b0000104d
:100b800025800000190000102580000017000010cb
:100b900025800000150000102580000002000224be
:100ba0000600021205000224eeff021602000224d3
:100bb000540023964b0062148001a38f8001a28f02
:100bc000240022ae58002292010003248410627c8b
:100bd000580022a205000224040002167401a52771
:100be000f87c400f252020020500102444be400f51
:100bf0002520400225100002ac01bf8fa801b58f4f
:100c0000a401b48fa001b38f9c01b28f9801b18f62
:100c10009401b08f0800e003b001bd2770a8400f19
:100c200025204002f3ff001025800000fbff301656
:100c3000252800005800229204004230060040148b
:100c40002000a28f2c0022ae590022920100032422
:100c50000400627c590022a27c01a0af8001a0aff9
:100c60008401a0af8801a0af8c01a0af4000a227f3
:100c70007401a2affcff94267801b4af039d143c2d
:100c8000039d133c039d103c7801a48faaff80189c
:100c90007401a38f0000659035000224a2ffa2100a
:100ca00050eb062610eb62260000478ca4ffe554ab
:100cb000080042240400428c7401a52709f8400072
:100cc000252020029aff40187401a38f211862008a
:100cd0007401a3af7801a38f23106200eaff001014
:100ce0007801a2af2400228ec0ff6214258000008c
:080cf000bbff00107401a527f1
:020000040000fa
:020000041d01dc
:100cf800d0ffbd272c00bfaf2800b1af2400b0af94
:100d0800258880002580a0001400a0a71800a0afa7
:100d18004800828c1000a52709f840002520000211
:100d2800280040041800a6272800228e2528000045
:100d380009f84000252000021000a3970800632c42
:100d480020006010f7ff02241000a297801802000c
:100d5800019d023c6c0d42240a10437c08004000af
:100d6800000000008c0d019de00d019d440e019dc9
:100d78008c0e019dd00e019d240f019d740f019dc5
:100d8800b80f019d5000228e1800a68f252800005c
:100d980009f84000252000020a004004010003244d
:100da800090043102c00bf8f010002241000a2a7e5
:100db8004c00228e1000a58f09f840002520000263
:100dc800010002242c00bf8f2800b18f2400b08faf
:100dd8000800e0033000bd275400228e1400a52728
:100de80009f8400025200002f6ff40040100032412
:100df800f5ff43102c00bf8f1400a287090042049e
:100e08001000a0af020002241000a2a74c00228efe
:100e18001000a58f09f8400025200002e9ff001006
:100e2800010002244c00228e2528000009f8400009
:100e380025200002e3ff0010010002245800228e42
:100e48001800a78f380006962528000009f84000ea
:100e580025200002dbff400401000324daff4310d1
:100e68002c00bf8f030002241000a2a74c00228e82
:100e78001000a58f09f8400025200002d1ff0010be
:100e8800010002245000228e1800a68f2528000099
:100e980009f8400025200002caff4004010003248d
:100ea800c9ff43102c00bf8f040002241000a2a722
:100eb8004c00228e1000a58f09f840002520000262
:100ec800c0ff0010010002245400228e1400a52740
:100ed80009f8400025200002baff4004010003245d
:100ee800b8ff43101400a397380004962428640020
:100ef800b4ffa414ffff02241200a3a705000224d4
:100f08001000a2a74c00228e1000a58f09f84000ff
:100f180025200002abff0010010002241200a69752
:100f2800380003965800228e1800a78f2630c30079
:100f38002528000009f8400025200002a1ff4004f0
:100f480001000324a0ff43102c00bf8f06000224d9
:100f58001000a2a74c00228e1000a58f09f84000af
:100f68002520000297ff0010010002245000228e65
:100f78001800a68f2528000009f840002520000247
:100f880090ff4004010003248fff43102c00bf8f03
:100f9800070002241000a2a74c00228e1000a58f83
:100fa80009f840002520000286ff001001000224f5
:100fb8005400228e1400a52709f8400025200002bd
:100fc80080ff4004010003247fff43102c00bf8fe3
:100fd8001400a29738000396241043002b10020037
:080fe80078ff00102310020045
:020000040000fa
:020000041d01dc
:100ff00080ffbd277c00bfaf7800b6af7400b5afef
:101000007000b4af6c00b3af6800b2af6400b1afb2
:101010006000b0af0f00052432a8400f1f00042469
:101020000200423009004010b080828ff8ff432454
:101030000200632c05006010080003240d0043101b
:101040000900032422004310253000007c00bf8fdc
:101050007800b68f7400b58f7000b48f6c00b38fba
:101060006800b28f6400b18f6000b08f0800e003a9
:101070008000bd271080858f0180043c94c9400ffb
:10108000ec8a84240300432c0c006014b880838f06
:101090000000638c0400638c253840000180063c0e
:1010a000ec8ac624029d053cf42ea52409f86000b4
:1010b000a880848fe5ff0010b08080af0900022473
:1010c000f4bb400fb08082afe0ff0010a48082af7d
:1010d000252800000180043cfdbf400fec8a8424d9
:1010e000f4bb400f25884000a480908f70bd400f56
:1010f000238050001b000202f40140001210000087
:101100001e00422c09004014b880828f0000428cdf
:101110000400428c029d053c202fa52409f84000c4
:10112000a880848fc9ff0010b08080af0100022426
:10113000c7ff22127c00bf8f0c002106b880828f6f
:101140000000428c0400428c253820020180063cbd
:10115000ec8ac624029d053cf42ea52409f8400023
:10116000a880848fb9ff0010b08080af25300000c8
:10117000b480858f04be400f1f000424b08080af70
:10118000b880828f0000428c0000428c029d053c9a
:10119000402fa52409f84000a880848f0100052471
:1011a0000180103ca8a0400fec8a0426259840003e
:1011b00002000524a8a0400fec8a042625a04000c8
:1011c000251062020a004014b880828f0000428c11
:1011d0000400428cec8a0626029d053c6c2fa52457
:1011e00009f84000a880848f99ff00107c00bf8f11
:1011f00025880000258000000180123c029d163cdd
:10120000029d153c2a10130216004010010007240d
:101210005c00a6272528000232c8400fec8a44262d
:10122000b880828f0000428c5f00a3931800a3afa8
:101230005e00a3931400a3af5d00a3931000a3afbf
:101240000400428c5c00a793ec8a4626882fa526d2
:1012500009f84000a880848f01001026e9ff0010e3
:101260002084107c2a10340278ff40104c00a627fe
:10127000252820023ac8400fec8a44262000a0af5f
:101280002400a0af2800a0af2c00a0af3000a0af7a
:101290003400a0af3800a0af3c00a0af4000a0af2a
:1012a0004400a0af4800a0af2c0006242000a527d2
:1012b0000170400f4c00a427b880828f0000428c40
:1012c0000400428c2000a727ec8a4626ac2fc526b6
:1012d00009f84000a880848f01003126c9ff001062
:0412e000208c117cd1
:020000040000fa
:020000041d01dc
:1012e40078f7bd278408bfaf8008beaf7c08b7afce
:1012f4007808b6af7408b5af7008b4af6c08b3af74
:101304006808b2af6408b1af6008b0af2580800050
:10131400010002241900a2100400918c0000828ca8
:101324000000428c019d053cd476a52409f84000b8
:10133400252020020000028e0000428c019d053c05
:10134400e876a52409f84000252020028408bf8ff0
:101354008008be8f7c08b78f7808b68f7408b58f65
:101364007008b48f6c08b38f6808b28f6408b18fab
:101374006008b08f0800e0038808bd2745cc400f03
:1013840000000000f1ff401825a840002598000047
:10139400019d173c019d163c019d143c019d023c9e
:1013a4004408a2af019d023c4808a2af019d023c43
:1013b4004c08a2af019d023c5008a2af019d023c23
:1013c4005408a2af019d023c5808a2afecc5400fdf
:1013d4002520600225904000a0cc400f252040002d
:1013e40001000324640043540100732647c9400fdd
:1013f4002520400225f040000000028e0400428cab
:101404002530c003f876e52609f84000252020029f
:101414003000a6271800a5270abb400f252040024c
:10142400590040104808a38f0000028e0400428c2b
:101434001c77652409f84000252020020000028e54
:101444002000a38f1000a3af0400428c1c00a78fc0
:101454001800a68f4c08a38f3477652409f8400040
:10146400252020020000028e2c00a38f1000a3afc1
:101474000400428c2800a78f2400a68f5008a38f55
:101484007877652409f84000252020020000028ea8
:101494000400428c5408a38fc477652409f84000e3
:1014a400252020020000028e3c00a38f1400a3af6d
:1014b4003800a38f1000a3af0400428c3400a78f20
:1014c4003000a68f5808a38fe077652409f8400000
:1014d400252020020000028e0400428c2530c00327
:1014e4004c78c52609f84000252020021008a727bb
:1014f400320006244000a5271cbb400f25204002d3
:10150400280040500000028e3808a0a31008a28fc3
:10151400180040184000b22725f000004408a28fac
:10152400787842244008a2af2400062425284002eb
:10153400b4c6400f1408a4270000028e0400428c95
:101544002400478e1408a6274008a58f09f84000f8
:10155400252020020100de271008a28f2a10c203d2
:1015640004004010280052261008a227efff42165c
:10157400240006240100732694ffb3168408bf8f49
:1015840074ff00108008be8f0000028e0000428ca1
:101594003878852609f8400025202002ceff001067
:1015a4000000028e0000428c3878852609f840003d
:0c15b40025202002f0ff0010010073262b
:020000040000fa
:020000041d01dc
:1015c00088febd277401bfaf7001b4af6c01b3af2b
:1015d0006801b2af6401b1af6001b0af258880008f
:1015e0002598a0002590c00025a0e000708090877d
:1015f00011a5400f252000022c01422c0c004010a8
:1016000025286002f340400f25200002251000002d
:101610007401bf8f7001b48f6c01b38f6801b28ffa
:101620006401b18f6001b08f0800e0037801bd272d
:101630000a9f400f252000022530000001000524ec
:10164000e82e400f252000020100823204004014e1
:10165000253060022800228e2300405428002626d0
:10166000010005246b99400f2520000202009432ee
:1016700002008016251000000400628e1000a2af48
:101680001000a627010005248fa8400f2520000286
:1016900025184002c418037c010002241d006210ba
:1016a0000300022424004216020002245400239660
:1016b000180062102a00062425280000a0c6400f4a
:1016c0001600a427010002241400a2a31500a2a35f
:1016d000060002241600a2a34000228e1800a2af2a
:1016e0002600001025a040020100052483a0400f21
:1016f00025200002deff0010020094322530000099
:101700002528000082a2400f25200002c0ff001003
:101710002510000058002282050042045800229241
:1017200078c7400f00000000400022ae580022920f
:101730008410027c580022a22a00062425280000da
:10174000a0c6400f1600a427010002241400a2a383
:101750001500a2a3060002241600a2a34000228eb8
:1017600025a04002f9ff52264408127c03004016cf
:101770001800a2af2c00228e2000a2af3c006226ef
:101780000a10130003004388000043983000a3af01
:10179000040043903400a3a3050042903500a2a3a7
:1017a0002c0006241400a5274198400f2520000294
:1017b000c000062425280000a0c6400f1400a4275e
:1017c000c00006241400a5274198400f25200002e0
:1017d0003801062425280000a0c6400f1400a427c5
:1017e000039d023c4c30428c1400a2af1800a2278b
:1017f0004c01a2af11a5400f25200002fcff42249e
:101800005001a2af040002245401a2af5801b4afaa
:10181000039d113cc8243126039d123c0000228efa
:101820004c01a52709f8400025206002b3ff4004c1
:101830005001a38f231862005001a3af5401a38f5e
:10184000211843005401a3af4c01a48f2110820042
:101850004c01a2af04003126e4244226efff2216f9
:10186000ec0063242c01632c040060105401a69743
:10187000400002245401a2af5401a6971400a527ea
:101880004198400f25200002f340400f2520000220
:081890005fff001001000224bb
:020000040000fa
:020000041d01dc
:1018980088ffbd277400bfaf7000b4af6c00b3af52
:1018a8006800b2af6400b1af6000b0af25808000bf
:1018b8004800a0af4c00a0af5000a0af5400a0afac
:1018c8005800a0af5c00a0af030002241500a210ce
:1018d8000400918c0000828c0000428c029d053c23
:1018e8001cf7a52409f84000252020020000028edc
:1018f8000000428c029d053c40f7a52409f84000f1
:10190800252020027400bf8f7000b48f6c00b38f45
:101918006800b28f6400b18f6000b08f0800e003e8
:101928007800bd2725a0c00016a6400f0400c48c6f
:1019380009004014259040000000028e0000428cef
:10194800029d053c58f7a52409f8400025202002ef
:10195800edff00107400bf8f18cb400f252040000a
:10196800259840000800948e02000624029d053c3c
:1019780074f6a524c6c1400f2520800247004014f4
:10198800040006244ec9400f2520400208004010dc
:10199800029d053c0000028e0000428c78f7a524c9
:1019a80009f8400025202002d7ff00107400bf8fdf
:1019b80025280000768f400f252000004800a52725
:1019c80024b2400f252040004c00a28f080040148c
:1019d800029d053c0000028e0000428c94f7a5246d
:1019e80009f8400025202002c7ff00107400bf8faf
:1019f800ffff6432c018040023186400c0180300f5
:101a0800211043001000a327300048240300478812
:101a18000000479807004688040046980b00458850
:101a2800080045980f0044880c004498000067acf3
:101a3800040066ac080065ac0c0064ac10004224dd
:101a4800f2ff4814100063240300458800004598fd
:101a58000700448804004498000065ac040064aca6
:101a6800029d023cbcf742243000a2af1000a5271b
:101a7800ff6d400f2520400224004010029d053cc8
:101a88000000028e0000428c04f8a52409f84000ea
:101a9800252020029cff00107400bf8f029d053c8a
:101aa800d8f6a524c6c1400f252080021000405456
:101ab8000000028e4ec9400f252040020800401445
:101ac800029d053c0000028e0000428cc4f7a5244c
:101ad80009f84000252020028bff00107400bf8ffa
:101ae800e4ae400f25204002e3ff00100000000094
:101af8000000428c029d053ce4f7a52409f840004b
:101b08002520200280ff00107400bf8f0000028e85
:101b18000000428c029d053c1cf8a52409f84000f1
:0c1b28002520200278ff00107400bf8f01
:020000040000fa
:020000041d01dc
:101b3400d0ffbd272c00bfaf2800b6af2400b5af3f
:101b44002000b4af1c00b3af1800b2af1400b1afa3
:101b54001000b0af25808000010002245c00a214b4
:101b64000400918c251000000180123ce48452266c
:101b7400039d163c039d153c039d143c0180133cbe
:101b8400a48573260400438e1d006050180052265d
:101b940005004014288b85260000028e0000428c2c
:101ba40009f84000252020020000028e0000428c2b
:101bb400548bc52609f84000252020020000028e1f
:101bc4000000428c0800458e09f8400025202002c0
:101bd4000000028e0000428c0c00458e09f8400083
:101be400252020020000028e0000428c5c8ba5267a
:101bf40009f8400025202002010002241800522682
:101c0400e0ff5316039d053c0000028e0000428c49
:101c1400648ba52409f8400025202002039d023c82
:101c240078115224039d153c039d053c5c8bb42420
:101c3400039d023ca81153240000028e0000428c34
:101c4400548ba52609f84000252020020000028eae
:101c54000000428c0000458e09f840002520200237
:101c64000000028e0000428c0800458e09f84000f6
:101c7400252020020000028e0000428c25288002cc
:101c840009f84000252020020c005226eaff5316d2
:101c9400039d053c0000028e0000428c908ba5241d
:101ca40009f84000252020022c00bf8f2800b68fa1
:101cb4002400b58f2000b48f1c00b38f1800b28f9e
:101cc4001400b18f1000b08f0800e0033000bd276e
:101cd40025a0c0000180123ce48452260180133cfc
:101ce400a48573260400428e070040501800522633
:101cf4000400858e98c5400f0800448e0b004050a8
:101d04000000428e18005226f6ff5316039d053c30
:101d14000000028e0000428c948ba52409f8400038
:101d240025202002e1ff00102c00bf8f1f0040106f
:101d340025a000000400538e039d053c548bb5245c
:101d4400039d053c5c8bb6240000028e0000428c8f
:101d54002528a00209f84000252020020000028e58
:101d64000000428c0000658e09f840002520200206
:101d74000000028e0000428c0800658e09f84000c5
:101d8400252020020000028e0000428c2528c0027b
:101d940009f8400025202002010094260000428e0c
:101da4002b108202e8ff40140c0073260000028e00
:101db4000000428c039d053c908ba52409f840004b
:0c1dc40025202002b9ff00102c00bf8f6a
:020000040000fa
:020000041d01dc
:101dd00028ffbd27d400bfafd000b7afcc00b6af4f
:101de000c800b5afc400b4afc000b3afbc00b2af61
:101df000b800b1afb400b0afe800b38f6500801099
:101e000053ff11240900a054080087ac6100c014de
:101e100034001224080087ac140093ac040093ac87
:101e20000c0080ac08000010100080a0140093acdf
:101e3000040093ac0c0080ac100080a0240012249d
:101e4000340002240a90460025a0c00025b0a0005e
:101e500025808000800002241800a2af3000a22755
:101e60001400a2af1000a0af2538000030000624f7
:101e7000039d053c0812a524fbb7400f2520000058
:101e80006c0040143000b527039d113c589d31264d
:101e9000b000b727252020022518a0020000659079
:101ea000000086902628a600251045000100632426
:101eb000faff7714010084245e004014feff022420
:101ec0002800a2af2400a0af800002242000a2af0f
:101ed0003000a2271c00a2af1800a0af1400a0afd2
:101ee000200002241000a2af039d073c0812e72443
:101ef00010000624039d053c2812a5243f83400fb3
:101f0000252000004c004054030002240000a3924e
:101f10000000249226186400251043000100b52615
:101f2000faffb716010031264300401403000224d3
:101f30006897400f840004240a0040100c0002ae91
:101f4000253040023000a5272093400f25200002b5
:101f50001c00401002000224100002a21e0000100b
:101f60000100112402000224100002a283ff1124a8
:101f70003000a22721905200000040a0010042241e
:101f8000fdff52140000000027002016010002246b
:101f9000100002a225102002d400bf8fd000b78ffe
:101fa000cc00b68fc800b58fc400b48fc000b38f0b
:101fb000bc00b28fb800b18fb400b08f0800e0034e
:101fc000d800bd272528400295a5400f3000a42742
:101fd00008004010258840000c00048ee4ff80506b
:101fe0000c0000aed1ac400f00000000e0ff00107c
:101ff0000c0000ae1800b3af0800028e1400a2afb0
:102000001000b4af2538c002fcff46263400a527d7
:102010000a88400f0c00048ed5ff40102588400030
:10202000eeff00100c00048e0300022405002216af
:102030000100022403000224100002a2d5ff0010b8
:102040002fff11240400221602000224100002a215
:10205000d0ff001039ff1124ceff0010100002a2a3
:020000040000fa
:020000041d01dc
:10206000c8ffbd273400bfaf3000beaf2c00b7aff4
:102070002800b6af2400b5af2000b4af1c00b3af4a
:102080001800b2af1400b1afc0b3400f1000b0af32
:102090000d00401025884000039d133c039d123c19
:1020a000382c5226039d173c039d163c039d153c7e
:1020b000039d143c9000308e0f0000561000028edd
:1020c0003ac4400f252020023400bf8f3000be8f5d
:1020d0002c00b78f2800b68f2400b58f2000b48f56
:1020e0001c00b38f1800b28f1400b18f1000b08f96
:1020f0000800e0033800bd270400448c2620240299
:10210000ba030624242c65263abf400f0100842c14
:102110000f00049202008438bb030624242c652699
:102120003abf400f0100842c0c000292ffff4224b2
:10213000ff0042300500422c3f004010c703062438
:102140000e00039201000224040062540c0002926b
:102150008ecc400f1000248e0c000292ffff422410
:10216000801002000a10427e2528000209f8400073
:10217000252020020e0002920600422c330040105f
:10218000000000000e0002920500422cccff40141b
:10219000bc04062410001e8e0400c48f26202402d6
:1021a000d42be5263abf400f0100842c0d0002928b
:1021b00001004230170040540c0003920800c28f07
:1021c0002c0040500c0003920e000392ffff62248b
:1021d000ff0042300400422c080040140100062495
:1021e0000700622c1d004010050002240300621449
:1021f00025300000040002240e0002a20800c28f55
:10220000080007962528000209f840002520c00391
:102210000c00039203000224a9ff621002000724ad
:1022200090002626252800021f87400f2520200227
:10223000a1ff00109000308e242c65263abf400f7d
:1022400025200000070002240e0002a290cc400fbf
:102250001000248eccff00100e000292f30406241e
:10226000c02b85263abf400f25200000e3ff001059
:10227000ecff06240300022491ff6210000000001e
:1022800049bf400f900024260700401025f0400071
:102290000f00c49302008438060106247829a5267d
:1022a0003abf400f0100842c26201e02560206244d
:1022b0008c2fc5263abf400f0100842c2528c0036f
:1022c00062c3400f9c0024260300022479ff001003
:0422d0000f00c2a396
:020000040000fa
:020000041d01dc
:1022d40060fbbd279c04bfaf9804b1af9404b0afba
:1022e4000180023ca88a428c020003244900431066
:1022f4000300432c0800601001000324170043105e
:102304000180023c9c04bf8f9804b18f9404b08f69
:102314000800e003a004bd27030003245800431071
:1023240004000324f7ff43140180103ca88a1126fb
:102334005fab400f04002486ffff0224040022a6a2
:10234400029d053c7cd0a5241097400f2520000059
:1023540001000224ebff0010a88a02ae40c9400f1e
:10236400788c448c07004104029d053c5ccfa52475
:102374001097400f252000000180023ce1ff00106f
:10238400a88a40ac02000324deff43140180023c0f
:10239400c089428cdbff401025300000282305242f
:1023a400367a400f010004240180033cac8a62a405
:1023b400ffff032407004314029d053c88cfa52496
:1023c4001097400f252000000180023ccdff001033
:1023d400a88a40ac28230624029d053ca8cfa52446
:1023e4001097400f252000000180113ca88a302658
:1023f40070b4400f04000486e6c3400f0400048652
:10240400d0bf400f0400048602000224bdff001068
:10241400a88a22ae0180023c52bb400fac8a44849d
:10242400b8ff40100180053cb08aa5240180023c1d
:102434007d88400fac8a4484090040100180103c20
:10244400a88a02260c00458c029d043c81bd400fe5
:10245400c8cf842403000224aaff0010a88a02ae75
:10246400029d053ceccfa5241097400f25200000c9
:102474000180023c04000324a2ff0010a88a43ac9c
:102484000180023c52bb400fac8a448405004010da
:102494000180023cdac3400fac8a44840a00401035
:1024a4000180023c0180103ca88a02260c00458c65
:1024b400029d043c81bd400f24d0842404000224e6
:1024c40090ff0010a88a02aee6c3400fac8a448491
:1024d4008cff401825884000800006242528000031
:1024e400a0c6400f1004a4270004062425280000d9
:1024f400a0c6400f1000a4270180103ca88a102613
:10250400253020021000a527226a400f040004860b
:102514002823072425302002029d053c4cd0a52405
:10252400dcc6400f1004a4270c00058e81bd400fab
:102534001004a427ee9f400f1000a42772ff001080
:042544009c04bf8fa5
:020000040000fa
:020000041d01dc
:10254800d0ffbd272c00bfaf2800b3af2400b2af27
:102558002000b1af1c00b0af0080023c1002422442
:102568007c008214258000007a0080102588c00035
:102578001000a0af1400a0af0080023c8402428c7f
:10258800050040102580a000050005240080043cbb
:1025980009f84000200384241000a7271400a62768
:1025a8000080053cc002a5240080123c376b400f18
:1025b8001002442625984000100252267400428ecc
:1025c80004004010060005240080043c09f840007f
:1025d80020038424ffff62260200422c1500405489
:1025e80001000224630060160080023c1000a28fe4
:1025f8000400438cc005647c080080100001043c82
:102608000000428c241044001000043c241864008c
:1026180025104300230040100080023c0080023c4b
:10262800100242242401438c01006324240143ac9a
:10263800f5ff0224040000520080023c1e004010f6
:10264800000002ae0080023cc802508c410000121b
:102658000080023c8402428c0400401005000524de
:102668000080043c09f84000200384240080103cca
:1026780010021026b800058efb5e400f25200002d0
:102688007400028e330040102580000006000524e7
:102698000080043c09f84000200384242e00001028
:1026a80025100002100242241801438c0100632403
:1026b8003d000016180143ac0080023c1002422481
:1026c800b800508c2800438c2480030224004384e3
:1026d8000a80037e1000038e000060acbc004394a7
:1026e800fcff6424bc0044a41000028eeeff6324a7
:1026f8000c0043a41000028e0800428c140002aea5
:102708000e004224f4bb400f180002ae240002aeb3
:10271800220002968fff423008004334220003a6ad
:102728001000a38f0000648c8007857c1700a01020
:102738000000000028004234220002a606002012f1
:10274800251000020000648c0400628c000024ae96
:10275800040022ae251000022c00bf8f2800b38f82
:102768002400b28f2000b18f1c00b08f0800e00356
:102778003000bd27100242242801438c0100632445
:10278800280143acabff0010f6ff022404008304c9
:102798001800423448004234e8ff0010220002a624
:1027a800e6ff0010220002a6c3ff0010000000aee2
:020000040000fa
:020000041d01dc
:1027b800b0ffbd274c00bfaf4800b7af4400b6af6d
:1027c8004000b5af3c00b4af3800b3af3400b2af8f
:1027d8003000b1af2c00b0af258080002598a00054
:1027e8001dcb400f7c80918f401802002118620099
:1027f800c0180300231862008018030021882302f0
:102808004400228e570040100000000009f84000e4
:102818002520000253004010259040009ac4400f24
:10282800252040000200432c4e0060140100422481
:1028380058003092400010320a10100025804000e5
:102848001000a0af1400a0af1800a0af1c00a0afec
:102858002000a0af2400a0a31400472625104002a2
:102868001000a3272000062401004224ffff448013
:1028780006008610f7ff85240500a52c0300a01488
:1028880000000000000064a001006324f7ffe214c8
:10289800010042249ac4400f1000a4272588400054
:1028a8005300401025b8400025a800001000b427a8
:1028b8007800162400008492d3ff8224ff0042305f
:1028c8000200422c060040540100b52666c7400f9e
:1028d8000000000001004050000096a20100b5264b
:1028e8002a10b702f3ff4014010094261000a283b7
:1028f800200042349fff42241a00422c0200401458
:10290800780002241000a2a321a0b1030f00849232
:1029180066c7400f0f009426020040147800022476
:10292800000082a237000016020034260400628ede
:102938002b10540022004014ffff10240000648e66
:102948000c000224000082a0010091a02530200282
:102958001000a5278dc5400f020084241800001020
:102968002580800248cc400f252000022590400099
:10297800b3ff0010258000000c000224000082a094
:10298800010091a0253020021000a5278dc5400f19
:102998000200842409000012010031262a101102c5
:1029a8000a802202253000021000a5278dc5400f9d
:1029b8002520400221805002ffff00a225808002ce
:1029c800251000024c00bf8f4800b78f4400b68f17
:1029d8004000b58f3c00b48f3800b38f3400b28ffd
:1029e8003000b18f2c00b08f0800e0035000bd27e5
:1029f800f4ff005225100002000040a2f0ff001072
:102a080025804000000040a20400628e2b10540074
:102a1800d9ff40500000648ee9ff0010ffff10242a
:020000040000fa
:020000041d01dc
:102a2800d0ffbd272c00bfaf2800b5af2400b4af3e
:102a38002000b3af1c00b2af1800b1af1400b0afa4
:102a48007e00c0102590c00025a8a0002588c000e1
:102a58007a00a010259000000ac6400f0000000070
:102a680076004010258040004c00428c74004010d5
:102a7800251040023bb2400f25200002690040109b
:102a8800259040002b1051000b884202ffff313285
:102a98000800048e0400028e211891002b18620091
:102aa800259820020c00601425a0000023984400fb
:102ab800ffff7432ffff7332253060028dc5400f6f
:102ac8002528a00221a8b30223983402ffff7332fd
:102ad8000000028e080002ae253060022528a00200
:102ae8008dc5400f0800048e0800028e2110530087
:102af800080002ae1000048e2f0044503e000296db
:102b080074000696201e067c0e0061042b188200b5
:102b18003e000396200063300900601423885102a8
:102b2800ffff31320400128e0000038e239043020f
:102b3800439012002a8851024e0020120000000023
:102b48002b188200310060500400038e23104400cb
:102b5800ffff4230640005962b18450025384000d9
:102b68000a38a3002518e0006a0007962b3867008a
:102b78003c00e010000000006e0007964238070095
:102b88002b186700370060102b10a20009004014b2
:102b98000008c6303300c014000000003e00028662
:102ba800050042043e0002960c00028e2d008210a1
:102bb800000000003e00029604004230100040145d
:102bc800010003243e0002968410627cf4bb400f8f
:102bd8003e0002a6f880848f801804002118640043
:102be800c01803006210043cd34d8424190064000b
:102bf800101800008219030021106200280002ae9c
:102c0800219074020d000010ffff52322318640057
:102c18000000058e2310450021106200cdff001032
:102c2800ffff42307700039201000224040062147f
:102c380025104002f9bc400f252000022510400253
:102c48002c00bf8f2800b58f2400b48f2000b38fcd
:102c58001c00b28f1800b18f1400b08f0800e00379
:102c68003000bd27f9bc400f25200002e5ff001009
:102c780021907402f9bc400f252000023e00029604
:102c8800010003244429627cddff00103e0002a6f7
:020000040000fa
:020000041d01dc
:102c9800a020047c0800e00302142400a020047c87
:102ca8000800e00325108000a020047ca028057cf3
:102cb800021425000800e003021c2400fcffa824dd
:102cc8001b000105010007348500a0102518c0006d
:102cd800ffffa824040000150000000000008390f6
:102ce8000f00001021186600ffff082506000015d8
:102cf8000100839000008890001a030025186800de
:102d080007000010211866000000899002008890d2
:102d1800001a0300251869002118680021186600a8
:102d2800024c0300ffff6a306d00001021182a01d1
:102d3800110000001300c000010082300300893038
:102d48000f00201104000b342358690125400000ae
:102d580000008898ffff29250500201108000a3483
:102d6800ffff29250200201108004a2508004a25ee
:102d780004404801010007712328ab0021208b0083
:102d88004219050040310300130060100000888cd0
:102d98000400898c0100077108008a8c01002771e2
:102da8000c008b8c0100477110008c8c010067713e
:102db80014008d8c0100877118008e8c0100a7719a
:102dc8001c008f8c0100c771ffff63240100e771ad
:102dd800edff0010200084242328a6000219050016
:102de800003103000b0060100000888c0400898cff
:102df8000100077108008a8c010027710c008b8c78
:102e080001004771ffff632401006771f5ff00109f
:102e1800100084242328a600c2180500c03003002f
:102e2800070060100000888c0400898c010007717d
:102e3800ffff632401002771f9ff001008008424b4
:102e48002328a600821805008030030003006010c4
:102e58000000888c04008424010007712328a60040
:102e68000f00a0100100a6300400c01400000000ec
:102e78000100888809000010024408000200a630fa
:102e88000400c0140000000000008888030000103f
:102e98000246080002008888024208000100077103
:102ea8001048000012400000211828012b58680023
:102eb800020060110000000001006324024c0300be
:102ec800ffff6a3021182a01024c0300ffff6a3015
:102ed80021182a010200401000000000a018037cfd
:0c2ee800271060000800e003ffff4230ec
:020000040000fa
:020000041d01dc
:102ef40020ffbd27dc00bfafd800b7afd400b6af0a
:102f0400d000b5afcc00b4afc800b3afc400b2af0b
:102f1400c000b1afbc00b0af25988000f800b48ffa
:102f2400fc00b58fec00a7a340b9c27cff00033cb2
:102f3400ff00632424104300c01a060000ff043c71
:102f440000ff843424186400251043000214220076
:102f54001400a2af1f00d6302bb016004211060099
:102f640021b0c202010002241000a2a35700c01a1b
:102f7400010011242580a0002590c00025b8000080
:102f84007c00668e7800658edc8f400f1800a427c5
:102f94004e00401425884000010006241000a52797
:102fa4004f4c400f1800a4275f00401425884000b0
:102fb4001000a293010042241000a2a304000624de
:102fc4001400a5274f4c400f1800a42756004014a6
:102fd40025884000ec00a39304000224060062103c
:102fe40001000624ec00a5274f4c400f1800a4272d
:102ff4004d00401425884000f400a68ff000a58ff2
:103004004f4c400f1800a427470040142588400067
:10301400090080129400a5270700a0122530a00201
:10302400252880024f4c400f1800a4273e0040146e
:10303400258840009400a5272d40400f1800a427a0
:1030440025884000c8cc400f1800a4271c00201677
:103054002100422e2e0040149400a98f9800a88fbe
:103064009c00a78fa000a68fa400a58fa800a48f02
:10307400ac00a38fb000a28f030009aa000009ba14
:10308400070008aa040008ba0b0007aa080007ba38
:103094000f0006aa0c0006ba130005aa100005ba10
:1030a400170004aa140004ba1b0003aa180003bae8
:1030b4001f0002aa1c0002bae0ff522620001026bc
:1030c4000100f726afffd7567c00668e9400a22736
:1030d400b400a327000040a001004224fdff4314d4
:1030e400dc00bf8f2b101100d800b78fd400b68f2f
:1030f400d000b58fcc00b48fc800b38fc400b28f9a
:10310400c000b18fbc00b08f0800e003e000bd2711
:10311400253040029400a5278dc5400f25200002cc
:10312400e8ff00100100f726c8cc400f1800a427c0
:08313400e4ff00100100f72682
:020000040000fa
:020000041d01dc
:10313c008e00801053ff0224d0ffbd272c00bfafa0
:10314c002800b5af2400b4af2000b3af1c00b2af61
:10315c001800b1af1400b0af258080002590a000fe
:10316c002588c0007800a0100a1006007000838c1f
:10317c00feff0224070062506000048e3f8e400f59
:10318c0025380000f1fe0324700043142c00bf8f7f
:10319c006000048e4000832c6b0060107cff0224c6
:1031ac006400028e211822022b10620004004010d1
:1031bc00640003ae6800028e01004224680002ae77
:1031cc002700801020001326400015242310a40291
:1031dc002ba022020b10340225a040002530400009
:1031ec00252840028dc5400f212064026000028e0c
:1031fc0021108202600002ae219054021800551476
:10320c00238834022520600260000726ff00063c5c
:10321c00ff00c62400ff053c00ffa5340000838c92
:10322c000212030024104600001a03002418650043
:10323c002510430002142200000082ac04008424f8
:10324c00f7ff87540000838c252860021530400f4f
:10325c00252000023d0040142c00bf8f600000ae02
:10326c004000222e300040140000000025184002bf
:10327c00251060024000482603006788000067980c
:10328c0007006688040066980b006588080065983e
:10329c000f0064880c006498030047a8000047b82e
:1032ac00070046a8040046b80b0045a8080045b81e
:1032bc000f0044a80c0044b810006324eeff6814ff
:1032cc00100042242000042660000726ff00063c64
:1032dc00ff00c62400ff053c00ffa5340000838cd2
:1032ec000212030024104600001a03002418650083
:1032fc002510430002142200000082ac0400842438
:10330c00f7ffe4540000838c252860021530400f31
:10331c00252000020c004014c0ff31264000222e54
:10332c00d2ff40104000522607002012251000004a
:10333c0025302002252840028dc5400f2520600233
:10334c00600011ae251000002c00bf8f2800b58f37
:10335c002400b48f2000b38f1c00b28f1800b18fe3
:10336c001400b08f0800e0033000bd270800e00314
:04337c00000000004d
:020000040000fa
:020000041d01dc
:10338000d0ffbd272c00bfaf2800b3af2400b2afe1
:103390002000b1af1c00b0af1800838c03000224e2
:1033a00010006214258880001000848c42008394f1
:1033b000010063300400601001000224f884400f13
:1033c00001000524010002242c00bf8f2800b38fc8
:1033d0002400b28f2000b18f1c00b08f0800e003e2
:1033e0003000bd277480828f520040142590a000c9
:1033f000f5ffa0105c0006240800848c648084af74
:10340000ffff0224708082a70800828c09f8400028
:1034100000002596251840007c8082afeaff6010ee
:103420002510000005000624009d053c3472a524eb
:10343000caae400f0c000424688082af0180043cb7
:1034400039c9400f888c8424259840000800428e9a
:103450006e8082a70c0045966c8085a70201072428
:103460002530000014b0400f0100042425804000e6
:10347000ffff0224210002121000a62705000524e8
:103480000a4f400f252000021000a2970002422c94
:1034900008004010000202241000a2a70002062427
:1034a00005000524e82e400f252000023f004010b3
:1034b00000000000253800006e808697010005247a
:1034c0000663400f25200002380040102530000020
:1034d00002000524e82e400f2520000225380000b8
:1034e000039d063cf408c62400010524099b400ff7
:1034f000252000022d00401000000000708090a7e1
:103500006880828f060040100000000004006012f6
:1035100000000000ffff0224050002560000229672
:10352000b093400f00000000a7ff0010251000001e
:10353000788082af1400238e4010030021104300d6
:10354000c010020023104300801002007c80838f93
:1035500021106200580040a00400438e2a28030076
:103560000a0004240a188500500043a40200032422
:103570004e0043a4e8030324520043a41000248e09
:103580004200829401004230040040507480828fd7
:10359000f884400f010005247480828f01004224ca
:1035a000748082af88ff0010010002242cb9400f04
:0c35b00025200002d1ff0010ffff1024b6
:020000040000fa
:020000041d01dc
:1035bc00c0ffbd273c00bfaf3800b1af3400b0af87
:1035cc00258080000300c0142510c000ff7f023c42
:1035dc00ffff42341f00a3270418037c000075bcb6
:1035ec000f0000000020063c251866000c0060aca3
:1035fc00080060ac0000a68c7400c0104c00118e4a
:10360c005e00401080010d240100ec300100092403
:10361c000200e73004000b240801088e0800048d1a
:10362c000c000a8d3b008a5400008a8c0c0000ad03
:10363c0044008010080000ad2540c00000e0ca7caa
:10364c0008008aac0400801104008dac04008a8c44
:10365c00444a2a7d04008aac0500e0504247080029
:10366c0004008a8c04632a7d04008aac424708005b
:10367c002a000b15000000000400868c8452267d65
:10368c00040086ac000080ac140080ac0c00668c8e
:10369c002600c0540000c4ac0c0064ac080064ac40
:1036ac000400a5240000a68c0500c0500800648c02
:1036bc00ffff4224d9ff40540801088e0800648c97
:1036cc002e0080102510000001000724253060001a
:1036dc000c01058e3c62400f2520000272cc400f7d
:1036ec002520200207004014000000000c01028e6f
:1036fc000800458c0400a52400e0a57ce6ca400f18
:10370c00252020026fcb400f252020021b0000102b
:10371c0025100000c8ff001008000aaddaffc20433
:10372c00000080ac08000010feff07240c00688c21
:10373c000400862400e0c67c140006add8ff0010ff
:10374c000c0064ac03000724ddffc0500800648c3f
:10375c00dbff40500800648c0801048e0800628c6a
:10376c000c00658c100045540000458c0c0060acbe
:10377c000e004014080060ac2510e0003c00bf8f28
:10378c003800b18f3400b08f0800e0034000bd2733
:10379c000c00868c0400452400e0a57c1400c5ac0c
:1037ac00eeff00100c0082ac080065ac000040acd1
:1037bc00140040ac0c00858cf5ffa0540000a2acaa
:1037cc000c0082ace5ff0010080082acebff00108f
:0437dc0025100000b4
:020000040000fa
:020000041d01dc
:1037e0005443502f495020537461636b3a2048650d
:1037f0006170206372656174696f6e206661696cc7
:1038000065642c20747970653a2025640d0a0000e7
:103810005443502f495020537461636b3a204e65d6
:1038200074776f726b20636f6e666967757261740f
:10383000696f6e20616c6c6f636174696f6e206676
:1038400061696c65643a20256c750d0a0000000002
:103850005443502f495020537461636b3a20506198
:10386000636b657420696e697469616c697a6174ef
:10387000696f6e206661696c65643a2030782578de
:103880000d0a00005443502f495020537461636b5c
:103890003a2044656661756c7420466c61736820db
:1038a0004e6574776f726b20636f6e6669677572b1
:1038b0006174696f6e206c6f6164206661696c650c
:1038c000642025640d0a00005443502f49502053b2
:1038d0007461636b3a204e6574776f726b20636f0f
:1038e0006e66696775726174696f6e20696e69745e
:1038f00069616c697a6174696f6e206661696c6573
:10390000643a2025640d0a005443502f4950205337
:103910007461636b3a204e6574776f726b20636fce
:103920006e66696775726174696f6e3a20416c6981
:1039300061736573206e6f7420737570706f72742d
:1039400065643a2025640d0a000000005443502f9e
:10395000495020537461636b3a204e6574776f72df
:103960006b20636f6e66696775726174696f6e3a1a
:1039700020696e76616c69642049502061646472cc
:103980006573733a2030782538780d0a00000000fe
:1039900025732564000000005443502f49502053e4
:1039a0007461636b3a20506f776572204d6f646568
:1039b00020696e697469616c697a6174696f6e20df
:1039c0006661696c3a2025640d0a00005443502f4b
:1039d000495020537461636b3a20496e6974696180
:1039e0006c697a6174696f6e206661696c656420c8
:1039f0002564202d2041626f7274696e6721200d4d
:043a00000a000000b8
:020000040000fa
:020000041d01dc
:103a0400d0ffbd272c00bfaf2800b6af2400b5af50
:103a14002000b4af1c00b3af1800b2af1400b1afb4
:103a24001000b0af258080002588a0003e0082945d
:103a34000100423001000324070040100100162455
:103a44007400829400044430030080140300423064
:103a54000100432c25b000004c00028e13004010de
:103a64000100022477000492100082140000000078
:103a74000e006010000000009abb400f25200000db
:103a84004c00128e5f00401225284000220042960e
:103a9400080042305f0040144c0000ae4ebd400fa1
:103aa40025200000f6a5400f252040029abb400fb8
:103ab400252000007c00148e8000158e7a0012965a
:103ac400252840004ebd400f2520000024885102c7
:103ad4002590000005002012259800000300805264
:103ae400258800003c0012864800138e1300c05243
:103af4006200029656a6400f2520000205002012ff
:103b04002538a002253020022528600209f8800209
:103b1400252040022c00bf8f2800b68f2400b58fcb
:103b24002000b48f1c00b38f1800b28f1400b18f23
:103b34001000b08f0800e0033000bd27720002a619
:103b44000000028e080002ae0c0002ae100002aead
:103b54001400028e1c0002ae200002ae3e0002964b
:103b64004408027c8410027cc418027c0421027c78
:103b74004429027c8431027cc439027c0442027ce4
:103b840001000324444a627c8452027c3e0002a663
:103b9400740002968410027c444a027cc418027c9d
:103ba400740002a6380000ae340000ae540000ae2b
:103bb400ffff02245c0002ae640003a6010002249d
:103bc4006e0002a6600000a6400000ae790000a2cc
:103bd4007400028e0008427c770002a274000296f0
:103be4000020433001006050480000ae00404230e5
:103bf40001004050440000ae870000a2bfff001047
:103c0400760000a24ebd400f25200000a7ff001043
:103c1400000000004ebd400f25200000a3ff00104f
:043c2400000000009c
:020000040000fa
:020000041d01dc
:103c2800e0ffbd271c00bfaf1800b1af1400b0af54
:103c38002588a00014c6400f2580c000252040001c
:103c48001f008010251000001d0000121000232ef8
:103c58001b00601080881100019d053c743ca52460
:103c68000a28b17c0800a00000000000b43c019db7
:103c7800dc3c019df43c019d0c3d019d203d019dd6
:103c8800343d019d443d019d543d019d643d019d90
:103c9800783d019d883d019de43d019df83d019dd4
:103ca8000c3e019d203e019d343e019d4000828cca
:103cb800040042388000427c000002a20100022475
:103cc8001c00bf8f1800b18f1400b08f0800e003ec
:103cd8002000bd274000828c08004238c000427c8a
:103ce800000002a2f6ff0010010002244000828cae
:103cf800100042380001427c000002a2f0ff0010d0
:103d0800010002244000828c03004230000002ae11
:103d1800ebff0010010002244000828c8002427cec
:103d2800000002a2e6ff00100100022410008294a5
:103d3800000002a6e2ff0010010002243d0082906c
:103d4800000002a2deff001001000224620082903f
:103d5800000002a2daff001001000224420082944f
:103d680001004230000002a2d5ff00100100022429
:103d780063008290000002a2d1ff0010010002241b
:103d88004000828c1c0043301c0063380100632c07
:103d98004400868c020065340b18a6004800849401
:103da80001008630040065340b18a6000200843038
:103db800080065340b18a4008004457c10006434a6
:103dc8000b188500c004427c200064340b18820064
:103dd800000003aebaff0010010002244800828ce4
:103de800c028427c000002a2b5ff00100100022496
:103df800480082944002427c000002a2b0ff0010fa
:103e0800010002244400828c2b100200000002a250
:103e1800abff0010010002244800829001004230ec
:103e2800000002a2a6ff00100100022448008294ac
:103e3800000442388002427c000002a2a0ff001069
:043e4800010002244f
:020000040000fa
:020000041d01dc
:103e4c00d8ffbd272400bfaf2000b4af1c00b3af18
:103e5c001800b2af1400b1af1000b0af25888000cd
:103e6c0025a0a0001800908c4000929014005226bf
:103e7c0000000292040003240439627c82181200b0
:103e8c000418627c000002a24200829401004230bd
:103e9c00140040102598e000140002264100839085
:103eac0080180300211043000000439001000424fb
:103ebc00c439837c4431037c140004240420837ca7
:103ecc00000043a004000324010043a00400432489
:103edc00212012022b18640002006010020040a482
:103eec00040040a04f006012010000a2000062928a
:103efc002000423004004010251000000100032473
:103f0c008410627c010002a2000062921000423018
:103f1c00040040100100032401000292c418627cca
:103f2c00010002a20000629208004230040040101e
:103f3c0001000324010002920421627c010002a210
:103f4c0000006392070062300400401021204602fa
:103f5c00010002924439627c010002a2294b400ffd
:103f6c00ffff8430020002a69c8084970100842409
:103f7c00ffff8430294b400f9c8084a7040002a6cd
:103f8c00294b400f25200000060002a60200629279
:103f9c000400401001000324060002968473627c26
:103fac00060002a601006292640003240a1062005b
:103fbc00080002a2090014a20a0000a63400228ef6
:103fcc000c0002ae3800228e100002ae253000002c
:103fdc0025284002314b400f252000020a0002a682
:103fec001000238e0c006294211042020c0062a47b
:103ffc001800228e219052001c0032ae3c00228e02
:10400c00280022ae2400bf8f2000b48f1c00b38f79
:10401c001800b28f1400b18f1000b08f0800e003ad
:10402c002800bd2721204602294b400fffff84307a
:10403c00020002a69c80849701008424ffff843038
:10404c00294b400f9c8084a7040002a6294b400feb
:10405c0025200000060002a6d5ff001064000224f3
:020000040000fa
:020000041d01dc
:10406c00d0ffbd272c00bfaf2800b4af2400b3afe6
:10407c002000b2af1c00b1af1800b0af2588800093
:10408c002580a00025a0c000259800000700c010c6
:10409c0025900000070006247800a524b4c6400f24
:1040ac001000a4275400138e6c0012968000062476
:1040bc0025280000a0c6400f252000020800248ef1
:1040cc00670080503c0000a2967e400f3c00052605
:1040dc0018000526ae56400f0c00248e1c00052639
:1040ec00ae56400f1000248e20000526ae56400f11
:1040fc001400248e24000526ae56400f1800248e82
:10410c0028000526ae56400f1c00248e2800228e57
:10411c00440002ae3c004010010003240000439414
:10412c00020003a602004290760002a2ffff422486
:10413c00ff0042300400422c3300401001000324e5
:10414c002c0004260400228e0300478800004798a8
:10415c0007004688040046980b00458808004598df
:10416c000f0043880c004398030087a8000087b811
:10417c00070086a8040086b80b0085a8080085b83f
:10418c000f0083a86c98400f0c0083b82400228e7b
:10419c00480002ae42000296010003240463627cd4
:1041ac00420002a62400258eb6c3400f2520000233
:1041bc00040040542400028ea2a9400f25200002c6
:1041cc002400028e100002ae2800028e140002aef3
:1041dc0042000296010003244429627c420002a69c
:1041ec002400258e57c2400f2520000206004014e3
:1041fc00251800004200029601000324c418627cba
:10420c00420002a6251800000c008012780002263d
:10421c001000a48f7b0004aa000044b81400a493df
:10422c00040044a01500a493050044a01600a49318
:10423c00060044a0540013ae6c0012a601006238b4
:10424c002c00bf8f2800b48f2400b38f2000b28fb6
:10425c001c00b18f1800b08f0800e0033000bd27a0
:10426c003d0000a23e0000a23f0000a2400000a2c0
:08427c0097ff0010410000a2b1
:020000040000fa
:020000041d01dc
:10428400e0ffbd271c00bfaf1800b2af1400b1aff0
:104294001000b0af4481928f6b004012faff0224e9
:1042a400258080000000448e680080501c00bf8f71
:1042b40065000012f7ff02240000038e6300601003
:1042c4001c00bf8f0400038e610060501800b28f81
:1042d4001ec6400f00000000258840005a0020122e
:1042e400fdff022400002396010063305600601095
:1042f400fcff02240400068effffc6242000258e46
:10430400b4c6400f0000048e0000028e0400038e29
:1043140021104300ffff40a01c00228e200002aeab
:1043240029002292240002ae00002296800043302d
:104334005000605000014230180000ae1400438e5b
:10434400470060101c00448e231064000800238e74
:10435400211043001c0002ae2600239213006010bb
:10436400251000000c00038e11006058280002aed6
:10437400802802001000248e0a20857c0800038e09
:1043840021186500000064ac010042242600239239
:104394002a18430006006050280002ae0c00038e69
:1043a4002a184300f3ff601480280200280002ae9c
:1043b4002700229222004010252000001400028ec3
:1043c400200040582c0004ae002904001000028e86
:1043d400211045001400238e21186500030068880d
:1043e4000000689807006788040067980b006688d7
:1043f400080066980f0065880c006598030048a8bb
:10440400000048b8070047a8040047b80b0046a8b6
:10441400080046b80f0045a80c0045b801008424e4
:10442400270022922a108200060040502c0004ae7d
:104434001400028e2a108200e4ff401400290400b4
:104444002c0004ae251000001c00bf8f1800b28f92
:104454001400b18f1000b08f0800e0032000bd27c6
:104464001800228e0800238e21104300b9ff00108b
:104474002310440001000424fbff03240a188200d3
:10448400180003ae1c0000ae280000ae2c0000aee5
:08449400edff001025100000ef
:020000040000fa
:020000041d01dc
:10449c00d8ffbd272400bfaf2000b2af1c00b1afc6
:1044ac001800b0af258080002c00a5af2588000037
:1044bc00259000002abc400f000000003800028e3e
:1044cc001c004010ffff4224380002ae0000028e98
:1044dc00040040140000000082c6400f00000000e1
:1044ec00080002ae1000028e09004010000000000f
:1044fc00476c400f1000042605004010000000001f
:10450c00006802400001423400688240c000000094
:10451c00afb1400f01001124251020022400bf8fe1
:10452c002000b28f1c00b18f1800b08f0800e00380
:10453c002800bd272c00a28f0500401400000000ad
:10454c00afb1400f25880000f4ff001025102002a9
:10455c00030040160000000040cb400f1000a427c1
:10456c00afb1400f000000003bcb400f000000003b
:10457c002abc400f00000000440002922014027c70
:10458c00ffff032401004350440000a245000292a7
:10459c002014027cffff032401004350450000a2bd
:1045ac00afb1400f000000002c00a527c298400faf
:1045bc001000a427230040140000000000c3400f8b
:1045cc002520000219004010000000000000028e9f
:1045dc00080040142c00a58f2abc400f00000000de
:1045ec00926b400f0800048eafb1400f258840003d
:1045fc002c00a58fb8c1400f240004263e82400f2a
:10460c0025200002bb55400f00000000a9ff4054bc
:10461c00010012240068024000014234006882400c
:10462c00c0000000a3ff0010010012243e82400fc6
:10463c0025200002bb55400f010012249dff0010e5
:10464c00000000003e82400f25200002bb55400fa9
:10465c000000000000c3400f2520000295ff401011
:10466c0001001224adff2012251020022abc400f9d
:10467c00000000002400058e0500a01000000000c2
:10468c003000028e0000428c050005242328a20075
:10469c004972400f0800048eafb1400f258800000e
:0846ac009eff00102510200202
:020000040000fa
:020000041d01dc
:1046b400b0ffbd274c00bfaf4800beaf4400b7af4a
:1046c4004000b6af3c00b5af3800b4af3400b3af70
:1046d4003000b2af2c00b1af2800b0af25908000fd
:1046e4000200a5287300a0140400938c0ba9400faa
:1046f4000400c48c25884000ffff42240300422ca0
:1047040013004014030006240000428e0400428c6f
:10471400029d053c6cfba52409f84000252060029d
:104724004c00bf8f4800be8f4400b78f4000b68f47
:104734003c00b58f3800b48f3400b38f3000b28f93
:104744002c00b18f2800b08f0800e0035000bd2773
:104754000100352601001624039d143c9c2f942649
:10476400029d173c029d023c1400a2af029d023c34
:104774001800a2af029d023c1c00a2af029d023ca5
:104784002000a2af029d023c2400a2af80f01100e1
:104794000af09e7e2528000002c8400f2520200232
:1047a4000f004014258040000700c0122530c003cc
:1047b4000000428e0400428c2400a38f90fb6524e9
:1047c40009f8400025206002010031262b10350233
:1047d400eeff40144c00bf8fd3ff00104800be8f83
:1047e4001000428c09f84000252000020000438e8e
:1047f4000400638c253840002530c003b4fbe52653
:1048040009f86000252060020000428e04005e8cde
:104814001400028e09f840002520000225304000d3
:104824001400a28fecfb452409f8c0032520600284
:104834000000428e04005e8c1800028e09f84000cd
:10484400252000021000a2af1c00028e09f84000cf
:1048540025200002253840001000a68f1800a28fe2
:1048640014fc452409f8c003252060020000428e90
:1048740004005e8c2000028e09f84000252000020e
:10488400253040001c00a28f4cfc452409f8c003cd
:10489400252060020000428e0000428c2000a38f7d
:1048a40064fc652409f8400025206002c7ff00105d
:1048b4000100312625b0000004001524a6ff0010d5
:0448c40001001124ba
:020000040000fa
:020000041d01dc
:1048c800e8ffbd271400bfaf1000b0afdc81828fb6
:1048d8007b004014000000000082908f0100102629
:1048e800008290af0a000016000000001082828f3c
:1048f8000c82838f108283af0c8282afec81828f0f
:1049080001004224ec8182aff3c2400f0000000096
:10491800e481828f2b100202130040102510000042
:104928001482838f2c00648c801804002118640082
:10493800802003000180033cf88863240a18647c03
:104948000200632c010004240a108300f081848f84
:10495800010003240b1064001400bf8f1000b08ff7
:104968000800e0031800bd27010008240180063c68
:10497800f888c6241082838f0000638c04006014ba
:10498800ffff0324e48183afe5ff0010000000006f
:104998001082838f0c00638c0c00638c0400648c81
:1049a8002b2804020400a0501400648ce48184af16
:1049b800dbff0010000000000800678c0c00658c0d
:1049c8000800e5ac0800678c0400a7ac0400652467
:1049d8000400878c0400e554140060ac0c00678c5c
:1049e800040087ac140060ac0000878cffffe7244c
:1049f800000087ac2800648c110080502c00678c64
:104a08001c00698c2000678c080027ad1c00698c8d
:104a18000400e9ac180067240400898c04002755b9
:104a2800280060ac2000678c040087ac280060accc
:104a38000000878cffffe724000087ac2c00678c00
:104a4800fc81898f0420e80025208900fc8184af3f
:104a58008020070021208700802004002120c40036
:104a68000400848c080064ac0800878c0c0067acd8
:104a78000400e5ac080085ac2c00678c802007009a
:104a880021288700802805002128c500140065ac6e
:104a98000000a58c0100a5242120870080200400a7
:104aa80021208600000085ac1482848f2c00638c42
:104ab8002c00848c2b188300aeff00100b10030110
:104ac800f481828f01004224f48182afa2ff00109a
:044ad80025100000a5
:020000040000fa
:020000041d01dc
:104adc006172703a2071756575652066756c6c2f06
:104aec006572726f720d0a006172703a20616464b3
:104afc007265737320616c72656164792071756580
:104b0c007565640d0a0000006172703a206164647e
:104b1c0072657373206e65776c7920717565756538
:104b2c00640d0a006c697374000000006172703ac5
:104b3c0020256420736c6f747320696e2074686513
:104b4c002063616368650d0a000000006172703ab1
:104b5c00204950763420616464726573733a202561
:104b6c00730000002c204d41432041646472657336
:104b7c00733a2025730000002c20636f6d706c65f8
:104b8c0074650d0a000000002c207065726d616e5a
:104b9c00656e740d0a0000006172703a20495076ff
:104bac003420616464726573733a2025732c207110
:104bbc0075657565640d0a00496e76616c696420d3
:104bcc004950206164647265737320737472696eea
:104bdc0067200d0a00000000726571006172703a66
:104bec00207265736f6c766564202d204950763485
:104bfc0020616464726573733a2025732c204d41d7
:104c0c004320416464726573733a2025730d0a0066
:104c1c0071756572790000006172703a20495076a6
:104c2c003420616464726573733a2025732c204db3
:104c3c00414320416464726573733a2025730d0af5
:104c4c00000000006172703a206e6f20737563680b
:104c5c0020656e7472790d0a000000006172703a62
:104c6c002072656d6f7665642025730d0a00000057
:104c7c0055736167653a2061727020696e74657254
:104c8c0066616365206c6973740d0a005573616706
:104c9c00653a2061727020696e7465726661636535
:104cac00207265712f71756572792f64656c20693e
:104cbc0070416464720d0a0045783a20617270206c
:104ccc006574683020726571203139322e31363876
:0c4cdc002e312e313035200d0a00000072
:020000040000fa
:020000041d01dc
:104ce800696e7465726e616c00000000706f6f6ca5
:104cf8000000000065787465726e616c0000000049
:104d08006e6574696e666f003a20476574206e653b
:104d180074776f726b20696e666f726d6174696ffc
:104d28006e0000006465666e657400003a20536585
:104d3800742f4765742064656661756c7420696eac
:104d480074657266616365003a2044484350206385
:104d58006c69656e7420636f6d6d616e64730000bd
:104d68007a636c6c000000003a205475726e205a09
:104d7800434c4c206f6e2f6f666600007365746439
:104d88006e7300003a2053657420444e53206164ca
:104d980064726573730000007365746970000000c5
:104da8003a205365742049502061646472657373b6
:104db80020616e64206d61736b0000007365746719
:104dc800770000003a205365742047617465776165
:104dd800792061646472657373000000736574629e
:104de800696f73003a2053657420686f7374277372
:104df800204e657442494f53206e616d6500000076
:104e08007365746d616300003a20536574204d41e9
:104e18004320616464726573730000006966000072
:104e28003a204272696e6720616e20696e746572fd
:104e3800666163652075702f646f776e00000000ef
:104e4800737461636b0000003a20537461636b20d4
:104e58007475726e206f6e2f6f666600686561707c
:104e6800696e666f000000003a20436865636b2036
:104e78006865617020737461747573006172700085
:104e88003a2041525020636f6d6d616e647300006b
:104e9800646e7363000000003a20444e5320636c34
:104ea80069656e7420636f6d6d616e6473000000d8
:104eb8006d6163696e666f003a20436865636b20b5
:104ec8004d4143207374617469737469637300009e
:104ed800616e6e6f756e6365000000003a20416e6a
:084ee8006e6f756e636500003a
:020000040000fa
:020000041d01dc
:104ef000c0ffbd273c00bfaf3800b3af3400b2af36
:104f00003000b1af2c00b0af258080000200a52892
:104f10001400a0100400918c0000828c0000428cd0
:104f2000029d053c34f6a52409f840002520200206
:104f30000000028e0000428c029d053c58f6a5241c
:104f400009f84000252020023c00bf8f3800b38fb5
:104f50003400b28f3000b18f2c00b08f0800e00316
:104f60004000bd270400d28c02000624029d053caf
:104f700074f6a524c6c1400f252040023900401414
:104f800025280000768f400f25200000ffff032416
:104f900008004310029d053c0000028e0000428c78
:104fa00078f6a52409f8400025202002e7ff00102c
:104fb0003c00bf8fbc80828f08004014029d053cde
:104fc0000000028e0000428c8cf6a52409f84000f7
:104fd00025202002ddff00103c00bf8f0000478c21
:104fe0000400458c0800468c0c00448c1000438c57
:104ff0001400428c1000a7af1400a5af1800a6af94
:105000001c00a4af2000a3af2400a2af0000028eba
:105010000400428c029d053cacf6a52409f8400032
:10502000252020021000a527768f400f25200000a4
:10503000ffff032409004310029d053c029d053c2f
:105040001cf6a5240000028e0000428c09f84000e6
:1050500025202002bdff00103c00bf8ff9ff00108b
:1050600008f6a52404000624029d053cd8f6a524d4
:10507000c6c1400f25204002b3ff40142528000080
:10508000768f400f2520000025984000ffff022466
:1050900008006216029d053c0000028e0000428c52
:1050a000e0f6a52409f8400025202002a7ff001003
:1050b0003c00bf8f0180123c408c452624b2400f3b
:1050c00025206002408c5226bc8092af14be400f57
:1050d000252060020000028e0000428c029d053ceb
:1050e00008f7a52409f840002520200297ff0010aa
:0450f0003c00bf8f32
:020000040000fa
:020000041d01dc
:1050f400c8ffbd273400bfaf3000b7af2c00b6af38
:105104002800b5af2400b4af2000b3af1c00b2af89
:105114001800b1af1400b0af3481828f5500401035
:10512400ffff172425a080002590a0002598c0002b
:105134000200a2306900401425a8e000ffff0534f6
:105144002ec4400f1c8184270900601625b000007e
:10515400b6a6400f25b06002050040142598400013
:105164003ac4400f1c81842742000010ffff17241b
:105174003081918ffaff201a3481828f0000448c91
:10518400040042240700801425180000251800009c
:105194000900001025886000fcff448c0600805044
:1051a4002588600001006324fbff7114040042247d
:1051b400ebff8014000000002c81848f0800828c97
:1051c4006400062409f8400001000524e4ff4010af
:1051d4002580400020be117c120057a48088110055
:1051e4003481828f21885100000030ae3ac4400fd0
:1051f4001c8184272a0013a6280016a63c0014a2aa
:10520400030002243d0002a2620002a24000028eba
:10521400046b827e400002ae8000423221004010c6
:1052240001000324100000a64000028e444a627c60
:10523400400002ae00014232040040100100032489
:105244004000028ec45a627c400002ae0100523219
:1052540017004012010003244000028e180042345b
:105264008410627c400002ae480002968410627c86
:10527400480002a62510e0023400bf8f3000b78f2b
:105284002c00b68f2800b58f2400b48f2000b38f74
:105294001c00b28f1800b18f1400b08f0800e00317
:1052a4003800bd2724818297e2ff0010100002a677
:1052b40001000224f0ff82162510e002eeffa01286
:1052c400010003240000a28e140002ae4000028eee
:1052d4000442627ce7ff0010400002aeffff053489
:1052e4002ec4400f1c81842799ff00100000000089
:020000040000fa
:020000041d01dc
:1052f4000400a88cb0ffbd274400b7af3800b4af9a
:105304002c00b1af4c00bfaf4800beaf4000b6aff9
:105314003c00b5af3400b3af3000b2af2800b0af3b
:1053240025b880002588a0004c0000050000b48c3e
:105334004408147c08003e8e10008a320000d28c8f
:105344000400d68c0400401125a8c0032510560281
:1053540001004054feffd527080089320100205582
:10536400ffffb5261000308e0c00338e2528a002d6
:10537400ffff102621107002000040a00200022a44
:105384000b00401425105602360040140f0043321f
:1053940023101501211045003300401c0a00642825
:1053a4000300a018020082322f0040140000000005
:1053b4000b004011000000000000c28c0400c38cec
:1053c400251043000600401021107002feff102635
:1053d400ffff47a03000032421107002000043a007
:1053e4000400201120000324ffff10262110700266
:1053f400000043a01000268e1000b4af2538c0036f
:10540400ffffc6242330d000212870027f83400f81
:105414002520e0020400e38e0001633004006010e4
:105424004c00bf8f0400238e2a2043000b1064001d
:105434004800be8f4400b78f4000b68f3c00b58f44
:105444003800b48f3400b38f3000b28f2c00b18f8a
:105454002800b08f0800e0035000bd27b5ff0010fe
:10546400010008240a006428020080105700622406
:1054740030006224bfffe3241a00632c1300601081
:10548400200043349fff63241a00632c10006050f3
:10549400ffff1026252040005c00a7af5800a6aff0
:1054a4002400a8af2000a5af1c00a9af20ca400f5c
:1054b4001800aaaf5c00a78f5800a68f2400a88ffd
:1054c4002000a58f1c00a98f1800aa8fffff1026ab
:1054d40021187002000062a0029112000017160049
:1054e400ffffa52425905200a4ff001002b116006e
:020000040000fa
:020000041d01dc
:1054f400e0ffbd271c00bfaf1800b1af1400b0af70
:10550400258880002580a0009abb400f252000003c
:10551400252840001481828f2400401401000324b4
:105524001081828f6a004014000000001800228e4f
:105534006700401402000224148182af4ebd400f64
:10554400252000000800228e060040100000000004
:1055540004000012000000000000028e200040142d
:1055640000000000b2cc400f0000000008004050d2
:10557400148180afb0cc400f00000000039d053cb7
:10558400fcdea5241097400f25204000148180af35
:1055940025800000251000021c00bf8f1800b18f69
:1055a4001400b08f0800e0032000bd274c00431412
:1055b4001081838f46006018000000001800228ebe
:1055c400030040140100102401006324108183af00
:1055d4004ebd400f25200000efff001025100002f3
:1055e40070bd400f00000000f88082af0800248ed8
:1055f4000c8184af0000118e04000296028182a700
:1056040006000296008182a70800828c040006240a
:1056140009f84000252820020e004014188182afaa
:10562400b2cc400f0000000008004050148180af4d
:10563400b0cc400f00000000039d053c2cdfa524e6
:105644001097400f25204000148180afd1ff001037
:1056540025800000088191af05000624009d053ccb
:10566400d011a524caae400f0a000424050040143a
:10567400048182af5ea2400f25800000c5ff0010a8
:10568400148180af1081828f01004224108182af87
:10569400010007240100062425280000bf99400fbb
:1056a400fc80842701000324050043100100022428
:1056b4005ea2400f25800000b6ff0010148180af69
:1056c400108182af148182afb2ff00100100102458
:1056d4004ebd400f25200000aeff001025800000c5
:0856e400bbff0010258000004f
:020000040000fa
:020000041d01dc
:1056ec00e0ffbd271c00bfaf1800b1af2abc400fb4
:1056fc001400b0afdc81828fffff4224dc8182afcb
:10570c00dc81828f04004014258000000482828f8b
:10571c006700401425100000afb1400f00000000de
:10572c00251000021c00bf8f1800b18f1400b08f21
:10573c000800e0032000bd270c00428c2800438c9d
:10574c001c00448c2000468c080086ac2000448c45
:10575c001c00468c040086ac180044240400668ca3
:10576c000400c454280040ac2000448c040064acf9
:10577c00280040ac0000648cffff8424000064ac63
:10578c001400438c0800468c0c00448c0800c4acfc
:10579c000800468c040086ac040044240400668c8b
:1057ac000400c454140040ac0c00468c040066acdd
:1057bc00140040ac0000668cffffc624000066acf1
:1057cc002c00468cfc818a8f0418c70025186a00af
:1057dc00fc8183af80180600211866008018030036
:1057ec002118a3000400638c080043ac0800668ced
:1057fc000c0046ac0400c4ac080064ac2c00468c15
:10580c008018060021206600802004002120a400be
:10581c00140044ac0000848c010084242118660020
:10582c008018030021186500000064ac1482848f7a
:10583c002c00438c2c00848c2b18640001006050cd
:10584c00f08187af008d038dbbff60540c00228d5f
:10585c000300401000000000f3c2400f00000000e5
:10586c00f481908f09000012010011243252400f74
:10587c000000000001004054f08191afffff1026a2
:10588c00faff001600000000f48180aff081908fc9
:10589c00a1ff001200000000006802400001423429
:1058ac0000688240c00000009bff00100100102423
:1058bc000180083c008d0925010007240180053c6e
:0858cc00e0ff0010f888a5249c
:020000040000fa
:020000041d01dc
:1058d400d0ffbd272c00bfaf2800b4af2400b3af66
:1058e4002000b2af1c00b1af1800b0af258080001b
:1058f4002590a0003800a6af2588e0002598000078
:105904002abc400f000000003800028e3c00038ec9
:105914002b1043000300401402000224230022162b
:105924003800a28f25302002252840023d84400ff4
:10593400252000022400038e1400601000000000e3
:10594400476c400f240004260500401000000000ae
:10595400006802400001423400688240c000000038
:10596400afb1400f00000000010002242c00bf8fe3
:105974002800b48f2400b38f2000b28f1c00b18f95
:105984001800b08f0800e0033000bd27f4ff40107a
:1059940000000000006802400001423400688240b8
:1059a400c0000000eeff00100000000005004014dd
:1059b40000000000afb1400f00000000ebff00103a
:1059c40025100000030060160000000040cb400fcb
:1059d4001000a427afb1400f000000003bcb400fe4
:1059e400000000002abc400f0000000044000292a6
:1059f4002014027cffff032401004350440000a252
:105a0400450002922014027cffff0324010043504e
:105a1400450000a2afb1400f000000003800a527e8
:105a2400c298400f1000a4271c004014000000007e
:105a34002abc400f000000003800148eafb1400fa4
:105a44003c00138e0f0093163800a58fb8c1400f89
:105a5400100004263e82400f25200002bb55400f53
:105a640000000000a6ff4054010013240068024017
:105a74000001423400688240c0000000a0ff001012
:105a8400010013243e82400f25200002bb55400f25
:105a9400010013249aff0010000000003e82400f12
:105aa40025200002bb55400f00000000afff00108e
:045ab40025100000b9
:020000040000fa
:020000041d01dc
:105ab8000100a0540000a0ac730080100100022473
:105ac800000083807000601003000a24f8ffbd27df
:105ad800251800002530000025580000fe00092484
:105ae8000200073c0605e7242540000000008290dc
:105af8001c0040140400cc2c030004241700c41418
:105b0800251000000200043c060584242b206400b4
:105b180012008010003c647c4010040021104400f6
:105b2800c01002002110440080100200003a667c78
:105b38008020060021208600402004002110440017
:105b4800211843000300a3a30400a01001000224ad
:105b58000000a28f0000a2ac010002240800e003ac
:105b68000800bd27fdff805125100000d0ff42240a
:105b780009006015ff0042300a004c2cf7ff8051e5
:105b88002510000001006b25ff006b31001a03008f
:105b98001a0000100438437c1a006a15000000003f
:105ba800eeff4914251000002b106700ebff401092
:105bb800251000000100cd242130a603003c6b7c99
:105bc80040100b0021104b00c010020021104b00a8
:105bd80080100200003a6c7c80580c0021586c013f
:105be80040580b0021104b00211843000000c3a0af
:105bf80025180000ff00a63125580001bbff001042
:105c080001008424160049140a004c2c2b1067004c
:105c18001b0040100100cd242130a603003c6b7c02
:105c280040100b0021104b00c010020021104b0047
:105c380080100200003a6c7c80580c0021586c01de
:105c480040580b0021104b00211843000000c3a04e
:105c580025180000ff00a631e8ff001025580001b4
:105c6800c9ff805501006b25bcff001025100000fe
:105c7800baff001025100000b8ff00102510000022
:105c8800b6ff0010251000000800e0030000000027
:020000040000fa
:020000041d01dc
:105c98001800868c030003247200c310010002243c
:105ca800d8ffbd272400bfaf2000b3af1c00b2afa0
:105cb8001800b1af1400b0af888082974600401436
:105cc8002580a0000800828c988082af8c8080afed
:105cd800948080af0180023cb08c40acb08c4224f0
:105ce800040040ac080040ac0c0040ac100040acd4
:105cf8000180023c4c8d40ac4c8d4224040040ace9
:105d0800080040ac908080af0180023c9c8c40ac85
:105d18009c8c4224040040ac080040ac0c0040ac11
:105d2800100040ac848080af2f00a050ffff1024eb
:105d38000000a28c4100401025300000019d053c68
:105d480048f3a524caae400f030004243d004010c8
:105d5800948082af0180043c52b9400fb08c8424f7
:105d68003a0040100180043c39c9400f9c8c8424bf
:105d7800380040109880848f0800828c1000062418
:105d880009f840000000058e34004010908082af72
:105d98000180043cefcb400f4c8d84240000028e20
:105da8000c0040109080938f259000000180113cda
:105db8004c8d312625286002fec3400f2520200285
:105dc800010052260000028e2b104202f9ff4014f7
:105dd800100073268880829701004224888082a759
:105de8000f00001001000224b2cc400f0000000098
:105df8000800401000000000b0cc400f0000000078
:105e080025300002039d053c1017a5241097400f6c
:105e1800252040008da4400f000000002510000040
:105e28002400bf8f2000b38f1c00b28f1800b18fe1
:105e38001400b08f0800e0032800bd27eaff001017
:105e4800ffff1024e8ff0010feff1024e6ff0010fb
:105e5800fdff1024e4ff0010fcff1024e2ff0010f7
:0c5e6800fbff10240800e0030000000015
:020000040000fa
:020000041d01dc
:105e7400d0ffbd272c00bfaf2800b6af2400b5afbc
:105e84002000b4af1c00b3af1800b2af1400b1af20
:105e94001000b0af5b00a010258080002588a00012
:105ea4009abb400f252000003481838f5d00601071
:105eb400120035865d00a0063081848f2a20a4025a
:105ec4005c008010802015000a18647c5000715416
:105ed40001001124320003960700601025a0000081
:105ee400320000a625900000010016242598000029
:105ef4001e00001025880000600023960100633016
:105f040013006010259000005800328e5c00348e1f
:105f14002800138e0c00238e350070543e0023920b
:105f24001000038e0c0060a44000238e0002633036
:105f3400090060500000238e500000a62200039642
:105f4400c418037c220003a6e9ff001025b000005a
:105f5400f0ff001025980000f8ff0010080023aea1
:105f64002590000025b00000259800002528400059
:105f74004ebd400f252000001100c0120100062470
:105f84002200029640004234220002a62528000284
:105f94007e95400f2800048e2c00bf8f2800b68ffa
:105fa4002400b58f2000b48f1c00b38f1800b28f6b
:105fb4001400b18f1000b08f0800e0033000bd273b
:105fc4000300201200000000f6a5400f2520000267
:105fd400f1ff4012253880020100062425286002c2
:105fe40009f840022520a002ecff00102c00bf8f0e
:105ff400ffff63243e0023a225b00000dbff001056
:1060040001001124251000002588000025a80000a7
:10601400d3ff201625a0000025900000eaff001001
:1060240025980000faff001001001124f8ff001069
:0c60340001001124f6ff001001001124ef
:020000040000fa
:020000041d01dc
:10604000b0ffbd274c00bfaf4800b4af4400b3afb2
:106050004000b2af3c00b1af3800b0af258880003f
:106060000400908c2c00a0af2800a0af3000a0af9f
:106070002000a0af1c00a0af2400a0af1400a0af70
:106080001000a0af1800a0af90001426039d133c91
:1060900049bf400f25208002390040102590400064
:1060a0000f004490020084380601062478296526f2
:1060b0003abf400f0100842c1000428e05002212ce
:1060c0002528400262c3400f1c00a427f0ff0010e7
:1060d0000000000062c3400f2800a427ecff00105e
:1060e0000000000062c3400f2800a4273500001004
:1060f000000000001000a28f9c0002ae1400a28fce
:10610000a00002ae1800a28fa40002ae2800a58f46
:106110000900a050000020a6030007242800a6279d
:106120001f87400f252000022800a58ffbffa01429
:1061300003000724000020a6ffff02240c0022ae6b
:106140000400238e06006294ffff4224060062a42e
:106150000400238e040062948410027c040062a474
:106160004c00bf8f4800b48f4400b38f4000b28f03
:106170003c00b18f3800b08f0800e0035000bd270d
:106180001c00a28f900002ae2000a28f940002aeed
:106190002400a28f980002ae2800a58f0800a0104e
:1061a0009c001426020007242800a6271f87400f02
:1061b000252000022800a58ffaffa0149c001426b9
:1061c000039d133c49bf400f25208002c9ff4010aa
:1061d000259040000f0044900300843806010624f7
:1061e000782965263abf400f0100842c1000428eaa
:1061f000bcff22122528400262c3400f1000a427d2
:08620000f0ff00100000000097
:020000040000fa
:020000041d01dc
:10620800c8ffbd273400bfaf3000b4af2c00b3af18
:106218002800b2af2400b1af2000b0af25988000ad
:106228002588a0002580c0000200a0102590e0006d
:106238000000a0ac0400001210000624252800006d
:10624800a0c6400f252000024481948f0b008012c5
:10625800faff02241000a527ae56400f2520600241
:106268000e0040101000a527040020122510000081
:106278001000a28f000022ae251000003400bf8f4e
:106288003000b48f2c00b38f2800b28f2400b18f58
:106298002000b08f0800e0033800bd274924400fd4
:1062a800252060021100401025286002f3ff00122b
:1062b800251000001000a58f1400a48f1800a38fcc
:1062c8001c00a28f030005aa000005ba070004aa53
:1062d800040004ba0b0003aa080003ba0f0002aabc
:1062e8000c0002bae5ff001025100000ac8a400f30
:1062f8000000848e25284000e0ffa010ffff022444
:106308000000a3948000623005004014000163304f
:1063180001000424fbff0224d8ff00100a108300a8
:106328002700a3902600a89025206800d3ff80109e
:10633800feff02241a00601000000000180000127e
:10634800ff0f043cffff8434211864000021030080
:106358001400a38c21186400030067880000679864
:1063680007006688040066980b0064880800649833
:106378000f0062880c006298030007aa000007baa1
:10638800070006aa040006ba0b0004aa080004ba0b
:106398000f0002aa0c0002bab8ff40162510000030
:1063a800b6ff001125100000b5ff20123400bf8f82
:1063b8001000a28c0000428c000022aeafff00103b
:0463c800251000009c
:020000040000fa
:020000041d01dc
:1063cc00e0ffbd271c00bfaf1800b2af1400b1af87
:1063dc001000b0af0180103c308b10260400028ef0
:1063ec001800428c09f840003400118e140002aee3
:1063fc001400048e1000028e232082002800088ec8
:10640c002c00098e211888002b2864002138a90043
:10641c00280003ae2c0007ae470020122510000206
:10642c00258040003000429001004224b5ac400f62
:10643c00300002a23400108e1c0000120180113cae
:10644c000c00028e19004014010012240180113c32
:10645c00308b3126180012a2190012a20400028ef1
:10646c0041004014000000001000028e3e0040105d
:10647c0000000000b0aa400f2000048e1000028e15
:10648c00040040503400308e09f840001400048e93
:10649c003400308e050000520180113c0c00028e3d
:1064ac00ecff4010000000000180113ca485312657
:1064bc002580000025902002c018100021187000c3
:1064cc00801803002118430219006390ff00633009
:1064dc0010006010c0181000211870008018030004
:1064ec0021184302190060a00400238e010002242d
:1064fc0008006214c01010000800238e21105000f8
:10650c0080100200211042020c0043ac9587400f12
:10651c00252020020100102605000224e6ff0216a9
:10652c00240031260180023c308b42243000439001
:10653c00ffff6324300043a0ccc9400f00000000d3
:10654c000a69400f25804000d3c9400f2520000266
:10655c001c00bf8f1800b28f1400b18f1000b08fc9
:10656c000800e0032000bd273ca1400f25200002bd
:10657c000400028ec1ff4050010000a2c0ff0010b9
:04658c001000028e6b
:020000040000fa
:020000041d01dc
:10659000d0ffbd272c00bfaf2800b4af2400b3af9d
:1065a0002000b2af1c00b1af1800b0af2580800052
:1065b0000300a228150040100400918c0000828c7a
:1065c0000000428c029d053c1ce1a52409f8400016
:1065d000252020020000028e0000428c029d053c16
:1065e00064e1a52409f84000252020022c00bf8f7b
:1065f0002800b48f2400b38f2000b28f1c00b18f0d
:106600001800b08f0800e0033000bd272598a000d7
:1066100025a0c00016a6400f0400c48c0900401439
:10662000259040000000028e0000428c029d053c37
:1066300058f7a52409f8400025202002ecff00109f
:106640002c00bf8f420042944000423008004014aa
:10665000029d053c0000028e0000428c94e1a524be
:1066600009f8400025202002e1ff00102c00bf8f18
:106670001000a527ae56400f0800848e0800401475
:10668000019d053c0000028e0000428cc44ba524f5
:1066900009f8400025202002d5ff00102c00bf8ff4
:1066a0004bcc400f2520400208004010029d053cc5
:1066b0000000028e0000428cb0e1a52409f84000e1
:1066c00025202002caff00102c00bf8f0400732a6f
:1066d0000c0060161400a527ae56400f0c00848ee7
:1066e00017004014029d053c0000028e0000428c01
:1066f000f8e1a52409f8400025202002bcff001085
:106700002c00bf8f25300000010007241000a527b2
:106710003685400f252040020b004014029d053ca9
:10672000029d053c04e1a5240000028e0000428c7d
:1067300009f8400025202002adff00102c00bf8f7b
:10674000f1ff00101400a627f7ff0010f0e0a524c9
:020000040000fa
:020000041d01dc
:106750006d00801053ff03246b00a01000000000a8
:106760006900c0102518000050ffbd27ac00bfaf66
:10677000a800b2afa400b1afa000b0af2588c000a0
:106780002590a0001400838cfeff022407006210f5
:10679000258080002f92400f000000002518400047
:1067a000f1fe02244f006214251060000100023c3b
:1067b000010042242b1022024900401053ff032401
:1067c00010000492010002244500821439ff0324c2
:1067d0002530200225284002402b400f0c00048e5b
:1067e00025184000020002243600621480000224b2
:1067f0001800a2af2000a2271400a2af200002249c
:106800001000a2af039d073c4822e7243000062475
:10681000039d053c3812a524fbb7400f010004245a
:106820002c004014039d033c2000a427d89d632422
:10683000a000a62700008590000067902628a700ea
:106840002510450001008424faff8614010063240a
:1068500020004014240006242000a5272093400f88
:106860002520000211004014010003242400052407
:1068700095a5400f2000a4270c00401425184000c7
:10688000200006242400a527f96c400f0c00048e7c
:10689000060040142518400025302002252840021b
:1068a000402b400f0c00048e251840002000a2272a
:1068b0004400a427000040a001004224fdff44142e
:1068c0000000000006006010030002240b006214a8
:1068d0000200022403000224100002a22fff03245e
:1068e00025106000ac00bf8fa800b28fa400b18f4c
:1068f000a000b08f0800e003b000bd27100002a286
:10690000f7ff001039ff03240800e00325106000a2
:020000040000fa
:020000041d01dc
:10691000c8ffbd273400bfaf3000b3af2c00b2af0b
:106920002800b1af2400b0af1600a0102580800071
:106930007400828c040040102588a0000500052406
:1069400009f8400014018424500012260000338e00
:106950002200229608004234220022a62528200286
:106960003ec3400f25204002f8ff601625886002d4
:106970007400028e030040100600052409f8400050
:1069800014010426220002960400423010004054f4
:106990001400a0af20000292100042300b004014ff
:1069a00001000624ffff0524108f400f2520000260
:1069b0003400bf8f3000b38f2c00b28f2800b18f0e
:1069c0002400b08f0800e0033800bd271400a0affa
:1069d0001000a0af1800a0af7400028e030040109a
:1069e0000500052409f84000140104265000112672
:1069f000d1be400f2520200222004014252840004f
:106a00007400028e2c0040100600052409f8400096
:106a1000140104261000a28f0c0040507400028e56
:106a20001000458ced6b400f252000021b0040102c
:106a300003000324170043543801028e3c01028ee8
:106a4000010042243c0102ae7400028e030040109b
:106a50000500052409f84000140104261000a527ac
:106a600048b8400f252020027400028ed0ff40104d
:106a70000600052409f8400014010426cdff00108b
:106a80003400bf8f3ec3400f1000a427d8ff001072
:106a90000000000001004224380102aed1be400fc8
:106aa0001000a4271000a28fdeff40541000458c78
:106ab000e6ff00107400028e1000a28fd8ff401471
:0c6ac0001000a527e6ff001000000000f9
:020000040000fa
:020000041d01dc
:106acc001800858c030003246a00a3100100022423
:106adc00d8ffbd272400bfaf2000b1af1c00b0af62
:106aec004881828f5700401425888000220006249c
:106afc00252800000180043ca0c6400f9a8b8424fa
:106b0c000180103cffff0224988b02a60800228e05
:106b1c00988b1026140002ae00002296040002a6e8
:106b2c0025300000039d053c4cafa5240fb6400f4b
:106b3c002520000047004010200002ae4d01062425
:106b4c00019d053cace8a524caae400f0e00042400
:106b5c000180033c3f004010b08b62ac253000003c
:106b6c005f76052471c9400f010004242580400084
:106b7c00ffff0224370002120180023c988b50a4c4
:106b8c00253800005f760624010005247274400f3e
:106b9c00252000022f004010253800005f760624c7
:106bac00010005240663400f252000022900401037
:106bbc000100062425280000e82e400f25200002a5
:106bcc00240040100180113c988b312600020224d5
:106bdc00020022a61000a627050005240a4f400f2c
:106bec0025200002020026961000a2972b104600ca
:106bfc000500401005000524e82e400f252000025a
:106c0c0014004010000000000180023c010003242d
:106c1c00a08b43ac0100062403000524e82e400f92
:106c2c002520000225380000039d063c2c0ac624b2
:106c3c0000010524099b400f25200002050040108f
:106c4c004881828f01004224488182af04000010e9
:106c5c0001000224a6a2400f000000002510000035
:106c6c002400bf8f2000b18f1c00b08f0800e00300
:0c6c7c002800bd270800e0030000000015
:020000040000fa
:020000041d01dc
:106c88006e6f7420676976656e0000004e6f6e65e2
:106c9800000000006661696c0000000055736167c0
:106ca800653a202573203c696e7465726661636578
:106cb8003e203c6f6e2f6f66662f72656e65772f6c
:106cc800726571756573742f696e666f3e200d0a63
:106cd8000000000045783a2025732050494333329c
:106ce800494e54206f6e200d0a00000072656e65d3
:106cf800770000007265717565737400526571756f
:106d0800657374206e6565647320616e2049502038
:106d1800616464726573730d0a000000444843504f
:106d2800207374617475733a2025642028202564c3
:106d3800203d3d20426f756e64292c2074696d6575
:106d48003a2025640d0a000044484350206c6561d0
:106d580073652073746172743a2025642c206475fd
:106d6800726174696f6e3a202564730d0a00000021
:106d7800444843502072656e65772074696d653aa2
:106d88002025642c20726562696e642074696d65c3
:106d98003a2025640d0a0000444843502061646489
:106da800726573733a2025730d0a000044484350f6
:106db800207365727665723a2025730d0a0000000b
:106dc8004448435020626f6f74206e616d653a20ad
:106dd80025730d0a00000000444843502054696d93
:106de8006520736572766572733a2025642c2025b8
:106df800730d0a0044484350204e54502073657266
:106e0800766572733a2025642c2025730d0a0000dc
:106e1800444843503a206661696c656420746f2069
:106e280067657420696e666f0d0a0000257320255a
:086e3800732025730d0a000010
:020000040000fa
:020000041d01dc
:106e4000d0ffbd272c00bfaf2800b6af2400b5afe0
:106e50002000b4af1c00b3af1800b2af1400b1af44
:106e60001000b0af25a880003500a0102588a00034
:106e70009abb400f252000001881908f4700001218
:106e80003c0036864a00c0060881838f2b18c30257
:106e90004d006010801816000a80037e5000111605
:106ea000030004241000a38e1000729408005232d4
:106eb000010003240b1892007a00329624904302ba
:106ec0001c00401225a000007c00338e8000348e10
:106ed0002800b08e4c00238e0f0075140100112481
:106ee000520060a4500060a4440060ac6a0060a43a
:106ef000680060a45c0060ac1000648c000080ac92
:106f00001000638c0c0060a42200a396c418037cbc
:106f10002200a3a625880000252840004ebd400f72
:106f2000252000000d002012258800020800001016
:106f30000000000025980000e6ff001025800000fa
:106f400025a0a0002598000025b000002590000095
:106f5000f6a5400f2520a002258020020500601222
:106f600025388002253040022528000209f86002f9
:106f70002520c0022c00bf8f2800b68f2400b58fbb
:106f80002000b48f1c00b38f1800b28f1400b18f93
:106f90001000b08f0800e0033000bd2725a00002dc
:106fa0002598000001001124dbff0010259000004f
:106fb00025a0000025980000010011242590000064
:106fc000d5ff00102580000025a0000025980000b6
:106fd0000100112425900000cfff00102580000043
:106fe00025a0000025980000010011242590000034
:086ff000c9ff0010258000001c
:020000040000fa
:020000041d01dc
:106ff800c8ffbd273400bfaf3000b7af2c00b6af15
:107008002800b5af2400b4af2000b3af1c00b2af66
:107018001800b1af1400b0af2881828f5300401020
:1070280025888000ffff05342ec4400f1c8184276b
:107038003081828f2b0040581800238e1400228e36
:10704800010013240498530025900000808012004a
:107058003481828f0a80507c1d0000520100522624
:107068002400158e1dcb400f2520a00217004004d8
:10707800010003240418430024187300130060104f
:1070880001000524fe83400f120004869abb400fbe
:10709800252000005800168e5c00178e600014969c
:1070a800252840004ebd400f252000000700c012d3
:1070b80000209432050080122538e00200200624c2
:1070c8002528a00209f8c0021200048601005226f1
:1070d8003081828f2a104202ddff40148080120026
:1070e8001800238e020002242b0062142881908f3e
:1070f800ffff102628000016288190af3081828f6c
:107108000c0040182c81848f802010003481828fdd
:107118000a20447c03008010010010267dac400f3b
:10712800000000003081828f2a100202f6ff40140e
:107138002c81848f0c00828c09f840003481858f63
:10714800348180af2081848f050080502c8180afee
:10715800cec3400f00000000208180af2c8180af9b
:10716800308180af22c4400f1c8184273400bf8f38
:107178003000b78f2c00b68f2800b58f2400b48f4d
:107188002000b38f1c00b28f1800b18f1400b08f8d
:107198000800e0033800bd273ac4400f1c8184274b
:0871a800f3ff00103400bf8f5b
:020000040000fa
:020000041d01dc
:1071b000d0ffbd272c00bfaf2800b5af2400b4af6f
:1071c0002000b3af1c00b2af1800b1af1400b0afd5
:1071d0001c00c0102588c00025a8a00014c6400fc0
:1071e00025a0c00025804000160040102588000022
:1071f0003000428c570040543000138e4000028e05
:107200000004427c070040503600029607b1400f50
:10721000252000023000138e4f0060563600039682
:107220003600029608004014251020024000028e0d
:107230000004427c040040102510200207b1400fda
:1072400025200002251020022c00bf8f2800b58fba
:107250002400b48f2000b38f1c00b28f1800b18fb0
:107260001400b08f0800e0033000bd273400029600
:10727000ffff44302b20840201008054251080023f
:1072800025904000ffff42302b1062000100405467
:1072900025906000ffff52321500405234000296e4
:1072a0000500a012253040023800058e8dc5400f24
:1072b0002520a00221a8b20223a09202ffff94324f
:1072c00021885102ffff313236000296231052000e
:1072d000360002a63400029623105200340002a6a3
:1072e0003800028e21905200380012ae340002960f
:1072f00011004014000000000000738e0b006012ab
:10730000300013ae0c006296340002a60800628eb4
:10731000c3ff8012380002ae36000396d4ff6054db
:10732000340002960e00001025182002340000a63a
:10733000bbff0010380000aebaff80523600029644
:107340003000138eb7ff605236000296f3ff001034
:107350003600039636000396c4ff6054258800006b
:08736000b2ff00102588600057
:020000040000fa
:020000041d01dc
:10736800d0ffbd272c00bfaf2800b5af2400b4afb5
:107378002000b3af1c00b2af1800b1af1400b0af1b
:1073880082bf123c0180103c648a102682bf143ce4
:1073980082bf133c0180113c102a428e010042300a
:1073a8000c00401481bf023c0020033c940043ac15
:1073b8002c00bf8f2800b58f2400b48f2000b38f16
:1073c8001c00b28f1800b18f1400b08f0800e003c2
:1073d8003000bd27302a958e2800038e01006224d4
:1073e8003000048e2b104400010063240a180200a8
:1073f800251060002c00038e0f00621400000000ae
:107408002000038e0c006010000000002400058e90
:107418002000028e09f84000010004242800038e91
:10742800010062243000048e2b1044000100632404
:107438000a180200251060002c00038ed6ff621087
:10744800000000002800038e002a648e06008430a5
:107458000600052423008554ff00b5322800038e5a
:1074680040180300ff00a632108824262128640053
:107478000000a6a001006324003ab57e211864002c
:10748800000075a0280002ae34000292ff004230ce
:10749800c1ff40100000000056c1400f000000006e
:1074a8002000038ebaff605082bf143c2400058e72
:1074b8003c000392ff0063300f00601000000000e2
:1074c8003800038e2b104300b1ff405482bf143c98
:1074d8002000028e09f8400025200000acff0010b3
:1074e80082bf143c1088242621186400000075a06f
:1074f800e4ff0010000000003800038ea4ff43548e
:1075080082bf143c2000028e09f8400025200000ac
:087518009fff001082bf143c2c
:020000040000fa
:020000041d01dc
:10752000b0ffbd274c00bfaf4800b5af4400b4afbb
:107530004000b3af3c00b2af3800b1af3400b0afe1
:10754000258880002590a00025a0c00025a8e00087
:107550001f00b0270418107c000015be0f000000ab
:107560000020023c258002020c0000ae080000aea4
:107570007400828c030040100500052409f84000c7
:1075800014018424253000020401258eb185400faa
:1075900025204002259840007400228e46004010ad
:1075a0000600052409f84000140124261300805227
:1075b0007400228e0800128e100040527400228e39
:1075c0000400428e0a0043040000528e0400428ee2
:1075d0008002427c230040100080023c0800448e60
:1075e0002520820009f880022528a0020000528e82
:1075f000f3ff4016000000007400228e03004010cc
:107600000500052409f84000140124260800028e14
:107610000c00038e1d0043540000438c0c0000ae90
:107620001b004014080000ae7400228e03004010be
:107630000600052409f840001401242625106002e4
:107640004c00bf8f4800b58f4400b48f4000b38f0b
:107650003c00b28f3800b18f3400b08f0800e003d7
:107660005000bd270800448e00a0023cddff001042
:10767000252082000c00658c0400442400e0847cfa
:107680001400a4ace1ff00100c0062ac080003aed3
:10769000080040ac0001238e000040ac140040ac58
:1076a0000c00648cf3ff8054000082ac0c0062acd0
:1076b000d6ff0010080062acd5ff80520800028e91
:1076c0000800128ebeff401600000000d0ff001020
:0476d0000800028e1e
:020000040000fa
:020000041d01dc
:1076d40055736167653a206d6163696e666f200d4d
:1076e4000a00000045783a206d6163696e666f2078
:1076f4000d0a0000496e746572666163653a20255f
:10770400732044726976657220537461746973746a
:107714006963730d0a0000000d0a205265636569f0
:10772400766520537461746973746963730d0a0018
:1077340009206e52784f6b5061636b6574733a2005
:1077440025640d0a09206e527850656e6442756690
:10775400666572733a2025640d0a09206e527853c7
:1077640063686564427566666572733a2025640dc4
:107774000a00000009206e52784572726f725061df
:10778400636b6574733a2025640d0a09206e527880
:10779400467261676d656e744572726f72733a20da
:1077a40025640d0a09206e5278427566664e6f7420
:1077b400417661696c61626c653a2025640d0a004a
:1077c4000d0a205472616e736d6974205374617470
:1077d4006973746963730d0a0000000009206e5414
:1077e400784f6b5061636b6574733a2025640d0a9e
:1077f40009206e547850656e6442756666657273ce
:107804003a2025640d0a09206e54784572726f720d
:107814005061636b6574733a2025640d0a09206e08
:107824005478517565756546756c6c3a2025640d00
:107834000a0d0a00096e6f7420737570706f72748c
:1078440065640d0a00000000496e74657266616328
:10785400653a20257320486172647761726520520d
:1078640065676973746572205374617475730d0a66
:1078740000000000092025733a20307825780d0a8d
:047884000000000000
:020000040000fa
:020000041d01dc
:10788800d0ffbd272c00bfaf2800b5af2400b4af90
:107898002000b3af1c00b2af1800b1af1400b0aff6
:1078a8000b00801053ff1224258080002598a0002b
:1078b8001100a0142588c0000500c0147cff022414
:1078c8000000928c4000522e0b10120025904000b0
:1078d800251040022c00bf8f2800b58f2400b48fdc
:1078e8002000b38f1c00b28f1800b18f1400b08f26
:1078f8000800e0033000bd270000848c4000822c83
:10790800f3ff40107cff12240400028e211822028b
:107918002b10620004004010040003ae0800028e21
:1079280001004224080002ae160080100c00152643
:1079380040001424231084022b9022020b103202e0
:107948002590400025304000252860028dc5400f55
:107958002120a4020000028e21104202000002ae83
:107968002198720207005414238832022528a002a5
:10797800a609400f25200002d5ff4014259040009d
:10798800000000ae4000222e230040142590000085
:10799800c0ff34260428147c4000942621a07402d9
:1079a800251860022510a002400068260300678899
:1079b8000000679807006688040066980b006588d1
:1079c800080065980f0064880c006498030047a8b5
:1079d800000047b8070046a8040046b80b0045a8b1
:1079e800080045b80f0044a80c0044b810006324f0
:1079f800eeff681410004224400073262528a002d8
:107a0800a609400f25200002e5ff741625904000c6
:107a18003f00313225988002adff20122530200228
:107a2800252860028dc5400f2520a002a8ff001060
:047a3800000011ae8b
:020000040000fa
:020000041d01dc
:107a3c00e0ffbd271c00bfaf1800b2af1400b1af00
:107a4c001000b0af259080002588a0000ac6400f1a
:107a5c002580c00025184000210060102510000072
:107a6c000c00222e5a00401080881100019d053c0c
:107a7c008c7aa5240a28b17c0800a0000000000024
:107a8c00bc7a019d047b019d487b019d647b019d1b
:107a9c00dc7b019ddc7b019d807b019ddc7b019d62
:107aac00987b019dac7b019dc47b019dd07b019d8e
:107abc000b00001225100000000004920100843815
:107acc00740062948431827c740062a4010004927c
:107adc0001008438c439827c740062a40100022441
:107aec001c00bf8f1800b28f1400b18f1000b08f24
:107afc000800e0032000bd27f9ff0012251000004c
:107b0c00000002923e0064948473447c3200401066
:107b1c003e0064a4790060a002000496102705249e
:107b2c000a20a400700064a404000492060005243a
:107b3c000a20a400eaff0010840064a0240007249b
:107b4c0025300000ffff0532b72d400f25204002e5
:107b5c00e4ff00101c00bf8f18000724ffff063243
:107b6c0025280000b72d400f25204002ddff001016
:107b7c001c00bf8f2b80100074006294c45a027ecc
:107b8c00740062a4d6ff0010010002243e0062942f
:107b9c00046b027e3e0062a4d1ff0010010002249f
:107bac002b8010003e006294c47b027e3e0062a4d7
:107bbc00cbff001001000224850070a0c8ff00104c
:107bcc0001000224860070a0c5ff001001000224f1
:107bdc00c3ff001025100000c1ff0010010002249b
:020000040000fa
:020000041d01dc
:107bec0098ffbd276400bfaf6000b4af5c00b3afbb
:107bfc005800b2af5400b1af5000b0af2590800028
:107c0c002520a0004c00538e3f00b1270418117c96
:107c1c00000035be0f0000000020023c2588220227
:107c2c000c0020ae080020ae1f00b0270418107cfa
:107c3c00000015be0f000000258002020c0000aef3
:107c4c00080000ae25302002b185400f0c01458e96
:107c5c0025a040000800228e0c00238e30004354d7
:107c6c000000438c0c0020ae2e004014080020ae07
:107c7c000800028e05004010010007242530000288
:107c8c000c01458e3c62400f2520400225108002dd
:107c9c006400bf8f6000b48f5c00b38f5800b28f4c
:107cac005400b18f5000b08f0800e0036800bd276e
:107cbc000c00048e0400432400e0637c140083acad
:107ccc00e4ff00100c0002ae000040ac140040ac0d
:107cdc000c00648c0c008054000082ac0c0062ac74
:107cec00080062ac080040ac0400428c0003427ceb
:107cfc00d9ff40540800228e4fcb400f2520600244
:107d0c00d5ff00100800228e0c00658c0400442462
:107d1c0000e0847c1400a4acf2ff00100c0062acf8
:107d2c00080023ae0400438c4002637ce6ff6050e5
:107d3c000801438e0400438cc45a037c040043acfa
:107d4c000400438c84f7037c040043ac0400438c94
:107d5c00c4ff037c040043ac0400438c01000424e6
:107d6c00c439837c040043ac000040ac140040ac2c
:107d7c000c00038eceff6054000062ac0c0002ae0f
:087d8c00b4ff0010080002ae74
:020000040000fa
:020000041d01dc
:107d94006700a010fbff02240000a38c64006010a5
:107da4000000000062008010faff02244200839465
:107db400400063305e00601000000000c0ffbd277b
:107dc4003c00bfaf3800beaf3400b7af3000b6af31
:107dd4002c00b5af2800b4af2400b3af2000b2af7d
:107de4001c00b1af020002244900e2101800b0af39
:107df4000300e22c10004010010002244700e210ae
:107e040040001424f9ff02243c00bf8f3800be8fc9
:107e14003400b78f3000b68f2c00b58f2800b48f94
:107e24002400b38f2000b28f1c00b18f1800b08fd4
:107e34000800e0034000bd27030002243900e210db
:107e440004000324f9ff022425a00000eeffe3143c
:107e5400259800002590c0002588a0001000a4af3c
:107e64000180023c1dcb400f1c8a508cc0180200bc
:107e740021106200c0100200218002020000168e50
:107e84000c00c38ee0ff60102510000000003e8e41
:107e94000000578e25880000252820021ec6400faa
:107ea4000000048e25a840000000429401004330e5
:107eb40010006010241053000f00545401003126a8
:107ec4000800a28e0000438e241043002418d70318
:107ed400080043142528a002feae400f252000020e
:107ee400feff0724253000000800a526ab95400faf
:107ef4001000a48f010031260c00c28e2b10220228
:107f0400e5ff40143c00bf8fc1ff00103800be8f56
:107f140080001424cfff001080001324cdff001034
:107f24004000132425a00000caff0010c000132441
:087f34000800e003000000005a
:020000040000fa
:020000041d01dc
:107f3c00c8ffbd273400bfaf3000b3af2c00b2afc9
:107f4c002800b1af2400b0af4481918f31002012d2
:107f5c00faff03242f008010f7ff03240000828017
:107f6c002c0040102598c0002590a0009ac4400f0a
:107f7c00258080004000422c26004010f7ff03248f
:107f8c001000a527ae56400f2520000221004014fa
:107f9c00020003241000a5274924400f25200002cd
:107fac001c0040140200032425280002a98f400f56
:107fbc000000248e2580400016004010f8ff03249a
:107fcc000100022404004212251840021c00433a0e
:107fdc002b180300020063241600601600000296a2
:107fec000200443017008054260000a22a0004929c
:107ffc00242083002e00831480004430050080145c
:10800c00251800000001423001000324fbff04246a
:10801c000b188200251060003400bf8f3000b38f26
:10802c002c00b28f2800b18f2400b08f0800e00321
:10803c003800bd27020044301e008010010064305f
:10804c00260000a2270000a2c441027c000002a668
:10805c00180000ae280012a22a0002922518620015
:10806c002a0003a21c00228e080002ae0c0002aef5
:10807c002b0000a20400238e0300601401000224d4
:10808c0045cc400f00000000401002002c0002a262
:10809c002600229601004224260022a62528000252
:1080ac006236400f25202002daff00102518400010
:1080bc000100643001008054260000a202006430ec
:1080cc0001008054270000a2c439027ce0ff00109c
:0480dc00000002a6f8
:020000040000fa
:020000041d01dc
:1080e000c8ffbd273400bfaf3000b5af2c00b4af20
:1080f0002800b3af2400b2af2000b1af48c1400f99
:108100001c00b0af5400401082bf153c0180123cef
:10811000648a502682bf143c0180113c908731262e
:1081200082bf133c06000624102aa58e0002a5304b
:108130000c00a01081bf023c0040033c940043ac03
:108140003400bf8f3000b58f2c00b48f2800b38f60
:108150002400b28f2000b18f1c00b08f0800e00314
:108160003800bd270c00028e0800038e41004350ea
:1081700081bf023c002a838e06006330280066140b
:1081800000000000401802008a21237e01006324c1
:108190008a19237e1200a3a7010043241800078e2a
:1081a0002b186700010042240b2843000c0005ae89
:1081b000002a828e060042301c004614ff008230e6
:1081c000202a64ae10000292ff004230d6ff401019
:1081d00000000000bfc2400f1000a4a7648a438eb5
:1081e000d1ff6010060006240400058e1c000392d7
:1081f000ff00633010006010000000001400038ec8
:108200002b104300c8ff401400000000648a428e17
:1082100009f8400003000424c3ff001006000624f0
:108220008a21227eddff001001004324202a62ae55
:10823000e4ff0010000000001400038ebaff435456
:1082400006000624648a428e09f8400003000424d4
:10825000b5ff0010060006240040023c81bf033c2d
:10826000140162ac81bf033c940062acb5ff001006
:108270003400bf8f0040033c140143acaeff00103c
:0482800081bf023c7c
:020000040000fa
:020000041d01dc
:10828400d8ffbd272400bfaf2000b3af1c00b2af9e
:108294001800b1af1400b0af0f00052432a8400f8e
:1082a4000f000424570040104481908f55000012a1
:1082b400020042302b0040100000000006bc400fba
:1082c400000000002590400070bd400f259860001c
:1082d4002530400025380000252040024e38400f4c
:1082e40025286002258840001c0002ae0000138e81
:1082f4000c00628e1b00401000000000259000005e
:10830400252840021ec6400f252060022528400073
:1083140000004294010043300d006010800043309f
:108324001d006010000143301400038e01006050f2
:108334001800a38c0800a28c231022022b104300e7
:108344000400405401005226b2b4400f252000021c
:10835400010052260c00628e2b104202e9ff4014e9
:108364002528400269b2400f2400048626004010ec
:108374002400bf8f26000286030040100000000086
:10838400b51f400f2520000244be400f2400048680
:10839400f4ff001000000000140060540c00a28cd4
:1083a4000c00a38c231823020200632ce9ff605401
:1083b400010052260c00b1ac2b00a3902c00a49019
:1083c4002b20640006008010010063242b00a3a06e
:1083d4006236400f25200002deff00100100522605
:1083e40000014234daff00100000a2a4d9ff225297
:1083f40001005226b2b4400f25200002d5ff001020
:10840400010052262400bf8f2000b38f1c00b28fbe
:108414001800b18f1400b08f0800e0032800bd27b6
:020000040000fa
:020000041d01dc
:108424006500801053ff02246300a01000000000c8
:10843400d8ffbd272400bfaf2000b3af1c00b2afec
:108444001800b1af1400b0af258080000c00922456
:108454000000828c01004324000083ac21104202fe
:1084640080ff0324000043a00000848c3900822c88
:108474000b0040142588a00040001324233064021c
:1084840025280000a0c6400f21204402000013ae9e
:1084940025284002a609400f25200002000000ae56
:1084a4000000048e380006242330c4002528000070
:1084b400a0c6400f212044020400038e0800028e4f
:1084c400c01002004227030021104400080002ae3d
:1084d400c0180300040003ae44000226040004266e
:1084e4000300838800008398470003aa000043b870
:1084f40048000226080004260300838800008398ad
:108504004b0003aa000043b825284002a609400fe7
:10851400252000024c0002260300468800004698ed
:1085240007004588040045980b00448808004498d7
:108534000f0043880c004398030026aa000026bac3
:10854400070025aa040025ba0b0024aa080024baaf
:108554000f0023aa0c0023ba4567023c01234224de
:108564004c0002aecdef023c89ab4234500002ae67
:10857400ba98023cfedc4234540002ae3210023c93
:1085840076544224580002ae000000ae040000ae4f
:10859400080000ae600000ae251000002400bf8f6c
:1085a4002000b38f1c00b28f1800b18f1400b08f5d
:1085b4000800e0032800bd270800e00300000000d5
:020000040000fa
:020000041d01dc
:1085c400e0ffbd271c00bfaf1800b1af1400b0af6f
:1085d4001800838c03000224180062148081838fa6
:1085e40005006050808180af1000848c0400641406
:1085f40001000224808180af010002245c8182afeb
:108604001c00bf8f1800b18f1400b08f0800e00366
:108614002000bd274c8180af588180a3808180af2a
:108624005c8180af508180af7481828f01004224cd
:10863400748182aff2ff0010010002247481828fe2
:10864400f7ff4054808180afedffa010251000009b
:108654000800a48c01000324e9ff83142580a000f2
:108664000180023c008c40ac008c4224040040aced
:10867400080040ac0c0040ac100040ac140040ac0e
:10868400180040ac1c0040ac0180023c208c40a08f
:108694000000a58c0600a0101e00062425884000ba
:1086a400b4c6400f208c4424208c31261e0020a206
:1086b4000800028e548182af0c00028e6c8182af5e
:1086c4001000028e688182af1400028e648182af32
:1086d4001800028e608182af16a6400f0400048e3b
:1086e4007c8182af253000007b00052478c9400fcf
:1086f40025200000252040001e8082a7ffff0324c0
:10870400bfff83102510000025300000e82e400f25
:108714000200052425380000039d063c600ac62497
:1087240000010524099b400f1e8084874c04062405
:10873400019d053c1c8ba524caae400f15000424e2
:10874400b4ff4014788182af78b9400f0000000074
:08875400abff0010251000002e
:020000040000fa
:020000041d01dc
:10875c000080023c100242246000821400000000e1
:10876c005e008010000000000080023c300242904d
:10877c00010042305900401000000000e0ffbd270e
:10878c001c00bfaf1800b1af1400b0af0080103c9c
:10879c00100210264400118e1000228e09f84000a1
:1087ac001400048e1c00038e010002241d006214b0
:1087bc000080023c2802508c1c00228e09f84000dc
:1087cc002520000201000324170043101c00bf8f5a
:1087dc002000228e09f840002520000216004010cf
:1087ec00258840000080103c7280400f1002042647
:1087fc0010021026ffff0224b2cc400f1c0002ae68
:10880c00090040101c00bf8fb0cc400f00000000ce
:10881c0025302002039d053c0823a5241097400f0a
:10882c00252040001c00bf8f1800b18f1400b08fa2
:10883c000800e0032000bd270080023c1002422407
:10884c0020004390010004248410837c200043a06a
:10885c003c00468c0100c230170040100080023ce6
:10886c0010024224ff006330c418837c200043a014
:10887c00f4bb400f0080103c1002102670bd400f5e
:10888c007c0002ae3a00039602106270e7034224a9
:10889c006210033cd34d63241900430010100000f8
:1088ac0082110200800002ae900000ae0200022491
:1088bc00dcff00101c0002ae0200c6300080043c3d
:1088cc00100284240f0002240b304600ee85400f6a
:1088dc007800858ce6ff0010000000000800e00323
:0488ec000000000088
:020000040000fa
:020000041d01dc
:1088f000d0ffbd272c00bfaf2800b5af2400b4af18
:108900002000b3af1c00b2af1800b1af1400b0af7d
:108910002588a0002590c00025a8e0004c00948c7c
:108920000800d08c0c00c28c350002160c00b38cf1
:108930000c00c0ac0800c0ac0400028ec439027c3c
:10894000040002ae0800428e0c00438e35004354f2
:108950000000438c0c0040ae33004014080040aed1
:108960000000628e0400068e0800058e0c00048e46
:108970001000038e000062ae040066ae080065ae13
:108980000c0064ae100063ae040000ae080000ae40
:10899000000000ae140000ae0c00228e33004054e4
:1089a000000050ac0c0030ae080030ae0400628e07
:1089b00001000324c439627c040062ae0800a012e6
:1089c0002c00bf8f0400628e0003427c050040141f
:1089d0002800b58f4fcb400f252080022c00bf8f81
:1089e0002800b58f2400b48f2000b38f1c00b28ff5
:1089f0001800b18f1400b08f0800e0033000bd27cd
:108a00000000028eccff00100800c2ac0c00248ec7
:108a10000400432400e0637c140083ac09000010d0
:108a20000c0022ae080043ae000040ac140040ac85
:108a30000c00238ef5ff6054000062ac0c0022aee7
:108a4000080022aec0ffa0520800428e0400428cf3
:108a50000003427cbcff40540800428e4fcb400fc5
:108a600025208002b8ff00100800428e0c00238ee3
:108a70000400022600e0427c140062accbff001030
:048a80000c0030ae08
:020000040000fa
:020000041d01dc
:108a84001800868c030002246000c2100100032435
:108a9400e0ffbd271c00bfaf1800b2af1400b1af98
:108aa4001000b0af2881828f0900401001004224d9
:108ab400288182af251060001c00bf8f1800b28f80
:108ac4001400b18f1000b08f0800e0032000bd2710
:108ad4002580a0000800828c0d00401425888000a9
:108ae400b2cc400f00000000f2ff40102518000037
:108af400b0cc400f00000000039d053cb0f4a52459
:108b04001097400f25204000eaff001025180000b0
:108b1400e8ffa01025180000010007240100062426
:108b240025280000bf99400f1c81842701000424dc
:108b3400e0ff44142518000025300000019d053c89
:108b4400b8f6a524caae400f090004240500401459
:108b5400208182af22c4400f1c818427d5ff0010de
:108b6400251800000800248e0800828c04000624c6
:108b740009f84000000005961100401425904000bb
:108b8400b2cc400f000000000700401000000000bd
:108b9400b0cc400f00000000039d053cd4f4a52494
:108ba4001097400f2520400022c4400f1c818427c9
:108bb400cec3400f2081848fbeff00102518000013
:108bc4009abb400f252000000800238e2c8183af20
:108bd40000000396308183af02000396248183a7ab
:108be400348192af2881838f01006324288183af6d
:108bf400252840004ebd400f252000003ac4400ff8
:108c04001c818427abff0010010003240800e0034b
:048c140025106000c7
:020000040000fa
:020000041d01dc
:108c1800d0ffbd272c00bfaf2800b6af2400b5afea
:108c28002000b4af1c00b3af1800b2af1400b1af4e
:108c38001000b0af25a0a0002588c00014c6400fc2
:108c48002590e00025804000060000122510000055
:108c58000e0080163c001692259000001f00c012de
:108c6800259800002c00bf8f2800b68f2400b58ff0
:108c78002000b48f1c00b38f1800b28f1400b18f7e
:108c88001000b08f0800e0033000bd27ffff8426e6
:108c98000200842cf3ff8010251000000300c0128e
:108ca80000000000f0ffd4162c00bf8f2e004012e9
:108cb8000100022409008216259800000000428e57
:108cc8002b00401025280000cdb8400f2520400279
:108cd80025984000e3ff601225100000ffff0534cf
:108ce8002ec4400f1c818427230020562a00029698
:108cf8002a0011962700201600000000b6a6400f93
:108d080000000000258840000100552c3ac4400f9f
:108d18001c818427d3ffa016251000004000028e76
:108d2800448c027c400002ae3c0014a22530400274
:108d38002528600261ac400f252000020400405243
:108d48002a0011a6030040503c0016a22a0011a6d2
:108d5800010002244000038e01000424448c837c1b
:108d6800c0ff0010400003aedcff00102598400251
:108d7800daff0010259800000600511000000000de
:108d880064bb400f2520200201004238dfff00109d
:108d9800ff0055303ac4400f1c818427e0ff0010c3
:048da8004000028ef7
:020000040000fa
:020000041d01dc
:108dac00d8ffbd272400bfaf2000b4af1c00b3af69
:108dbc001800b2af1400b1af1000b0af0080023c8d
:108dcc0010024224240082142588000025a0a00053
:108ddc00550080102588c0000080023c2700c01080
:108dec005c02528c0080023ca802428c03004010b2
:108dfc000080023c0ab5400fa402448c0bb7400f14
:108e0c00252080020080033c100263249800658cae
:108e1c0025288502980065aca000648c2520820072
:108e2c000d00a010a00064ac25986000a400708c0c
:108e3c0027801000248002022528000224cc400f39
:108e4c00252040022528000227cc400f2520400277
:108e5c003cc6400f9400648e251020022400bf8f66
:108e6c002000b48f1c00b38f1800b28f1400b18f88
:108e7c001000b08f0800e0032800bd270080023ce2
:108e8c00a802508c05000012259800000080023cbe
:108e9c000ab5400fa402448c25984000248014028b
:108eac000bb7400f2520000225884000271010002a
:108ebc000080103c100210269800038e24186200cb
:108ecc00980003ae27181100a000048e2420830004
:108edc00a00004ae9c00048e241044009c0002ae42
:108eec00a400028e24186200a40003ae25282002e0
:108efc002acc400f252040022528200224cc400fec
:108f0c00252040029800028ed3ff4010010011244e
:108f1c002b2813000080023c56c5400fa402448c41
:108f2c00ceff001025102002cbff0010258800007a
:020000040000fa
:020000041d01dc
:108f3c00c8ffbd273400bfaf3000b5af2c00b4afb5
:108f4c002800b3af2400b2af2000b1af1c00b0af0b
:108f5c002598e0000040e230150040104800b28f28
:108f6c001400a0af188082271000a2af0000a78cbd
:108f7c000000c68c7666400f0f0065320600032495
:108f8c00f7ff04240b206200251080003400bf8ff3
:108f9c003000b58f2c00b48f2800b38f2400b28f13
:108fac002000b18f1c00b08f0800e0033800bd27f3
:108fbc0025a080002580a00025a8c0000180023ccf
:108fcc001dcb400f1c8a518cc0180200211062006e
:108fdc00c01002002188220225280002a98f400f10
:108fec000000248e25804000e8ff0012feff0224c2
:108ffc00000002960200433014006010002065321d
:10900c000211130000014230000243342c002726c9
:10901c00253000000b106500252840007cab400f6c
:10902c00252000020800078e1400a0af18808227ac
:10903c001000a2af0000a68e0f0065327666400fbe
:10904c0025208002d1ff001001000224c000433013
:10905c00ceff60100300022409004052000003966a
:10906c001000028e030042aa000042ba14000292c1
:10907c00040042a215000292050042a200000396d1
:10908c0080006330c1ff60100200022418003126fa
:10909c0004001226252840020a8e400f25202002ab
:1090ac000180023c2c8a428c0c0002ae2528400226
:1090bc00f38b400f25202002b4ff00100200022485
:020000040000fa
:020000041d01dc
:1090cc00e0ffbd271c00bfaf1800b2af1400b1af5a
:1090dc001000b0af4481838f330060102510000066
:1090ec00320080101c00bf8f3100c0101800b28fee
:1090fc002d00e0102510e0002590e0002580c00038
:10910c002588a00025288000ac8a400f0000648cc4
:10911c002518400024006010251000000000649405
:10912c0080008430210080101c00bf8f2a006490c6
:10913c003000a28f242082001b008010251000001c
:10914c00010002241e0082542700649026006490c3
:10915c002a20910014008014251000001400405a9d
:10916c001800b28f253000022528200280881100bb
:10917c001000628c21885100251000000000248e04
:10918c000000c4ac010042240400c62426006490f4
:10919c00213845002a208700030080140400312662
:1091ac00f7ff42560000248e1c00bf8f1800b28fb0
:1091bc001400b18f1000b08f0800e0032000bd2711
:1091cc002a209100f8ff801425100000f6ff401aa9
:1091dc002550200225300002008911001400658cf6
:1091ec002128b1000300a9880000a9980700a888cd
:1091fc000400a8980b00a7880800a7980f00a48863
:10920c000c00a4980300c9a80000c9b80700c8a89e
:10921c000400c8b80b00c7a80800c7b80f00c4a842
:10922c000c00c4b8010042242700649021384a0085
:10923c002a208700dcff80141000c624e9ff4216a8
:0c924c001c00bf8fdaff00101800b28f6a
:020000040000fa
:020000041d01dc
:10925800880002243f00a2108900a2281a004010aa
:10926800810002245400a2108200a22805004010a8
:10927800800002245100a2500000e28c0800e003a4
:1092880025100000820002243b00a2500000e28c5e
:1092980084000224f9ffa214000000000000e28c00
:1092a800040043240000428c2700c0100000e3acf7
:1092b8002016027c000082acc3170200040082acb6
:1092c8000800e00301000224a00002243600a25096
:1092d8000000e28ca100a228100040109000022497
:1092e800e6ffa214000000000000e28c0700422400
:1092f8000410027c0000488c0400498c08004224b9
:109308000000e2ac000088ac040089ac0100c01089
:10931800010002240800e00300000000c00002244d
:109328000500a2500000e28cf0000224d3ffa21432
:10933800000000000000e28c040043240000e3acbd
:10934800020000100000428cffff42302000001095
:10935800000082ac0000e28c040043240000428c30
:109368000300c0100000e3acd2ff00102014027c00
:10937800f6ff0010ff004230070042240410027c70
:109388000000488c0400498c080042240000e2ac2c
:10939800000088ac040089acdeffc0100100022484
:1093a8000800e00300000000040043240000e3acd0
:1093b800c0ff00100000428c0000e28c040043242f
:1093c8000000e3ac0000428cbbffc014000082ac7c
:0893d800bbff0010040080ac93
:020000040000fa
:020000041d01dc
:1093e00090ffbd276c00bfaf6800b4af6400b3af9f
:1093f0006000b2af5c00b1af5800b0af0f00052401
:1094000032a8400f0600042401004230f2ff12246b
:1094100044004014f6ff11246c00bf8f6800b48f25
:109420006400b38f6000b28f5c00b18f5800b08fc2
:109430000800e0037000bd27200006960800c22c3b
:109440003e004014253800001c00138e1800148eb6
:1094500025286002a77f400f252000023d00401410
:10946000080002240000639635006214f3ff05240f
:10947000100085265ab4400f2800048e3000401496
:10948000f1ff05242800138e1c00048e000080a02c
:10949000010080a00200829425284000ff00463091
:1094a0000800c324ff0063300438657c0800632c87
:1094b00007006010003a427c01004224ff00423065
:1094c00003004014047a457c0900c6240438c57c96
:1094d000020085a4000000ae253000000100052434
:1094e000bf74400f252000021800028e0c00438c30
:1094f0004400a3af1000428c4800a2af4c00b3afb1
:1095000025300000252800028a3e400f1000a427c5
:109510000400401406000624faff052496ae400f0e
:1095200025200002e2af400f06000424c2ff4014d1
:1095300025804000b9ff00106c00bf8f2528400235
:109540000600062496ae400f25200002f5ff00100d
:1095500000000000faff001025282002f8ff00108c
:04956000f1ff0524ee
:020000040000fa
:020000041d01dc
:10956400c8ffbd273400bfaf3000beaf2c00b7af7b
:109574002800b6af2400b5af2000b4af1c00b3afd1
:109584001800b2af1400b1af1000b0af3a00a01889
:10959400259000002598c00025a0a000258080000b
:1095a4000100d63025a8c0024000de7c029d173c95
:1095b4002e000596f2ffa5246800028e25300000d7
:1095c400ffffa53009f84000340004242a004010ad
:1095d400258840000600c0520434e2261000438c63
:1095e4001000629404004234100062a40434e226a1
:1095f400080022ae0700c0130c0030ae1000228e0b
:109604000e004594f0ffa5302e0005a632c3400f8e
:109614004c00048e0400623228004010000020ae8a
:109624007400028e030040100500052409f8400070
:10963400100104261000258e2538a00201000624fe
:109644000800a5246f4d400f2520000225f040009e
:109654007400028e030040100600052409f840003f
:10966400100104261100c053010052266c00028e22
:1096740009f8400025202002251040023400bf8f45
:109684003000be8f2c00b78f2800b68f2400b58f12
:109694002000b48f1c00b38f1800b28f1400b18f58
:1096a4001000b08f0800e0033800bd27c0ff9216f9
:1096b40025f00000f1ff0010251040021000258e57
:1096c4002538a002010006240800a5246f4d400f90
:0c96d40025200002e3ff001025f04000fc
:020000040000fa
:020000041d01dc
:1096e0000080033c100263245a008314faff022412
:1096f0005800801000000000e0ffbd271c00bfaf35
:109700001800b2af1400b1af1000b0af2588c00090
:109710002600a0102580a0000080023c8402428c1c
:1097200004004010050005240080043c09f84000b6
:10973000200384240080053c2c03a5240080123cd7
:1097400060bc400f100244260080053c3003a52475
:1097500071bc400f10024426100252267400428e43
:1097600004004010060005240080043c09f8400075
:10977000200384240080023c100242241801478cfc
:109780001c01468c2001458c2401448c2801438c0b
:109790002c01428c000007ae040006ae080005aea6
:1097a0000c0004ae100003ae140002ae2300201221
:1097b000251000000080023c8402428c040040100e
:1097c000050005240080043c09f84000240384249b
:1097d0000080053c4403a5240080103c82bc400f5f
:1097e00010020426100202263401438c5800448cd7
:1097f00021186400340143ac7400428c0400401012
:10980000060005240080043c09f840002403842459
:109810000080023c100242243001458c3401448c0b
:109820003801438c3c01428c000025ae040024ae7c
:10983000080023ae0c0022ae251000001c00bf8fd4
:109840001800b28f1400b18f1000b08f0800e00331
:0c9850002000bd270800e003000000001d
:020000040000fa
:020000041d01dc
:10985c00f8fdbd270402bfaf0002b1affc01b0aff1
:10986c0025808000c801a0afcc01a0afd001a0af73
:10987c00d401a0afd801a0afdc01a0afe001a0af34
:10988c00e401a0afe801a0afec01a0aff001a0afe4
:10989c001000052418af400fc801a4271ac3400fad
:1098ac001000a42777000392010002241300621415
:1098bc00253000004400028ed801a2af4000028e79
:1098cc00dc01a2af62000296001402006000039655
:1098dc0021104300e001a2afc801a28fe401a2afa6
:1098ec00cc01a28fe801a2afd001a28fec01a2aff4
:1098fc00d401a28ff001a2af1c000624d801a52729
:10990c00e2c1400f1000a427d801a527efc1400fda
:10991c001000a42792aa400f0000000025884000e8
:10992c005acc400f25806000c21e1100403110003f
:10993c0025306600402911002318b1002b20a3000c
:10994c002328d0002328a4008236030080210500a0
:10995c002520c400803103002318c3002b30c30022
:10996c00232885002328a60042270300c0280500d1
:10997c0025288500c0180300218871002b182302ac
:10998c002128b00021286500821e110080290500c5
:10999c00252865008026050000c8317e2530400052
:1099ac0025380000252091004e38400f82290500f3
:1099bc00d801a38f211062000402bf8f0002b18f67
:0c99cc00fc01b08f0800e0030802bd277a
:020000040000fa
:020000041d01dc
:1099d800d0ffbd272c00bfaf2800b6af2400b5af1d
:1099e8002000b4af1c00b3af1800b2af1400b1af81
:1099f8001000b0af2598800025b0a00025a8c000b1
:109a080025a0e0004000b18f0180023c608a508ca4
:109a1800050000124400b28f22000296080042306e
:109a2800090040501800048e02c1400f00000000d9
:109a38002580400032000012251000000180023c01
:109a4800608a50ac1800048e01000224000082a431
:109a580000080224020082a406000224040082a056
:109a680004000224050082a02f004016060096a4d8
:109a78003c00628e0b0082a8080082b84000629603
:109a88000c0082a4110095a80e0095b80300228a44
:109a98000000229a150082a8120082b804002292bf
:109aa800160082a005002292170082a01b0094a82d
:109ab8000abd400f180094b81000028e1c00032441
:109ac8000c0043a4fac7400f2520600206080724ab
:109ad80025304000252820023c9a400f252000020e
:109ae8000700401025280002000000ae280013ae31
:109af800efb0400f2520600227100200c2170200b5
:109b08002c00bf8f2800b68f2400b58f2000b48f9b
:109b18001c00b38f1800b28f1400b18f1000b08fe3
:109b28000800e0033000bd270300428a0000429a83
:109b38000b0082a8080082b8040042920c0082a0a0
:0c9b480005004292cfff00100d0082a02b
:020000040000fa
:020000041d01dc
:109b5400e0ffbd271c00bfaf1800b1af1400b0afc9
:109b64005400a010ffff1024520080142588a00088
:109b74000180043c5fbd400f688b842401000324f2
:109b84004d004314251000020000228e0180103c79
:109b9400308b1026040002ae0c00428c09f8400001
:109ba400000000000c0002ae8227020080180200b0
:109bb400211062002b18430021206400c22e0200f1
:109bc400401904002518a300402902002310a20014
:109bd4002b28a2002318640023186500822f02009a
:109be40080180300eb0b063c00c2c6342538000085
:109bf400802002004e38400f2528a3000200422492
:109c0400200002ae0400228e080002ae100000ae56
:109c1400ffff0224180002aeff7f023cffff423424
:109c24001c0002ae2510000025180000280002ae1a
:109c34002c0003ae340000ae300000a20400028efb
:109c44000000428c25280000019d043c09f84000d6
:109c5400cc6384240400028e1000428c0300401064
:109c64000180033c09f84000488b648c0180113c5e
:109c7400308b30261c00048e0400028e1400428cab
:109c840009f84000000000000400028e0400428c29
:109c940009f8400000000000b40006242528000054
:109ca4000180043ca0c6400fa48584240200022441
:109cb400308b22ae251000021c00bf8f1800b18f1c
:0c9cc4001400b08f0800e0032000bd2752
:020000040000fa
:020000041d01dc
:109cd000c8ffbd273400bfaf3000b3af2c00b2af18
:109ce0002800b1af2400b0af258880002580a000f7
:109cf0002590c0001400a0a71800a0af4800828cd7
:109d00001000a52709f84000252000020d0040049e
:109d10001000b3972800228e1800a62725280000df
:109d200009f8400025200002010002241a006212f6
:109d30002016137c0a004010020002243600621232
:109d4000f7ff02243400bf8f3000b38f2c00b28f96
:109d50002800b18f2400b08f0800e0033800bd2731
:109d60005000228e1800a68f1b00052409f8400021
:109d700025200002f3ff400401000324f1ff4310fb
:109d8000010005244c00228e09f840002520000225
:109d9000ecff0010010002245400228e1400a527bd
:109da00009f8400025200002e6ff400401000324da
:109db000e4ff4310000243321400a2970c0060102d
:109dc000100042301400a2a7020002241000a2a733
:109dd0001400a2971200a2a74c00228e1000a58f9b
:109de00009f8400025200002d6ff001001000224df
:109df000000852320400401600800324251043005e
:109e0000f1ff00101400a2a700a0032425104300b6
:109e1000edff00101400a2a71200a6971400a6a739
:109e20005800228e1800a78f1b00052409f8400057
:109e300025200002c4ff40043400bf8f01004238d7
:089e4000c0ff00100100422cdc
:020000040000fa
:020000041d01dc
:109e4800d0ffbd272c00bfaf2800b4af2400b3afac
:109e58002000b2af1c00b1af1800b0af2580800061
:109e6800040002241500a2100400918c0000828cca
:109e78000000428c039d053c6c8da52409f8400028
:109e8800252020020000028e0000428c039d053c24
:109e9800988da52409f84000252020022c00bf8faa
:109ea8002800b48f2400b38f2000b28f1c00b18f1c
:109eb8001800b08f0800e0033000bd2725a0c000bf
:109ec8000ba9400f0400c48c25904000ffff4224da
:109ed8000200422c08004014039d053c0000028e3d
:109ee8000000428cbc8da52409f8400025202002e2
:109ef800ebff00102c00bf8f16a6400f0800848ec1
:109f080009004014259840000000028e0000428c91
:109f1800029d053c58f7a52409f840002520200299
:109f2800dfff00102c00bf8f1000a527ae56400f92
:109f38000c00848e08004014019d053c0000028e30
:109f48000000428cc44ba52409f8400025202002bb
:109f5800d3ff00102c00bf8f01000224100042160e
:109f68001000a5271fc5400f2520600210004014cf
:109f7800039d073c039d073c648de7240000028e87
:109f88000400428c25304002039d053cd08da52459
:109f980009f8400025202002c1ff00102c00bf8fc7
:109fa8002ac5400f25206002f0ff001000000000c5
:089fb800f2ff00105c8de724ac
:020000040000fa
:020000041d01dc
:109fc000e0ffbd271c00bfaf1800b1af1400b0af59
:109fd0002588a0000ac6400f2580c000210040103f
:109fe0002518000020000052251060000c00232ed0
:109ff0004f00601080881100029d053c0ca0a52434
:10a000000a28b17c0800a000000000003ca0019dcf
:10a010007ca0019da0a0019db8a0019d30a1019d43
:10a0200030a1019dd4a0019d30a1019de8a0019d1a
:10a03000fca0019d10a1019d20a1019d74004394ed
:10a04000400063388001637c000003a274004294e6
:10a0500080004238c001427c010002a2020000a63a
:10a0600001000324251060001c00bf8f1800b18f71
:10a070001400b08f0800e0032000bd273e00439489
:10a080008003637c000003a270004394020003a6d7
:10a0900084004290040002a2f2ff00100100032499
:10a0a0001800438c1400428c23186200000003a6a1
:10a0b000ecff0010010003240400438c0000428cdc
:10a0c0002318620001006324000003a6e5ff0010ce
:10a0d0000100032474004294c002427c000002a2ea
:10a0e000e0ff0010010003243c00428c000f427c82
:10a0f000000002aedbff0010010003243e0042948a
:10a10000c2130200000002a2d6ff001001000324c7
:10a1100085004290000002a2d2ff0010010003243b
:10a1200086004290000002a2ceff0010010003242e
:08a13000ccff0010251800000f
:020000040000fa
:020000041d01dc
:10a13800e0ffbd271c00bfaf1800b2af1400b1afdd
:10a148001000b0af2590a00025808000200080106e
:10a15800ffff0224258880000c00838c1c006010ff
:10a16800258000001000838c19006010000000009a
:10a178001400838c160060104c00052409f8600058
:10a18800010004242580400011000012feff022473
:10a198000400228e020042301700401401000724f8
:10a1a8000100062425280000bf99400f400004261e
:10a1b800010003240f004310010002241000228e26
:10a1c80009f8400025200002fdff02242580000038
:10a1d80001004056000042ae251000021c00bf8f4f
:10a1e8001800b28f1400b18f1000b08f0800e00380
:10a1f8002000bd27480002a20000278e0400268efa
:10a208000800258e0c00248e1000238e1400228e48
:10a21800240007ae280006ae2c0005ae300004aec0
:10a22800340003ae380002ae039d023c781c422481
:10a2380025180002200044240000488c0400478ca4
:10a248000800468c0c00458c000068ac040067ac24
:10a25800080066ac0c0065ac10004224f6ff4414fc
:10a26800100063240000428c000062ac4c000524fe
:10a2780080b2400f25200002040002522800038efd
:10a2880001000224490002a22800038e0400633062
:10a29800cfff601425100000010002244a0002a22a
:08a2a800cbff0010251000009f
:020000040000fa
:020000041d01dc
:10a2b000e8ffbd271400bfaf1000b0af2d00a01005
:10a2c0002580a000254880000100082482bf0b3ca7
:10a2d00006000a240180063c648ac624256000002a
:10a2e0000180073c9087e724ffff1025002a628d3c
:10a2f0000600423031004a14000000000c00ce8cf1
:10a300000800c28c01004d241800c38c2b68a301e7
:10a31000010043240a188d011600c311256860004e
:10a3200001002391001a030000002e9125186e00f1
:10a33000002a6e8d0600ce311b00ca15ff006f305b
:10a3400040100200217047000000cfa1010042240c
:10a35000021a030021104700000043a00800cdac02
:10a36000010003252b1005010d00401402002925d2
:10a370002580000148c1400f00000000030040108c
:10a3800081bf023c0040033c180143ac2510000291
:10a390001400bf8f1000b08f0800e0031800bd2725
:10a3a000d1ff001025406000ff00633021104700fe
:10a3b000000043a0e9ff0010000000000c00cd8c5d
:10a3c0000800c28c010043241800ce8c2b186e00ac
:10a3d00001004e240a708301e6ffae112518c0016a
:10a3e00021688800ffffae91002a6d8d0600ad3117
:10a3f0000a00aa55211047004010020021684700ba
:10a400000000aea10100422421104700000040a03e
:10a410000800c3acd3ff00100100032500004ea0cc
:08a42000fbff0010000000002a
:020000040000fa
:020000041d01dc
:10a42800e0ffbd271c00bfaf1800b2af1400b1afea
:10a438001000b0af0180023c308b42243400438cc2
:10a448001400448c100044ac460060100180023cab
:10a458000c00628c3b0041040180023c308b42249a
:10a468001400428cff7f103cffff10362180500003
:10a47800258800022b8002020180123c308b522674
:10a488000400428e1800428c09f8400000000000c9
:10a49800253000001000438e2b1843000400601084
:10a4a800ffff43242b286200251060002530a00000
:10a4b8000180033c508b638c212062002b28830091
:10a4c8002128a6002b3005020600c0542110620086
:10a4d8002c00b0142b2024022b0080500180023c59
:10a4e800211062000180033c308b63241c0062aca5
:10a4f8000180023c308b42241c00428c0400401432
:10a508000180023c308b4224010003241c0043ac30
:10a518000180023c308b42241c00448c0400428c95
:10a528001400428c09f84000000000001c00bf8f96
:10a538001800b28f1400b18f1000b08f0800e0032c
:10a548002000bd270c00708c0180023c308b422417
:10a558001400428c2180500025880002c6ff00109c
:10a568002b800202308b42241400428cff7f103c67
:10a57800ffff10362180500025880002beff001022
:10a588002b8002020180023c308b42241c0051ac1b
:08a59800d8ff00100180023c15
:020000040000fa
:020000041d01dc
:10a5a000e8ffbd271400bfaf1000b0afa4bc400f40
:10a5b00025808000500040101400bf8f20000396bb
:10a5c0000100623030004010220005960020a230c9
:10a5d00001000424050003240a18820025106000ed
:10a5e0000004a4300300801025180000100042343d
:10a5f000010003240008a430030080102548000057
:10a6000020004234010009243400049624000796f7
:10a61000260008960800068e00400a31040040110a
:10a620000100c6900002ea301f0040550a000524d0
:10a630002046087c030001050001e7301000e054cb
:10a640000c00052424208500000185301600a0148c
:10a6500012000524800085300900a0141400052490
:10a66000400085302700a0142000843004008014ae
:10a67000240005240400027c002042342528000028
:10a680001300001025200000100063300300042494
:10a690000b0002240a108300254800000a4803002a
:10a6a000d9ff0010251820010100c73043300600f3
:10a6b0002430c9002520e6002420830080200400e7
:10a6c0002518660024186700080086340b20c30094
:10a6d0002800038e0500605025280000000062acb1
:10a6e000040065ac080064ac252800005bb8400f8e
:10a6f000252000021400bf8f1000b08f0800e00377
:10a700001800bd27e8ff001022000524dcff001020
:04a710001400052408
:020000040000fa
:020000041d01dc
:10a71400c0ffbd273c00bfaf3800b4af3400b3afb7
:10a724003000b2af2c00b1af2800b0af258080005c
:10a734000200a228450040140400918c2590a0003a
:10a7440025a0c0000400d38c039d053cfc88a524ef
:10a7540098c5400f25206002140040140300522abb
:10a764003b0040560000028e16a6400f0800848e5f
:10a7740026004014029d053c0000028e0000428c1d
:10a7840058f7a52409f84000252020023c00bf8f7b
:10a794003800b48f3400b38f3000b28f2c00b18fe7
:10a7a4002800b08f0800e0034000bd27039d053c4e
:10a7b4000089a52498c5400f252060022400405438
:10a7c4000000028e9ecc400f0000000014000624fe
:10a7d4001000a5277aa3400f252040000300401451
:10a7e4001000a627019d063c946cc6240000028e2e
:10a7f4000400428c039d053c2089a52409f84000ef
:10a8040025202002e2ff00103c00bf8fe2c5400f6c
:10a81400252040000b004014039d063c039d063c8c
:10a82400f488c6240000028e0400428c039d053c7b
:10a834000489a52409f8400025202002d4ff001033
:10a844003c00bf8ff7ff0010e888c6240000028e8a
:10a854000000428c039d053c3c89a52409f8400076
:10a86400252020020000028e0000428c039d053c3e
:10a874006089a52409f8400025202002c4ff0010a7
:04a884003c00bf8f46
:020000040000fa
:020000041d01dc
:10a88800d8ffbd272400bfaf2000b4af1c00b3af72
:10a898001800b2af1400b1af1000b0af3200c01052
:10a8a8002588c0000ac6400f2598a0004d0040101a
:10a8b80025804000b2bf400f252040004b004010cb
:10a8c800259040002b1051000b884202ffff3132c7
:10a8d8002000058e1800028e2118b1002b184300a5
:10a8e8000d00601025a0000023104500010042243f
:10a8f80005006012ffff5430253080028dc5400fdf
:10a90800252060022198740223883402ffff313227
:10a918001400028e200002ae0400601225302002ce
:10a928002000058e8dc5400f252060022000028e74
:10a9380021105100200002ae21883402ffff31327d
:10a94800639d400f25200002070040142390510208
:10a958002a9032020d004016010003243e000296a0
:10a96800c439627c3e0002a6251020022400bf8f55
:10a978002000b48f1c00b38f1800b28f1400b18f61
:10a988001000b08f0800e0032800bd273e000296a3
:10a9980004004230f5ff4014251020023e000296c4
:10a9a8008410627cf4bb400f3e0002a6f880848fbe
:10a9b8004018040021186400c0180300211864001e
:10a9c800c01803006210043cd34d842419006400ad
:10a9d800101800008219030021106200e2ff001025
:10a9e800280002aee0ff001025880000deff0010fe
:04a9f800258840006e
:020000040000fa
:020000041d01dc
:10a9fc00c8ffbd273400bfaf3000beaf2c00b7afcf
:10aa0c002800b6af2400b5af2000b4af1c00b3af24
:10aa1c001800b2af1400b1af1000b0af5000b38f3c
:10aa2c00fcff62260200422c060040144c00be8f34
:10aa3c002000a22c450040102000c22c44004010e5
:10aa4c00faff112425b8e00025a0c00025a8a0001d
:10aa5c0016a2400f010005243f00401025b0400015
:10aa6c000400528c04004296020043302580000002
:10aa7c0025006010fcff1124080042302200401415
:10aa8c00f8ff112449bf400f840044262580400064
:10aa9c001d004010020011240f0044900100843866
:10aaac0006010624039d053c7829a5243abf400fd6
:10aabc000100842cff0073320c0013a2040015a6b5
:10aacc00060014a64800a28f0d0002a2080017aec3
:10aadc00010002240e0002a20300022404006216ec
:10aaec00100016ae0400429608004234040042a640
:10aafc002528000262c3400f900044260200022465
:10ab0c000f0002a2258800003ac4400f2520400205
:10ab1c000100c0570000d1af251000023400bf8fd8
:10ab2c003000be8f2c00b78f2800b68f2400b58f55
:10ab3c002000b48f1c00b38f1800b28f1400b18f9b
:10ab4c001000b08f0800e0033800bd27fbff112474
:10ab5c00efff001025800000fdff0010ffff112407
:020000040000fa
:020000041d01dc
:10ab6c00c0ffbd273c00bfaf3800b6af3400b5af57
:10ab7c003000b4af2c00b3af2800b2af2400b1af9b
:10ab8c002000b0af25b0a0002588c00025a8e000ab
:10ab9c00efcb400f1000a4270180043c2cc1400fc8
:10abac00b08c84240180133cb08c73260180143c3f
:10abbc001bc0400f2520600214004014258040006b
:10abcc000180043c1000a28fb08c82acb08c842429
:10abdc001400a28f040082ac1800a28f3ac1400f5f
:10abec00080082ac3c00bf8f3800b68f3400b58fa4
:10abfc003000b48f2c00b38f2800b28f2400b18f9b
:10ac0c002000b08f0800e0034000bd270400029232
:10ac1c00010003241f004314020003240800128eb9
:10ac2c00ecc5400f050004920c00048e0000c38e8e
:10ac3c0023008314252800021a00a006fcff05241b
:10ac4c001400438e0300258a0000259a030065a892
:10ac5c00000065b804002492040064a0050024924e
:10ac6c00050064a014004010000040ae25284002ee
:10ac7c00efb0400f252040000a004004fbff0524e4
:10ac8c0025280002fec3400f4c8d8426c8ff0010ff
:10ac9c0000000000d4ff43143c00bf8fe0ff001005
:10acac000800128e0300062496ae400f25204002a9
:10acbc00f4ff001025280002faff0010fbff05240a
:10accc00fec3400f1000a427b9ff001000000000c5
:020000040000fa
:020000041d01dc
:10acdc000600a0500c01828c0b00a0a80800a0b8a4
:10acec000c00a0a00d00a0a00c01828c0800438ccd
:10acfc0019006010010002240400648cc001847ce3
:10ad0c0015008014020002240400628c47004304e6
:10ad1c000000638c0400628cc002427c43004054ef
:10ad2c000000638c0200e0100c0062240000e2ac16
:10ad3c002510a000252060002548000025400000bb
:10ad4c0000a00b3c00800a3c0b00401400000000eb
:10ad5c001900c014000000000800e003000000000f
:10ad6c000400628cc001427ce7ff40100200022408
:10ad7c000800e003000000000400878c8002e77ce0
:10ad8c002800e0100800878c2538ea000b0047a843
:10ad9c00080047b80400878c0054e77c0c0047a0df
:10adac00023a07000d0047a00300478800004798af
:10adbc002510e000010029250400878cc001e77ce8
:10adcc00fdffe01400000000010008250400878c42
:10addc008007e77cdcffe0500000848c0100c0544d
:10adec000000c8ac05004010000000000b0040a89b
:10adfc00080040b80c0040a00d0040a0d6ffa010e9
:10ae0c0025100000d4ff2815fcff02240400628cde
:10ae1c0001000424c45a827c040062ac0800e003e4
:10ae2c0025100000d9ff00102538eb00ccff601472
:0cae3c00010002240800e00300000000f8
:020000040000fa
:020000041d01dc
:10ae48005800801025100000e0ffbd271c00bfaf90
:10ae58001800b1af1400b0af2c00838c1482828f1d
:10ae68002c00428c2b1062004900401000000000aa
:10ae78001800828c07004004801003001482828f1f
:10ae88002c00458c0500022423104500180082acd4
:10ae98008010030021104300801802000180023c4a
:10aea800f8884224211043001400838c3300621474
:10aeb800258080000400912418bc400f2520200222
:10aec8000800401400000000fc81838f2c00048ed1
:10aed80001000224041082002710020024104300fd
:10aee800fc8182af1482828f2c00458c2c0005ae29
:10aef800fc81838f010002240410a2002510430066
:10af0800fc8182af0180023cf88844248018050047
:10af18002118650080180300211883000400628c42
:10af2800080002ae0800438c0c0003ae040071acac
:10af3800080051ac2c00058e801005002118450032
:10af48008018030021188300140003ae0000638cee
:10af580001006324211045008010020021104400e4
:10af6800000043ac010002241c00bf8f1800b18f01
:10af78001400b08f0800e0032000bd271482828fe0
:10af88002c00428c2c0082acf7ff00100100022438
:10af98001482838f4800828c2c00638cf2ff00108f
:0cafa8002b1043000800e0030000000034
:020000040000fa
:020000041d01dc
:10afb400b8ffbd274400bfaf4000b3af3c00b2af01
:10afc4003800b1af3400b0af259080001f00b12726
:10afd4000418117c000035be0f0000000020023c64
:10afe400258822020c0020ae3f00a010080020aeed
:10aff4002580a0000b00a5880800059a2f00a0104a
:10b00400259800000c0002920d0006920032060002
:10b014002530c2002900c01025382002c097400ff7
:10b0240025204002259840000300028a0000029a6d
:10b0340020004010258040000b00458808004598fa
:10b044001c00a010000000000c0042900d000692ad
:10b05400003206002530c2001600c01000000000b7
:10b06400eeff6012253820020800228e17004010df
:10b07400251060020001438e0800228e0c00248eed
:10b08400230044540000448c0c0020ae0e004010f9
:10b09400080020ae000040ac140040ac0c00648cee
:10b0a40015008054000082ac0c0062acf2ff00106a
:10b0b400080062acedff60560800228e25282002ad
:10b0c400279c400f25204002251060024400bf8fba
:10b0d4004000b38f3c00b28f3800b18f3400b08f82
:10b0e4000800e0034800bd27f4ff00102598000085
:10b0f400f2ff0010259800000c00658c0400442425
:10b1040000e0847c1400a4acdbff00100c0062acf3
:08b11400e0ff0010080024ae6a
:020000040000fa
:020000041d01dc
:10b11c000c00828c0c00428c2800438c1c00458c4b
:10b12c002000448c0800a4ac1c00458c040085aca9
:10b13c00180045240400648c04008554280040ac9d
:10b14c002000448c040064ac280040ac0000648ceb
:10b15c00ffff8424000064acdc81838f3800601412
:10b16c00040046241400438c0800458c0c00448ccd
:10b17c000800a4ac0800458c040085ac0400648c69
:10b18c0004008654140040ac0c00448c040064ace5
:10b19c00140040ac0000648cffff8424000064acfd
:10b1ac002c00478cfc81848f010003240418e300dd
:10b1bc0025186400fc8183af0180033cf88865246a
:10b1cc008020070021208700802004002120a4007b
:10b1dc000400838c080043ac0800648c0c0044ac65
:10b1ec00040086ac080066ac2c00468c8018060067
:10b1fc0021206600802004002120a400140044ac0f
:10b20c000000848c0100842421186600801803003f
:10b21c0021186500000064ac1482848f2c00438cd0
:10b22c002c00828c2b1843000300601025100000aa
:10b23c0001000224f08182af0800e003000000004e
:10b24c000180033c008d66240400c48c1c0044acbb
:10b25c000800878c200047ac0400e5ac080085ace6
:10b26c00280046ac008d648c01008424008d64acf5
:08b27c00e9ff001000000000d2
:020000040000fa
:020000041d01dc
:10b28400d8ffbd272400bfaf2000b4af1c00b3af6c
:10b294001800b2af1400b1af1000b0af2598800011
:10b2a4009abb400f25200000252840001481838f7d
:10b2b40001000224420062141081828f440040186d
:10b2c40002000224148182af4ebd400f25200000ed
:10b2d4000881828f240040501800638e1400628e0f
:10b2e400010012240490520025880000808011007f
:10b2f4001881828f0a80507c16000052010031268a
:10b304001dcb400f4800048e1100400401000324ab
:10b3140004184300241872000d0060100100032477
:10b324003c00148e0004947e3e0002960400627c6d
:10b334003e0002a60020062425280000758a400f3e
:10b34400252000023e0002960400827e3e0002a6f2
:10b35400010031260881828f2b102202e4ff401461
:10b36400808011001800638e020002241100621410
:10b374001081828fffff42240e004014108182af9f
:10b384005ea2400f0000000022c4400ffc8084270e
:10b39400148180af2400bf8f2000b48f1c00b38fb2
:10b3a4001800b28f1400b18f1000b08f0800e003b2
:10b3b4002800bd2701000224f6ff0010148182af8b
:10b3c4004ebd400f25200000f3ff00102400bf8f66
:10b3d4004ebd400f25200000efff00102400bf8f5a
:020000040000fa
:020000041d01dc
:10b3e400550080100100032490ffbd276c00bfafff
:10b3f4006800b3af6400b2af6000b1af5c00b0af3f
:10b404002590c0002588a0002580800037000624f0
:10b4140025280000a0c6400f2000a42708001326fa
:10b424001c00b2af1800b1af370002241400a2af61
:10b434001000b3af01000724370006242000a5271d
:10b44400bd4b400f252000023100401401000324ad
:10b454002000a327251060025000a8270000678c55
:10b464000400668c0800658c0c00648c030047a8fb
:10b47400000047b8070046a8040046b80b0045a8da
:10b48400080045b80f0044a80c0044b81000632419
:10b49400f2ff6814100042240000648c030044a8e6
:10b4a400000044b804006490040044a005006490c3
:10b4b400050044a006006390060043a02000a227d4
:10b4c4005700a327000040a001004224fdff4314bd
:10b4d400253800001c00a0af1800a0af37000224dc
:10b4e4001400a2af1000b3af370006243f000526b6
:10b4f400bd4b400f252000020d00401425184000cc
:10b5040001000224000002ae040000ae800000a28c
:10b51400251060006c00bf8f6800b38f6400b28f89
:10b524006000b18f5c00b08f0800e0037000bd279d
:10b53400f7ff0010010003240800e0032510600059
:020000040000fa
:020000041d01dc
:10b54400d0ffbd272c00bfaf2800b2af2400b1af9d
:10b554002000b0af16008014ffff10240180023ccd
:10b5640090884290120040100180023cb4884290be
:10b574000f0040140180023c908842241c00438c3c
:10b584001400638c2528000009f860000600449428
:10b5940025804000ffff02240c0002162403062429
:10b5a400039d053c6c2fa524e0be400f2520000020
:10b5b400251000022c00bf8f2800b28f2400b18f09
:10b5c4002000b08f0800e0033000bd272707023cad
:10b5d400000e42241000a2af0180113cb488312631
:10b5e4000180123c908852261400428e0800428c3e
:10b5f40025282002039d043c09f84000fcc2842451
:10b604001400a2af1800a0af1c00428e1800428c98
:10b614001000a52709f84000252000020d00410470
:10b624000180023cac88428c1c00428c09f840002a
:10b634002520000235030624039d053c6c2fa52418
:10b64400e0be400f25200000ffff1124d8ff0010aa
:10b65400258020020180023c908842241c00438cf7
:10b66400300043ac340050ac380040ac010003243b
:10b67400240043a02c0042ac0c00438c280043acb3
:10b684003c0040a4540040a03e0040a4400040a41c
:0cb6940002000324edff0010260043a478
:020000040000fa
:020000041d01dc
:10b6a00055500000444f574e000000005265616441
:10b6b000790000004e6f74205265616479000000cb
:10b6c00055736167653a206e6574696e666f0d0a21
:10b6d0000000000045783a206e6574696e666f0d53
:10b6e0000a0000002d2d2d2d2d2d2d2d2d2d204925
:10b6f0006e74657266616365203c25732f25733e09
:10b70000202d2d2d2d2d2d2d2d2d2d200d0a000020
:10b71000496e7465726661636520697320646f7732
:10b720006e0d0a00486f7374204e616d653a2025d6
:10b7300073202d204e424e532064697361626c6504
:10b7400064200d0a000000004950763420416464f2
:10b75000726573733a2025730d0a00004d61736b97
:10b760003a2025730d0a0000476174657761793ac4
:10b770002025730d0a000000444e53313a202573f2
:10b780000d0a0000444e53323a2025730d0a000082
:10b790004d414320416464726573733a2025730df3
:10b7a0000a000000646863702069732025730d0a25
:10b7b000000000004c696e6b2069732025730d0a30
:10b7c000000000005374617475733a2025730d0aec
:10b7d0000000000064656661756c7420495020614a
:10b7e00064647265737300002573206973204f4e83
:0cb7f0000d0a0000646863700000000097
:020000040000fa
:020000041d01dc
:10b7fc00d8ffbd272400bfaf2000b3af1c00b2aff1
:10b80c001800b1af1400b0af2200801025800000ea
:10b81c004000828c4040033c241043001d00401427
:10b82c00010010241b00a010258000002598a0000a
:10b83c00258880000180023ce08b4224100044ac3f
:10b84c006c008394140043ac03000324180043ac35
:10b85c0001000624252880001b50400f2520600283
:10b86c001400401425804000b2cc400f00000000b2
:10b87c000900401025100002b0cc400f0000000061
:10b88c006c002696039d053c2803a5241097400fb9
:10b89c0025204000251000022400bf8f2000b38f0c
:10b8ac001c00b28f1800b18f1400b08f0800e00399
:10b8bc002800bd2774a5400f2000648e2590400001
:10b8cc00251840004408037c010002240e0062107d
:10b8dc000180043cb2cc400f25800000eeff4050ac
:10b8ec0025100002b0cc400f0000000025304002b3
:10b8fc00019d053c9839a5241097400f2520400048
:10b90c00e5ff001025100002e08b84241c0092ac93
:10b91c0025380000253000005c35400f25286002da
:10b92c00dcff40142580400003000724040006249b
:10b93c00252820020180043c2789400fe08b8424b9
:08b94c00d5ff001025100002d8
:020000040000fa
:020000041d01dc
:10b95400760082900b00422c510040100000000041
:10b96400e0ffbd271c00bfaf1800b1af1400b0af9b
:10b974007600829080180200029d023c90b9422415
:10b984000a10437c0800400025808000bcb9019d5a
:10b99400bcb9019dd4b9019dd4b9019d9cba019d46
:10b9a4009cba019d9cba019d9cba019dd4b9019d8c
:10b9b4009cba019d8cba019d010002241c00bf8f1a
:10b9c4001800b18f1400b08f0800e0032000bd27d9
:10b9d40074008294400042301f00401000000000b8
:10b9e4000000828c100082ac0c0082ac080082ac97
:10b9f4000f00a010251000001100112401000624de
:10ba0400252820024a11400f252000021a00420472
:10ba14003e00039664000396060060503e000396c1
:10ba24000800048e1000038ef5ff83140100062421
:10ba34003e000396c45a037c3e0003a6760003929c
:10ba44000800633809000524040004240a20a30024
:10ba5400daff0010760004a2e8ffa05411001124bc
:10ba64000800838c1000828ce4ff621410001124ff
:10ba7400efff00102510000001000424c45a837c49
:10ba8400ceff00103e0003a6814e400f2528000083
:10ba9400caff001025100000c8ff00102510000088
:08baa4000800e0030100022488
:020000040000fa
:020000041d01dc
:10baac00e0ffbd271c00bfaf1800b1af1400b0af52
:10babc0014c6400f2580a0002588400049002012a4
:10bacc002510000047000012540006242528000011
:10badc00a0c6400f252000023c0023920100022446
:10baec000b006254000000ae1400228e040002ae63
:10bafc001800228e140002ae1c00228e240002ae0e
:10bb0c002000228e340002ae01000224000002ae9e
:10bb1c0028002296440002a62a002296460002a67d
:10bb2c002400228e480002ae5400228e4c0002a645
:10bb3c000400228e0000238e231043004e0002a628
:10bb4c00500000ae4000228e040042300100422c16
:10bb5c00500002ae3f0022920100423005004050de
:10bb6c004000228e5000028e02004234500002ae81
:10bb7c004000228e08004230050040543f002292c3
:10bb8c005000028e04004234500002ae3f0022925c
:10bb9c0002004230050040504000228e5000028ec0
:10bbac0008004234500002ae4000228e1000423099
:10bbbc00050040543f0023925000028e1000423486
:10bbcc00500002ae3f002392040063300500601069
:10bbdc00010002245000028e20004234500002aebc
:10bbec00010002241c00bf8f1800b18f1400b08f0d
:08bbfc000800e0032000bd2752
:020000040000fa
:020000041d01dc
:10bc0400d0ffbd272c00bfaf2800b5af2400b4afd0
:10bc14002000b3af1c00b2af1800b1af1400b0af36
:10bc24000180023cbc89428c0c00401001000324ba
:10bc34001f0043100180023c2c00bf8f2800b58fe9
:10bc44002400b48f2000b38f1c00b28f1800b18f72
:10bc54001400b08f0800e0033000bd270180023ccf
:10bc640040c9400f788c448c040041040200032432
:10bc74000180023cf0ff0010bc8943acefff431489
:10bc84002c00bf8f45cc400f00000000040040187a
:10bc94002518000001006324ffff431401006324fe
:10bca4000180023c01000324e3ff0010bc8943ac83
:10bcb40040c9400f788c448c08004104039d053c26
:10bcc4008822a5241097400f252000000180023c03
:10bcd40002000324d8ff0010bc8943ac02000324f3
:10bce400d6ff43142c00bf8f45cc400f000000004a
:10bcf400d1ff401825984000288091272580000016
:10bd04000180153cecc5400f2520000225a0400011
:10bd140035c5400f25204000259040000000228eac
:10bd240008004212bc89a226000032ae040052acc4
:10bd340047c9400f252080022528400281bd400fbd
:10bd44002520400001001026eeff70160400312665
:08bd5400baff00102c00bf8fa4
:020000040000fa
:020000041d01dc
:10bd5c00e8ffbd271400bfaf1000b0afa4bc400f6c
:10bd6c00258080002b0040101400bf8f0800068e29
:10bd7c001000c48c06008330040082340a20430077
:10bd8c0038008330200082340a20430001008230c6
:10bd9c0023004010100083300a00601008000224b9
:10bdac000200823008000524084003240a18a2006f
:10bdbc000400853025386000002063340b386500a2
:10bdcc002510e00020008330080060100200853050
:10bddc0025384000001043340b38650004008530d2
:10bdec000008e3340b3865002510e000340003969e
:10bdfc003a00059625186500000145342428650095
:10be0c001500a014fdff05245bb8400f252000028f
:10be1c001400bf8f1000b08f0800e0031800bd277e
:10be2c0010008230060040100040052402008230d1
:10be3c00002003240b18a200ecff0010251060005a
:10be4c000200823000100524000803240b18a20005
:10be5c00e6ff0010251060001000c4ac2410430055
:10be6c00200002a6000163300a0060103c0000ae06
:10be7c000f00052465af400f25200002e4ff4010a1
:10be8c00030002241a0002a602000224e0ff0010a4
:10be9c001c0002a6030002241a0002a6dcff0010fc
:04beac001c0002a6ce
:020000040000fa
:020000041d01dc
:10beb000e0ffbd271c00bfaf1800b2af1400b1af48
:10bec0001000b0af0800918c0180023c90884224a1
:10bed000261022020b8802001c0082940100032419
:10bee0001800431025808000201e027c070060108f
:10bef000020003242a004310000000005bb8400f3a
:10bf0000ffff05240a0000101c00bf8f00800634cc
:10bf100097af400f252800000400401002000224c3
:10bf20001a0002a6010002241c0002a61c00bf8ffa
:10bf30001800b28f1400b18f1000b08f0800e0031a
:10bf40002000bd2765af400f25280000f8ff4010f6
:10bf50001c00bf8ff4bb400f000000002590400084
:10bf60002000228e70bd400f0000518c0210227202
:10bf7000e70342246210113cd34d312619005100d1
:10bf80001010000082110200211052002c0002ae9d
:10bf9000020002241a0002a6e4ff00101c0002a600
:10bfa000a4bc400f00000000e1ff40101c00bf8f48
:10bfb000340002861000410403000224f4bb400f49
:10bfc000000000002c00038e2b10430005004010e1
:10bfd000020002241a0002a601000224d3ff00106e
:10bfe0001c0002a6ffff05245bb8400f25200002bd
:10bff000cfff00101c00bf8f1a0002a6cbff00105d
:04c000001c0000a67a
:020000040000fa
:020000041d01dc
:10c004005200801025100000c8ffbd273400bfafc8
:10c014003000beaf2c00b7af2800b6af2400b5afd8
:10c024002000b4af1c00b3af1800b2af1400b1af1e
:10c034001000b0af259880003800a0102580a00023
:10c044002900c62c3500c0142588800010009724d0
:10c054000e009624010014242590200264ca400f87
:10c06400000024922014027c3000032412004310a8
:10c0740001001526000002a26aca400f00002492a3
:10c084002014027c2580a00201001e26000002a2ca
:10c0940025a8800264ca400f010044922014027c47
:10c0a4002580c0030100122610000010000002a227
:10c0b40018000010010050266aca400f00002492a4
:10c0c4002014027c30000324f0ff431401001e26d8
:10c0d40025a8800264ca400f010044922014027c07
:10c0e40030000324efff4314259000026aca400f76
:10c0f4008a21757eeeff3612000042a2020050260d
:10c104003a000224010042a202003126d2ff37166f
:10c1140002009426000000a2010002243400bf8f14
:10c124003000be8f2c00b78f2800b68f2400b58f47
:10c134002000b48f1c00b38f1800b28f1400b18f8d
:10c144001000b08f0800e0033800bd270800e003aa
:04c1540000000000e7
:020000040000fa
:020000041d01dc
:10c15800d8ffbd272000b4af0180143cd48b828e59
:10c168002400bfaf1c00b3af1800b2af1400b1afca
:10c178003a0040141000b0af0180123cdc8b518ea5
:10c18800030020160180133c0180113c908d31265c
:10c19800d88b708e050000160100023c0180103c0f
:10c1a800908d1026c0fd422421800202821f1100ba
:10c1b800020002240100625000e0317e821f10005c
:10c1c800020002240100625000e0107eb9c5400f51
:10c1d800000000000000438c0400428c2b20230246
:10c1e80004008014211062002b20220229008054b0
:10c1f8002b1811020080043c0c02842400e0847c8b
:10c208002b206400150080142b20030204008014e6
:10c218002b2062002b200202180080142b206200c1
:10c228000f0080102400bf8f0080043c0c0284247f
:10c238004227040005000524120085140400052483
:10c2480000a0043c2518640025104400dc8b43ae94
:10c25800d88b62aedc8b428ed48b82ae2400bf8f2b
:10c268002000b48f1c00b38f1800b28f1400b18f58
:10c278001000b08f0800e0032800bd27eaff001077
:10c2880025100002efff85100080043cf1ff00102c
:10c29800dc8b42aee4ff601425182002deff00109c
:04c2a8002b20020243
:020000040000fa
:020000041d01dc
:10c2ac00c0ffbd272c00b1af258880002520c00021
:10c2bc000400878c0000a28c3800b4afc2a7070022
:10c2cc003400b3af3000b2af2800b0af3c00bfaf0a
:10c2dc002580a0000400a38c0800b28c2000a2af23
:10c2ec000c00b38c3e0080120000c68c233006007c
:10c2fc002b20060023380700080060042338e400d4
:10c30c004408027c050080162000a2af2000a28ffa
:10c31c00040043302a006010c000427cffff42261c
:10c32c002000a3271800a3af0a0003241400a3af16
:10c33c001000a2af3a73400f2520000206008016b1
:10c34c002d0003242000a38f040064301e008010f5
:10c35c00080063302b000324ffff422421206202db
:10c36c00000083a01000068e2000a38f2538400209
:10c37c00ffffc6241000a3af2330c20021286202a5
:10c38c007f83400f252020020400238e00016330a0
:10c39c00040060103c00bf8f0400038e2a20430071
:10c3ac000b1064003800b48f3400b38f3000b28fa0
:10c3bc002c00b18f2800b08f0800e0034000bd278f
:10c3cc00d7ff001023104202e6ff60102000042467
:10c3dc00ffff422421186202e2ff0010000064a05b
:10c3ec00c8ff63044408027cc9ff00102000a28f20
:020000040000fa
:020000041d01dc
:10c3fc00d0ffbd272c00bfaf2800b2af2400b1afd7
:10c40c002000b0af1800a0a31900a0a31a00a0a38d
:10c41c001b00a0a31c00a0a31d00a0a30080033c34
:10c42c001002632415008314faff022413008010f9
:10c43c002580a0000080023c5c02528c0700a010fa
:10c44c00ffff1124060006241800a527c6c1400fc3
:10c45c00252000020f0040540300028a008005349e
:10c46c0087cb400f252040022530000025380000e6
:10c47c009fcb400f25204002251000002c00bf8fc1
:10c48c002800b28f2400b18f2000b08f0800e00389
:10c49c003000bd270000029a1000a2af04000292e7
:10c4ac001400a2a3050002921500a2a31000a2275b
:10c4bc001600a827c104043cb71d8424254840005d
:10c4cc000000439008000524c257110040381100a9
:10c4dc00010066302688e4002630ca000a88e6008f
:10c4ec00ffffa524f8ffa01442180300010042240a
:10c4fc00f2ff0215000023a1251820020007317e4f
:10c50c000c00205688bf023c88bf023c48204224c5
:10c51c00c025647c0100032404188300000043ac94
:10c52c00008005348bcb400f25204002d3ff001038
:0cc53c0025100000f6ff001058204224db
:020000040000fa
:020000041d01dc
:10c54800c8ffbd273400bfaf3000b4af2c00b3af75
:10c558002800b2af2400b1af2000b0af8880829726
:10c5680020004010258880001000938cefcb400fee
:10c578001000a4270180043c2cc1400fb08c8424f7
:10c588000180123cb08c52261bc0400f252040026f
:10c598001c004014258040000180023c1000a38f3d
:10c5a800b08c43acb08c44241400a28f040082ac3d
:10c5b8001800a28f3ac1400f080082ac1800238ee1
:10c5c800020002240700621488808297ffff422439
:10c5d800ffff423003004014888082a78da4400fdb
:10c5e800000000003400bf8f3000b48f2c00b38fe0
:10c5f8002800b28f2400b18f2000b08f0800e0031c
:10c608003800bd27040002920100032417004314d8
:10c61800020003240800148eecc5400f05000492a4
:10c6280004006052040002921400621625280002d9
:10c6380004000292ffff4224ff0042300200422c15
:10c648000400401003000624fbff052496ae400fab
:10c6580025208002252800020180043cfec3400feb
:10c668004c8d8424c8ff001000000000d4ff435400
:10c678001800238ee8ff00100800148efec3400f38
:0cc688001000a427c0ff001000000000fc
:020000040000fa
:020000041d01dc
:10c69400d8ffbd272400bfaf2000b4af1c00b3af48
:10c6a4001800b2af1400b1af1000b0af2590a000d5
:10c6b4002588c0000ac6400f2598e0002580400068
:10c6c400350000122510000076000492fdff83243b
:10c6d400ff0063300300632c2f0060140800032460
:10c6e4002e0083102400bf8f770003920300601094
:10c6f400000000002a0072142000b48f1e00601293
:10c7040001000324240043162510000025280000fe
:10c71400cdb8400f2520600225a040001e008012e5
:10c7240025100000160020566200029676a6400fdf
:10c73400000000002588400017002012251000008a
:10c74400770012a2480014ae25306002ff00453283
:10c75400e8bc400f25200002620011a63e000296ac
:10c76400010042301400405042000296720011a6ab
:10c774000900001001000224eaff00104800148e92
:10c78400f0ff5150770012a22ebb400f252020024b
:10c79400ecff4054770012a22400bf8f2000b48f16
:10c7a4001c00b38f1800b28f1400b18f1000b08f2b
:10c7b4000800e0032800bd27400003962110430031
:10c7c400600003962110430026885100720011a6d0
:08c7d400f1ff00100100022436
:020000040000fa
:020000041d01dc
:10c7dc00d8ffbd272400bfaf2000b3af1c00b2af01
:10c7ec001800b1af1400b0af0180113cc8813126e4
:10c7fc000180133c308373260080123ce4ff2292ac
:10c80c002c00401025802002e8ff229620004230a8
:10c81c002800401001000324e6ff22920b00431075
:10c82c00201c027c230060100400422c220040508b
:10c83c0024003126f0ff028e0c00428c09f84000d7
:10c84c00252000021b000010e6ff02a2ecff228e46
:10c85c001400428c09f84000eaff248615004010b1
:10c86c00ffff053446c4400f747f442601000324a7
:10c87c001100435424003126f0ff228e2800428cf4
:10c88c0009f84000000000001300401400000000f4
:10c89c00f0ff228e0000428c09f84000ecff248e41
:10c8ac000d00401405000224e6ff22a252c4400fe2
:10c8bc00747f442624003126d0ff33162400bf8f0a
:10c8cc002000b38f1c00b28f1800b18f1400b08ff2
:10c8dc000800e0032800bd2752c4400f747f442693
:10c8ec0001000324f3ff431425280002f0ff028efd
:10c8fc000800428c09f84000eaff0486030040144b
:10c90c0005000224ebff0010e6ff02a20100022446
:08c91c00c8ff0010e5ff02a2b4
:020000040000fa
:020000041d01dc
:10c924004e008010000000004800838c2b1065002e
:10c934000a2862002c00838c480065100000000067
:10c944004c00868c010002244400c2140000000044
:10c954002c0085ac1800828c0300400405000224de
:10c9640023284500180085ac8010030021104300e3
:10c97400801802000180023cf88842242110430000
:10c984001400838c3500621400000000e0ffbd2712
:10c994001c00bfaf1800b1af1400b0af25808000f9
:10c9a4000400912418bc400f2520200209004054a3
:10c9b4002c00058efc81838f2c00048e0100022440
:10c9c400041082002710020024104300fc8182af6f
:10c9d4002c00058efc81838f010002240410a20028
:10c9e40025104300fc8182af0180023cf888442476
:10c9f40080180500211865008018030021188300a1
:10ca04000400628c080002ae0800438c0c0003aee4
:10ca1400040071ac080051ac2c00058e8010050098
:10ca2400211845008018030021188300140003ae68
:10ca34000000638c01006324211045008010020073
:10ca440021104400000043ac1c00bf8f1800b18fbc
:10ca54001400b08f0800e0032000bd270800e003a5
:04ca640000000000ce
:020000040000fa
:020000041d01dc
:10ca68001400838c4c00601403000224d8ffbd27f7
:10ca78002400bfaf2000b0af310082900300032430
:10ca880011004314258080000c00828c1800a32715
:10ca98001000a3af2c00428c253800003600869485
:10caa8003200859409f840001000848c180040502a
:10cab8001800a48f140002ae02000324010002240f
:10cac80023000010300003a2ffff43240200632c60
:10cad8001900601001000324210043101800a32747
:10cae8000c00828c1400a3af1000a0af3000428c61
:10caf80034008794360086943200859409f8400003
:10cb08001000848cecff4054140002ae1800a48f6f
:10cb1800020003240e0083100300022445010624aa
:10cb2800039d053c5824a524e0be400f25200000a5
:10cb380007000010feff022439010624039d053c6e
:10cb48005824a524efbe400f25200000ffff022433
:10cb58002400bf8f2000b08f0800e0032800bd2705
:10cb68000c00828c1400a3af010003241000a3afb3
:10cb78003000428c340087943600869432008594c5
:10cb880009f840001000848ce0ff401025180000d0
:10cb9800cbff0010251000000800e0030000000093
:020000040000fa
:020000041d01dc
:10cba800c8ffbd273400bfaf3000b2af2c00b1af13
:10cbb8002800b0af258880002580a000eac7400f74
:10cbc8002520a0001800a2aff2c7400f25200002c0
:10cbd8001c00a2af2c0032261000a0af25380000a0
:10cbe80034002626252840028e9a400f2520000270
:10cbf80059002292020042300300401030002526de
:10cc080070ca400f252000024200029620004230e0
:10cc18000e004010040006245900229208004230f9
:10cc2800030040103800252676ca400f2520000250
:10cc38005900229210004230230040103c00252663
:10cc48007cca400f252000020400062401000524a8
:10cc580036a6400f25200002025007242530400246
:10cc680025284002e49e400f252000022c00238e38
:10cc78003400228e241862001800a28f1c00a48f92
:10cc88002410440005006210040007241c00a62795
:10cc98001800a527655f400f2520000229ac400f2a
:10cca800252020020800052434a3400f2520000277
:10ccb8003400bf8f3000b28f2c00b18f2800b08fa6
:10ccc8000800e0033800bd272000a0af2000a527fa
:10ccd8007cca400f25200002dcff00100400062457
:020000040000fa
:020000041d01dc
:10cce8000400828cc0ffbd273800beaf2800b4af57
:10ccf8002000b2af1c00b1af3c00bfaf3400b7afeb
:10cd08003000b6af2c00b5af2400b3af1800b0aff9
:10cd18002588c0002590e0005400b48f020041042b
:10cd28005800be8f010002241000908c0c00958cd6
:10cd38000000d78f5000b38fffff10262118b002d4
:10cd4800000060a001000924234053000200f732cc
:10cd5800c3b714001000001e251032022c00205109
:10cd68000000c28f3c00bf8f251000023800be8f24
:10cd78003400b78f3000b68f2c00b58f2800b48fe1
:10cd88002400b38f2000b28f1c00b18f1800b08f21
:10cd98000800e0034000bd270700401421101301dc
:10cda8000600401c25202002ecff601a000000004d
:10cdb800eaffe0120000000025202002252840029a
:10cdc800253080022538c0021400a8af3d39400f35
:10cdd800ffff10261000a2af2118b0023000422435
:10cde8002520200225284002000062a0253080026c
:10cdf8004e38400f2538c002ffff732625884000b3
:10ce0800259060001400a88fd2ff00101000a98f91
:0cce18000421027cd3ff00100000c2af18
:020000040000fa
:020000041d01dc
:10ce2400d8ffbd272400bfaf2000b3af1c00b2afb2
:10ce34001800b1af1400b0af259080000080103c02
:10ce440080100400211044008011020010021026fa
:10ce5400218002024c00138e86cc400f25206002f4
:10ce6400a000108e248050002c0000120080113c81
:10ce7400801012002110520080110200100231268d
:10ce840021882202a400228e25105000a40022ae84
:10ce940002111000000443309c00248ec0111000c5
:10cea40000024230251043002510440040191000b0
:10ceb40000016330251043008219100081006330a3
:10cec40025104300c2181000700063302510430081
:10ced4008218100008006330251043004018100029
:10cee40006006330251043009c0022ae2528000272
:10cef4002acc400f252060022528000224cc400fb4
:10cf040025206002a800268e0500c0100080023c87
:10cf14009c00248e09f8c000ac00258e0080023ce1
:10cf240080181200219072008019120010025224fd
:10cf34002190430250c6400f9400448e2400bf8fba
:10cf44002000b38f1c00b28f1800b18f1400b08f73
:08cf54000800e0032800bd27de
:020000040000fa
:020000041d01dc
:10cf5c005443503a205443502f495020737461630a
:10cf6c006b20696e697469616c697a6174696f6e42
:10cf7c00206661696c6564210000000054435020f8
:10cf8c0073657276657220736f636b657420646968
:10cf9c0064206e6f74206f70656e210054435020b6
:10cfac00736572766572206c697374656e696e67f1
:10cfbc00206f6e20706f72742025640054435020d3
:10cfcc0073657276657220636f6e6e6563746564eb
:10cfdc0020746f20636c69656e74206f6e000000a6
:10cfec00436f756c64206e6f7420676574205443b6
:10cffc00502073657276657220736f636b65742055
:10d00c00696e666f2c20636c6f73696e6720736f2b
:10d01c00636b657400000000544350207365727696
:10d02c00657220636c6f73656420636f6e6e6563ed
:10d03c0074696f6e20746f20636c69656e74000088
:10d04c00544350207365727665722072656365690e
:10d05c00766564202564206279746573206f6e2078
:10d06c00706f72742025642066726f6d0000000072
:10d07c005443502073657276657220697320636c1b
:08d08c006f73656400000000f1
:020000040000fa
:020000041d01dc
:10d09400d8ffbd272400bfaf2000b4af1c00b3af3e
:10d0a4001800b2af1400b1af1000b0af2580a000db
:10d0b40025a0c00016a2400f010005242300401043
:10d0c400ffff1124259040000400538c2528000202
:10d0d4006ca4400f2520400025804000170040101c
:10d0e400feff11240a0080520e0003920e004290ab
:10d0f400fcff4224ff0042300300422c0400405055
:10d104000e0003920800028e000082ae0e0003920d
:10d11400ffff6224ff0042300400422c250040142b
:10d124000700622c12004010050002242300621440
:10d13400040002240e0002a22588000004006012ec
:10d14400251020023ac4400f252060022510200239
:10d154002400bf8f2000b48f1c00b38f1800b28f3f
:10d164001400b18f1000b08f0800e0032800bd2721
:10d17400f3040624039d053cc02ba5243abf400fad
:10d1840025200000ecff11240e0002920600422c20
:10d19400eaff4014030007240400468e9c00c624c2
:10d1a400252800021f87400f25206002e3ff00109e
:10d1b40000000000f4ff001001001124f2ff001031
:04d1c40025880000ba
:020000040000fa
:020000041d01dc
:10d1c800d0ffbd272c00bfaf2800b5af2400b4aff7
:10d1d8002000b3af1c00b2af1800b1af1400b0af5d
:10d1e80025a880002588a0002598c00014c6400ff7
:10d1f80025a0e00025804000210000122510000035
:10d20800080020163c0012921e0040162c00bf8f0a
:10d218004000028e448c027c400002ae28000010c0
:10d228003c0000a2ffff24260200842c140080107a
:10d2380025100000040040524000028e11005116d3
:10d248002c00bf8f4000028e448c027c400002ae4e
:10d258001b0080123c0011a22530800225282002e4
:10d2680083a0400f2520a0020e00401401000424d2
:10d278003c0012a24000038e448c837c400003ae25
:10d288002c00bf8f2800b58f2400b48f2000b38fe7
:10d298001c00b28f1800b18f1400b08f0800e00393
:10d2a8003000bd273f000292040042300500405480
:10d2b800280013a64000028e0421027c400002ae22
:10d2c800280013a63f0002920100423004004014d7
:10d2d8004000028e8410027c400002ae4000028ea4
:10d2e80001000324448c627c400002aee4ff00107d
:04d2f800010002240b
:020000040000fa
:020000041d01dc
:10d2fc00d8ffbd272400bfaf2000b3af1c00b2afd6
:10d30c001800b1af1400b0af258880002598a0009c
:10d31c002590c0001800908c0c00028e100002aefc
:10d32c002800828c0400428c0c0002ae294b400f6a
:10d33c0002000496020002a6294b400f0600049638
:10d34c00060002a6080002920200401464000224a7
:10d35c00080002a21000238e0000058e8028050014
:10d36c003c00a5300c0062942110a2000600601253
:10d37c000c0062a40a0000a625300000314b400fbf
:10d38c00252000020a0002a61c0040522200229610
:10d39c001400248e06008224030043880000439866
:10d3ac00030083a8000083b804004390040083a00a
:10d3bc0005004390050083a02800238e3c006524c3
:10d3cc000a2803002518a0000300a5880000659812
:10d3dc00030045a8000045b804006490040044a074
:10d3ec0005006390050043a01000238e0c0062948e
:10d3fc000e0042240c0062a4220022960200423449
:10d40c00220022a62400bf8f2000b38f1c00b28ff5
:10d41c001800b18f1400b08f0800e0032800bd275e
:020000040000fa
:020000041d01dc
:10d42c00d0ffbd272c00bfaf2800b5af2400b4af90
:10d43c002000b3af1c00b2af1800b1af1400b0aff6
:10d44c002590800025a0a0002588c0002598e0002c
:10d45c000180023ce8844224ffff15242580000053
:10d46c00080004240000438c3300605025a80002ff
:10d47c00310072140180033c401010002110500048
:10d48c00c0100200e4846324211043000800458c82
:10d49c0098c5400f252020021d00401425180000bf
:10d4ac004010100021105000c01002000180033cfd
:10d4bc00e4846324211043001000468c1400458c36
:10d4cc00ffff0224060002560180033cffff0224ea
:10d4dc000f00a212251800002580a0020180033c39
:10d4ec00e48463244020100021109000c01002003e
:10d4fc0021106200040052ac000054ac080051ac86
:10d50c000c0053ac100046ac140045ac01000324d5
:10d51c00251060002c00bf8f2800b58f2400b48f1d
:10d52c002000b38f1c00b28f1800b18f1400b08f85
:10d53c000800e0033000bd2701001026c9ff0416c7
:10d54c001800422425280000e0ff001025300000c0
:020000040000fa
:020000041d01dc
:10d55c00e0ffbd271c00bfaf1800b1af1400b0af87
:10d56c00258880004c00908c5bcb400f252000025e
:10d57c0063cb400f252000026bcb400f252000020f
:10d58c001bcc400f25200002fdff401400000000c2
:10d59c005fcb400f252000026ecc400f25200002ef
:10d5ac0032004014c0002326000075bc0f000000a0
:10d5bc000020043c251864000c0060ac080060ac32
:10d5cc00000123aed0002326000075bc0f00000024
:10d5dc00251864000c0060ac080060ac040123ae9c
:10d5ec00e0002326000075bc0f0000002518640025
:10d5fc000c0060ac080060ac080123aef0002226e1
:10d60c00000055bc0f000000251044000c0040ac7d
:10d61c00080040ac0c0122aeef6305242dcc400f6a
:10d62c002520000225280000e1ca400f2520000219
:10d63c0025280000e6ca400f2520000253cb400fde
:10d64c002520000257cb400f2520000200060524a0
:10d65c006ccc400f252000021c00bf8f1800b18f2e
:10d66c001400b08f0800e0032000bd274fcb400f03
:0cd67c0025200002c8ff00100000000084
:020000040000fa
:020000041d01dc
:10d68800d0ffbd272c00bfaf2800b3af2400b2af36
:10d698002000b1af1c00b0af258080002598a00005
:10d6a80069b2400f708084870a0040100a00112474
:10d6b800252860027c42400f252000022588400072
:10d6c800050002240b002212060002243100221257
:10d6d80025902002251020022c00bf8f2800b38f30
:10d6e8002400b28f2000b18f1c00b08f0800e00327
:10d6f8003000bd2756000296050003241b00431482
:10d70800000503245800028e00054230210043140e
:10d7180004001224520003960d0060100800022431
:10d728001000a0af2c00028e1400a2af0130072415
:10d738001000a6271400a527e49e400f25206002ac
:10d74800a4cc400f00000000040002ae0600022432
:10d75800560002a6030012242528400234a3400fd5
:10d7680025206002dcff001025102002f5ff42246e
:10d77800fdff4230d8ff4054251020020c00028ed5
:10d78800080002ae29ac400f25200002f2ff00106d
:10d79800080012242530000002000524989e400f3e
:0cd7a80025200002edff001025284002a3
:020000040000fa
:020000041d01dc
:10d7b400e0ffbd271c00bfaf1800b2af1400b1af2b
:10d7c4001000b0af0180023c1c8a508c2300001270
:10d7d4000180023c188a428c190040182c00102643
:10d7e400258800000180123cd4ff048e1000805074
:10d7f40001003126aeb2400f000000005b9b400fd9
:10d80400252000025b9b400fecff04265b9b400f2e
:10d81400d8ff0426188a42260800448c0c00828c07
:10d8240009f84000d4ff058ed4ff00ae0100312674
:10d83400188a428e2a102202ebff40144800102658
:10d844000180103c188a10260800048e0c00828c7b
:10d8540009f840000400058e040000ae0180103c6d
:10d86400188a10260800058e0180043c09c5400f63
:10d87400388a8424080000ae1c00048e0600801040
:10d884000180023ccec3400f000000000180023c36
:10d89400348a40ac0180023c608a448c0a008010c7
:10d8a4001c00bf8f22008294080042300400401400
:10d8b4000180023cf6a5400f000000000180023cfc
:10d8c400608a40ac1c00bf8f1800b28f1400b18f67
:0cd8d4001000b08f0800e0032000bd270a
:020000040000fa
:020000041d01dc
:10d8e000c0ffbd273c00bfaf3800beaf3400b7afac
:10d8f0003000b6af2c00b5af2800b4af2400b3aff2
:10d900002000b2af1c00b1af1800b0af2588800076
:10d9100025b0a0000800b7249ac4400f2520e002db
:10d920002e0040102598400025f040000000358e64
:10d93000200032261c00308e238012022a10500054
:10d940000c0040100400348e039d023c5c314224e4
:10d950001000a2af0000a28e1000a58f09f84000b1
:10d9600025208002ffff1026fbffd0570000a28e6b
:10d970002580600209000012039d1e3c6031de27f5
:10d980000000a28e2528c00309f84000252080024f
:10d99000ffff1026fbff00560000a28e2528e002a4
:10d9a000aac6400f252040020000a28e039d053c20
:10d9b0006431a52409f84000252080020000a28ed1
:10d9c0002528400209f840002520800221905302ba
:10d9d000180032ae1c0032aed40036ae3c00bf8f11
:10d9e0003800be8f3400b78f3000b68f2c00b58f53
:10d9f0002800b48f2400b38f2000b28f1c00b18f99
:0cda00001800b08f0800e0034000bd27b4
:020000040000fa
:020000041d01dc
:10da0c005443502f495020537461636b3a20257353
:10da1c00206e6f74696669636174696f6e20696edc
:10da2c00697469616c697a6174696f6e2066616989
:10da3c006c65640d0a0000004572726575723a20bf
:10da4c0054435049505f4d41435f496e697469615d
:10da5c006c697a6520657374204e554c4c210d0a07
:10da6c00000000005443502f495020537461636be5
:10da7c003a204d414320696e6974206661696c657a
:10da8c00642c204d4143204944203a2025640d0a42
:10da9c00000000005443502f495020537461636bb5
:10daac003a202573204d4143204f70656e206661ee
:10dabc00696c65640d0a00005443502f4950205383
:10dacc007461636b3a204d6f64756c65206e6f3ab0
:10dadc0020256420496e697469616c697a61746986
:10daec006f6e206661696c65640d0a005443502f9b
:10dafc00495020537461636b3a202573204d414388
:10db0c00206576656e74206e6f74696669636174e6
:10db1c00696f6e2073657474696e67206661696cd9
:08db2c0065640d0a0000000011
:020000040000fa
:020000041d01dc
:10db34004661696c656420746f2063726561746505
:10db44002074686520436f6e736f6c652041504983
:10db54000d0a0000202a2a2a20436f6d6d616e642d
:10db64002050726f636573736f723a20506c6561f5
:10db74007365207479706520696e206120636f6d10
:10db84006d616e642a2a2a0d0a0000000a0d2054d1
:10db94006f6f206d616e7920617267756d656e744b
:10dba400732e204d6178696d756d206172677320e5
:10dbb400737570706f727465643a202564210d0a60
:10dbc40000000000202a2a2a20436f6d6d616e64d4
:10dbd4002050726f636573736f723a20756e6b6e4b
:10dbe4006f776e20636f6d6d616e642e202a2a2a12
:10dbf4000d0a00003e000000081b5b4b25731b5bf5
:10dc040025644400081b5b4b000000001b5b4b2594
:10dc1400731b5b256444000025731b5b256444006f
:10dc2400202a2a2a20436f6d6d616e642050726f22
:10dc3400636573736f7220627566666572206578ba
:10dc44006365656465642e2052657472792e202a9a
:08dc54002a2a0d0a000000005d
:020000040000fa
:020000041d01dc
:10dc5c00d8ffbd272400bfaf2000b4af1c00b3af6a
:10dc6c001800b2af1400b1af1000b0af2590800017
:10dc7c002588a00025a0c0008fad400f2598e0009e
:10dc8c002c004010ffff10240180023c308b438c91
:10dc9c000200022425006214000000002300201260
:10dcac002b103202210040140180023ca4854290ca
:10dcbc0029004010050002240180033cc885632420
:10dccc0001001024000064902700805401001026ed
:10dcdc0001000224000062a0010060a0180060a0f6
:10dcec00190060a03800a28f040062ac080071ac6f
:10dcfc00100074ac140073ac238832020c0071acad
:10dd0c0020808297ffff103200240200258004023d
:10dd1c00200070ac01004224ffff4230ffff44386a
:10dd2c00010003240a106400208082a7e2bb400f8c
:10dd3c0000000000251000022400bf8f2000b48fcb
:10dd4c001c00b38f1800b28f1400b18f1000b08f6d
:10dd5c000800e0032800bd27258000000180033c5b
:10dd6c00dbff0010a4856324d6ff02162400632475
:08dd7c00eeff0010ffff102470
:020000040000fa
:020000041d01dc
:10dd8400e0ffbd271c00bfaf1800b2af1400b1af55
:10dd94001000b0af1c008294080040102580800061
:10dda40001000324250043504000828c5bb8400fdf
:10ddb400f7ff05241c0000101c00bf8f0800918c85
:10ddc4001400228e1000428c04004054400002ae25
:10ddd400019d023cf80c4224400002aef4bb400f0b
:10dde4003c0000ae259040002000228e70bd400f04
:10ddf4000000518c02102272e70342246210113c8d
:10de0400d34d312619005100101000008211020078
:10de1400211052002c0002ae010002241a0002a6b6
:10de24001c0002a61c00bf8f1800b28f1400b18f13
:10de34001000b08f0800e0032000bd2725288000d3
:10de4400039d043c09f84000fcc2842405004014ee
:10de540000000000020002241a0002a6f1ff0010d4
:10de64001c0000a605004104252840005bb8400fb3
:10de740025200002ecff00101c00bf8ff4bb400ff4
:10de8400000000002c00038e2b104300e5ff40141b
:10de9400feff05245bb8400f25200002e2ff0010be
:04dea4001c00bf8f10
:020000040000fa
:020000041d01dc
:10dea800d8ffbd272400bfaf2000b4af1c00b3af1c
:10deb8001800b2af1400b1af1000b0af25808000d9
:10dec80030cc400f2588a00004004014259800009d
:10ded8005fcb400f252000020300132457cb400fcf
:10dee800252000020000328e0400348ecbcb400f78
:10def80025200002cfcb400f2520000282101200ff
:10df08002b1082020f00401025280000039d033cbf
:10df18004e2c6324010005240a00042400006294a6
:10df28001b004202f4014000121000002b10820274
:10df3800050040100100a524f8ffa4140200632482
:10df4800090005240100a524d3cb400f2520000299
:10df58000800228e0100423012004010000000002c
:10df6800a3cb400f252000020800228e0200423079
:10df78001000401000000000abcb400f252000022d
:10df8800251060022400bf8f2000b48f1c00b38fbf
:10df98001800b28f1400b18f1000b08f0800e00392
:10dfa8002800bd27a7cb400f25200002efff001057
:10dfb8000800228eafcb400f25200002f1ff001091
:04dfc80025106002be
:020000040000fa
:020000041d01dc
:10dfcc00d0ffbd272c00bfaf2800b3af2400b2afe9
:10dfdc002000b1af1c00b0af2580800003000224ec
:10dfec001400a2100400918c0000828c0000428c62
:10dffc00029d053c9469a52409f8400025202002c7
:10e00c000000028e0000428c029d053cc069a524d4
:10e01c0009f84000252020022c00bf8f2800b38f68
:10e02c002400b28f2000b18f1c00b08f0800e003d9
:10e03c003000bd272590c00016a6400f0400c48cec
:10e04c0009004014259840000000028e0000428c0c
:10e05c00029d053c58f7a52409f840002520200214
:10e06c00eeff00102c00bf8f0000028e0400428ccb
:10e07c000800468e029d053cec69a52409f8400079
:10e08c00252020021000a527967e400f0800448e04
:10e09c0008004014029d053c0000028e0000428cda
:10e0ac00fc69a52409f8400025202002dbff0010a4
:10e0bc002c00bf8f1000a527f8ba400f2520600256
:10e0cc00d5ff4014029d053c0000028e0000428cde
:10e0dc001c6aa52409f8400025202002cfff00105f
:04e0ec002c00bf8fb6
:020000040000fa
:020000041d01dc
:10e0f0005365742069702061646472657373204f86
:10e100004b0d0a0053657420697020616464726568
:10e110007373206661696c65640d0a0055736167ed
:10e12000653a207365746970203c696e7465726627
:10e130006163653e203c697076342f3620616464eb
:10e14000726573733e203c697076346d61736b2f1a
:10e150006970763620707265666978206c656e3eef
:10e160000d0a000045783a207365746970205049a3
:10e17000433332494e54203139322e3136382e3025
:10e180002e38203235352e3235352e3235352e307b
:10e19000200d0a004e6f207375636820696e7465e8
:10e1a00072666163652069732075700d0a00000056
:10e1b000416e206164647265737320736572766961
:10e1c000636520697320616c726561647920727582
:10e1d0006e6e696e672e2053746f702044484350f2
:10e1e0002c205a434c4c2c206574632e2066697297
:10e1f00073740d0a00000000496e76616c6964203a
:10e200004950206d61736b20737472696e67200dc5
:04e210000a00000000
:020000040000fa
:020000041d01dc
:10e21400d8ffbd272400bfaf2000b3af1c00b2afae
:10e224001800b1af1400b0af258080002590c00065
:10e23400030002241600a2100400918c0000828cba
:10e244000400428c0000c68c039d053cd8fda52427
:10e2540009f84000252020020000028e0400428cb0
:10e264000000468e019d053cdc6ca52409f84000a5
:10e27400252020022400bf8f2000b38f1c00b28f02
:10e284001800b18f1400b08f0800e0032800bd27e8
:10e2940016a6400f0400c48c08004014019d053ce0
:10e2a4000000028e0000428c40a3a52409f840001f
:10e2b40025202002f0ff00102400bf8f0800538e99
:10e2c40002000624019d053c54a3a524c6c1400fa9
:10e2d400252060020e00401002000624019d053c2a
:10e2e40068a3a524c6c1400f252060020800401081
:10e2f400019d053c0000028e0000428c74a3a524fd
:10e3040009f8400025202002dbff00102400bf8f05
:10e314000000028e0400428c0000468e039d053ce2
:10e32400fcfda52409f8400025202002d2ff00109e
:04e334002400bf8f73
:020000040000fa
:020000041d01dc
:10e338000c00838c0019637c80180300ecff6324b5
:10e34800ff00633041006010180202241400842486
:10e3580021408300010007240200062439006010d0
:10e36800000000002b10880038004010180202241a
:10e37800000082902d00401000000000010085245c
:10e38800ffff632427004710ff0063301a0046147c
:10e398000200622c0300632c2c0060141802022473
:10e3a800f8ffbd270000a0a70000a39004000224e6
:10e3b800060062140000a2970100a2900100a2a327
:10e3c8000200a2900000a2a30000a297ffff433022
:10e3d800b505632c01006050b4050224ffff4330eb
:10e3e8001802632c0100605418020224ffff423017
:10e3f8000800e0030800bd270e00401400000000dc
:10e408000000a2902b2862000c00a014000000005d
:10e41800020045242120850023186200cfff001048
:10e42800ff006330cdff00102520a0000800e003a6
:10e43800180202240800e003180202240800e0037e
:10e44800180202240800e003180202240800e0036e
:04e4580000000000c0
:020000040000fa
:020000041d01dc
:10e45c00d8ffbd272400bfaf2000b4af1c00b3af62
:10e46c001800b2af1400b1af1000b0af2c00e01028
:10e47c0025800000020002243200c2140100022494
:10e48c000001918c0401928c25a0e0000800428ec2
:10e49c00100040142598a0003800a68f1800052401
:10e4ac0009f8e000010004241d0040102580000044
:10e4bc000800438e000043ac0400632400e0637c3e
:10e4cc00140043ac080042ae0c00438e01006050b7
:10e4dc000c0042ae12006012258060022580000004
:10e4ec003800a68f1800052409f8800201000424c6
:10e4fc000c00405025100002000040ac140040ac51
:10e50c000c00238e14006054000062ac0c0022ae90
:10e51c00080022ae01001026f2ff70163800a68ffc
:10e52c00251000022400bf8f2000b48f1c00b38f75
:10e53c001800b28f1400b18f1000b08f0800e003e8
:10e54c002800bd27f6ffc214258000000801918c1d
:10e55c00cdff00100c01928c0c00248e040043247f
:10e56c0000e0637c140083aceaff00100c0022aec8
:020000040000fa
:020000041d01dc
:10e57c00e0ffbd271c00bfaf1800b1af1400b0af57
:10e58c00258880000e00a290020003242c0043106a
:10e59c002580a00003000324140043100100032471
:10e5ac00340043146604062424c9400f1000848ce4
:10e5bc000a0040141c00bf8f040006968019c57c0d
:10e5cc004020c67c1000a534b0ba400f1000248e39
:10e5dc00030002240e0002a21c00bf8f1800b18f92
:10e5ec001400b08f0800e0032000bd2724c9400fa1
:10e5fc001000848cf9ff40141c00bf8fe8c4400f3e
:10e60c001000248e080002ae040005964020a67c63
:10e61c008019a57c0100c6341000a534b0ba400f97
:10e62c001000248e0d0002920100423002000424de
:10e63c00060003240a188200e7ff00100e0003a254
:10e64c0024c9400f1000848ce4ff40141c00bf8fc1
:10e65c00e8c4400f1000248e001402000800038e42
:10e66c0025186200080003ae06000224daff001031
:10e67c000e0002a2039d053c3029a5243abf400f91
:10e68c002520000007000224d3ff00100e0002a278
:020000040000fa
:020000041d01dc
:10e69c00e0ffbd271c00bfaf1800b1af1400b0af36
:10e6ac0000606241c00000005dc7400f0000000028
:10e6bc000596400f000000008ebf023c0000438c0a
:10e6cc00030004240429837c000043ac0000438c29
:10e6dc00020005240410a37c000043ac80bf023c64
:10e6ec000000438c0429837c000043ace38a400f78
:10e6fc000180113ca4be400f708c30269789400fce
:10e70c00000000004bc5400f00000000039d023cc0
:10e71c0078ea428c039d053cf032a52409f84000b0
:10e72c00252000000c0002ae039d053cd032a52430
:10e73c00d566400f25200000708c22ae039d053c51
:10e74c008031a5249f9c400f25200000040002aec0
:10e75c000180043c80c1400f708d8424039d053cd6
:10e76c007431a52430c7400f25200000100002aee4
:10e77c00039d053cd832a5247d2c400f252000009c
:10e78c009eb9400f140002ae8cc6400f080002aeba
:10e79c0054be400f00000000206062411c00bf8f7f
:10e7ac001800b18f1400b08f0800e0032000bd27c3
:020000040000fa
:020000041d01dc
:10e7bc0042008010f5ff02240800838c0180023c8b
:10e7cc00908842243a006250020087840800e003db
:10e7dc00f5ff02243900a010f7ff02243900c01005
:10e7ec00000000000180023ca488438c33006010c0
:10e7fc00f7ff02240000678c3200e01000000000dc
:10e80c000400678c2f00e010000000000800638cef
:10e81c002c00601000000000e0ffbd271c00bfaf03
:10e82c001800b2af1400b1af1000b0af2590c0000b
:10e83c002588a0001000a28c0500401025808000c7
:10e84c0025288000039d043c09f84000fcc2842468
:10e85c000180023c908842240000238e020043a4d5
:10e86c000400238e100043ac0800238e0a0043a43e
:10e87c000c00238e010043a0280012ae01000224dc
:10e88c00180002a61c0000a61a0000a6020002a690
:10e89c001e0002a6010002241c00bf8f1800b28fbc
:10e8ac001400b18f1000b08f0800e0032000bd27ca
:10e8bc0002000324c7ffe310f6ff02240800e00364
:0ce8cc00000000000800e0030000000055
:020000040000fa
:020000041d01dc
:10e8d800d8ffbd272400bfaf2000b3af1c00b2afe4
:10e8e8001800b1af1400b0af020002242300821058
:10e8f800ffff11242590c0002800c0102580a0002b
:10e908000000c28c2500401025280000cdb8400f1b
:10e918002520c00019004010259840002538000027
:10e9280025300002252800005c37400f0100042430
:10e9380025884000ffff0224100022128080110069
:10e948001881828f0a80507c480013ae253040021f
:10e9580077000592e8bc400f25200002740002965b
:10e9680001000324446b627c740002a674000296c2
:10e97800010003248473627c740002a6251020021f
:10e988002400bf8f2000b38f1c00b28f1800b18ff6
:10e998001400b08f0800e0032800bd2725380000c8
:10e9a80025300002252800005c37400f01000424b0
:10e9b80025884000ffff0224f0ff2212808011000a
:10e9c8001881828f0a80507c480000ae25304002b2
:10e9d80077000592e8bc400f25200002e3ff4016af
:0ce9e80025102002e7ff00102400bf8f64
:020000040000fa
:020000041d01dc
:10e9f400d8ffbd272400bfaf2000b4af1c00b3afc5
:10ea04001800b2af1400b1af1000b0af020002247e
:10ea140024008210ffff11242580e0002590c0000f
:10ea24002900c0102598a0000000c28c26004010c8
:10ea340025280000cdb8400f2520c0001900401043
:10ea440025a040002538000025306002252800025a
:10ea54003d54400f0100042425884000ffff022498
:10ea640010002212808011003481828f0a80507c31
:10ea7400253040022528800261ac400f2520000289
:10ea84004000028e0040423401000324c47b627cb7
:10ea9400400002ae4000028e01000324448c627cdc
:10eaa400400002ae251020022400bf8f2000b48f46
:10eab4001c00b38f1800b28f1400b18f1000b08ff8
:10eac4000800e0032800bd27253800002530600237
:10ead400252800023d54400f0100042425884000ed
:10eae400ffff0224efff2212808011003481828f05
:10eaf4000a80507c253000002528000061ac400fbe
:0ceb040025200002e4ff00104000028efb
:020000040000fa
:020000041d01dc
:10eb1000c8ffbd273400bfaf3000b7af2c00b6af81
:10eb20002800b5af2400b4af2000b3af1c00b2afd3
:10eb30001800b1af1400b0af25a8a00025b0c000e8
:10eb40002588e0000000d48c4800a693779c400ff5
:10eb500025288002280040102598000025904000bc
:10eb6000250020122598200225b880022598000053
:10eb70000e0043960800428e2110430023105700d8
:10eb80000c004396ffff64302b202402020080100b
:10eb9000ffff42302518200225806000ffff633010
:10eba0002b1843000100605425804000ffff103205
:10ebb0000a000012253000022528e0028dc5400f12
:10ebc0002520a00221a8b00223883002ffff3132a5
:10ebd00021a0f00221801302ffff13320000528ea9
:10ebe000060040520000d4ae040020520000d4ae13
:10ebf000dfff00100800578e0000d4ae2510600221
:10ec00003400bf8f3000b78f2c00b68f2800b58f2f
:10ec10002400b48f2000b38f1c00b28f1800b18f76
:0cec20001400b08f0800e0033800bd278e
:020000040000fa
:020000041d01dc
:10ec2c00e0ffbd271c00bfaf1800b2af1400b1af9e
:10ec3c001000b0af1b00801025808000258880005c
:10ec4c002590a0001700a010258000004a0082909b
:10ec5c0004004010480022920f00b2240418127cc9
:10ec6c001000522603004010ffff05342ec4400f45
:10ec7c00400024263000228e09f840002520400256
:10ec8c000f00401425804000faff0224440022aefd
:10ec9c004800229204004010251000023ac4400f94
:10ecac0040002426251000021c00bf8f1800b28fd4
:10ecbc001400b18f1000b08f0800e0032000bd27b6
:10eccc004a00229214004010251800020418037cfc
:10ecdc000e0003162510000210001026fcff02aed9
:10ecec00f0ff452649002292050040503c00228e40
:10ecfc0080b2400f25200002258040003c00228e6f
:10ed0c0021905200e2ff00103c0032ae0f001026a2
:10ed1c00f2ff00100418107c251000020418027c6d
:10ed2c0004000212fbff0224440022aed8ff0010a4
:0ced3c0025800000ebff0010252840029d
:020000040000fa
:020000041d01dc
:10ed4800e0ffbd271c00bfaf1800b2af1400b1af81
:10ed58001000b0af258080002590a0000082918f20
:10ed68001482848f18bc400f040084240a004014c5
:10ed7800ffff02241482828ffc81838f2c00448c35
:10ed8800010002240410820027100200241043000e
:10ed9800fc8182afffff02241c0002562180300252
:10eda800190040120180023cd88c45240400a38c31
:10edb8001482848f080083ac1482848f0800668cc8
:10edc8000c0086ac1482848f040084240400c4ac34
:10edd8001482848f04008424080064ac1482838f16
:10ede800140065acd88c438c01006324d88c43ace8
:10edf8001c00bf8f1800b28f1400b18f1000b08fa5
:10ee08000800e0032000bd27218030021482828f91
:10ee18002b88110207002012040050ac0c82848f4a
:10ee28001482858f66b3400f0400a524f1ff0010fb
:10ee38001c00bf8f1082848f1482858f66b3400fa9
:10ee48000400a524e481828f2b100202e8ff4054bd
:0cee5800e48190afe7ff00101c00bf8faa
:020000040000fa
:020000041d01dc
:10ee6400e8ffbd271400bfafdc81828f050040108e
:10ee740001000224f08182af1400bf8f0800e00378
:10ee84001800bd27f08180af1482828f3000428c3d
:10ee94000000448ca5a5033ca5a563340e0083148f
:10eea400a5a5033c0400448ca5a563340a0083147f
:10eeb400a5a5033c0800448ca5a56334060083146f
:10eec400000000000c00438ca5a5023ca5a542341b
:10eed40005006210000000001482848f1482858f64
:10eee40039c7400f3400a524fc81828f2018437059
:10eef4001f000224231043000180043cf88884246a
:10ef0400801802002128620080280500212885003d
:10ef14000400a68c0400c68c21186200801803002b
:10ef240008006324211883000900c3140400a6ac5c
:10ef34000400c58c0180033c802002002120820053
:10ef440080200400f888632421186400040065ac60
:10ef54000180033c802002002110820080200200f6
:10ef6400f8886224211044000400428c0c00428c76
:0cef7400148282afc1ff00101400bf8f98
:020000040000fa
:020000041d01dc
:10ef8000e0ffbd271c00bfaf1800b2af1400b1af47
:10ef90001000b0af258080000800838c2000829490
:10efa00008004430270080101000718c01002432ca
:10efb00024008010c2320200403106000100c63435
:10efc00001006290010044302518c0000004c634de
:10efd0000a306400020042302518c0000008c63420
:10efe0000a306200220012960400052497af400ff9
:10eff00025200002090040101c00bf8f0c004012a9
:10f00000080031320a002012030002241a0002a66e
:10f01000060002241c0002a61c00bf8f1800b28f3d
:10f020001400b18f1000b08f0800e0032000bd274e
:10f03000030002241a0002a608000224f6ff0010b2
:10f040001c0002a6006046300300c0100050423091
:10f050000001267e403306002518c0000001c6349a
:10f060000a306200000131322510c0000040c63471
:10f070000a3051002528000097af400f25200002dc
:10f08000e5ff4010030002241a0002a60a00022431
:08f09000e1ff00101c0002a6c4
:020000040000fa
:020000041d01dc
:10f09800e0ffbd271c00bfaf1800b2af1400b1af2e
:10f0a8001000b0af259080000500a0102588a000b2
:10f0b8003400062425280000a0c6400f2520200281
:10f0c80005004012251000004200429640004230e0
:10f0d800310040147c80908f1c00bf8f1800b28fc5
:10f0e8001400b18f1000b08f0800e0032000bd2786
:10f0f8001dcb400f25204002401802002118620055
:10f10800c01803002318620080180300218003023e
:10f118005800039201006330efff601025100000d3
:10f12800560003960900642cecff80141c00bf8f66
:10f13800e9ff201201000224a2cc400f000023aef8
:10f14800040022ae0800028e080022ae1800028ecb
:10f158000c0022ae0800028e1000038e211043001e
:10f16800100022ae0800028e1400038e2110430006
:10f17800140022ae2c00028e180022ae3400028e3b
:10f188001c0022ae2800028e200022ae240020aef1
:10f19800d1ff001001000224d5ff00160000000076
:08f1a800cdff0010251000004e
:020000040000fa
:020000041d01dc
:10f1b000d0ffbd272c00bfaf2800b5af2400b4afef
:10f1c0002000b3af1c00b2af1800b1af1400b0af55
:10f1d0002580800025a0a0001400828c09f8400042
:10f1e0001000958c259040000c00028e1c004010f1
:10f1f000258800000800118e0000028e021851724e
:10f200002188620000002296010042301e00401456
:10f21000259800000a0000102000028e0800118ec0
:10f220000000028e021851722188620000002296ae
:10f2300001004230150040541c00028e2000028e56
:10f24000253080022528200209f8400025200002f0
:10f25000020033a62400028e01004224240002aee4
:10f26000251020022c00bf8f2800b58f2400b48ffa
:10f270002000b38f1c00b28f1800b18f1400b08f24
:10f280000800e0033000bd271c00028e25308002fc
:10f290002528200209f8400025200002f0ff401038
:10f2a000219055020c00028e2b20420223184202ac
:10f2b000010073262b106202d8ff40140a906400ec
:08f2c000e7ff001025880000a3
:020000040000fa
:020000041d01dc
:10f2c80043008010251000004c00838cffff63244e
:10f2d8004c0083ac2c00868c4800858c3c00c51003
:10f2e800000000003a00601400000000e0ffbd27a5
:10f2f8001c00bfaf1800b1af1400b0af258080006c
:10f308000400912418bc400f252020020900405415
:10f318004800058efc81838f2c00048e0100022496
:10f32800041082002710020024104300fc8182afe1
:10f338004800058e2c0005ae050002242310450068
:10f34800180002aefc81838f010002240410a20081
:10f3580025104300fc8182af0180023cf8884424d8
:10f368008018050021186500801803002118830003
:10f378000400628c080002ae0800438c0c0003ae47
:10f38800040071ac080051ac2c00058e80100500fb
:10f39800211845008018030021188300140003aecb
:10f3a8000000638c010063242110450080100200d6
:10f3b80021104400000043ac010002241c00bf8f50
:10f3c8001800b18f1400b08f0800e0032000bd279b
:08f3d8000800e0030000000042
:020000040000fa
:020000041d01dc
:10f3e000d8ffbd272400bfaf2000b4af1c00b3afcf
:10f3f0001800b2af1400b1af1000b0af0f00a010f2
:10f4000025a080001000a28c050040107800112477
:10f410001400512c140003240a18510025886000a0
:10f420001400b38c421011001800b08c0c000016b0
:10f430000a985300040000109224023c3c0013245c
:10f44000780011249224023c244942242b102202e9
:10f4500024004014c2101100c08002002380020268
:10f4600078c7400fcccc123ccdcc5236190052009c
:10f470001018000002210300801804002118640005
:10f480008018030023104300f6ff73262110530059
:10f4900078c7400f100082ae190052001090000093
:10f4a00002911200801812002190720080901200c8
:10f4b00023105200f6ff102621105000140082aed7
:10f4c000180091ae2400bf8f2000b48f1c00b38fb2
:10f4d0001800b28f1400b18f1000b08f0800e00345
:10f4e0002800bd27c080110023801102dcff00101e
:04f4f000c2801000c6
:020000040000fa
:020000041d01dc
:10f4f4000500801025100000420082944000423034
:10f5040017004014000000000800e00300000000a1
:10f51400010002241000a2af253800001800a6271d
:10f524002528c0008e9a400f252020022c0012ae00
:10f5340002000524f884400f252020022900001031
:10f54400010002240100052455c9400f2520200292
:10f55400250040103400bf8ff5ff00102c0012aec0
:10f56400c8ffbd273400bfaf3000b4af2c00b3af29
:10f574002800b2af2400b1af2000b0af7c80938fdd
:10f5840018006012251000002590a0001dcb400f2c
:10f5940025888000258040001200401225100000bc
:10f5a4004018100021187000c01803002380700058
:10f5b40080801000218070025800029201004230c5
:10f5c400e0ff40100500032456000296f7ff443084
:10f5d400030083100b000324cdff43541800a0af95
:10f5e400251000003400bf8f3000b48f2c00b38f7f
:10f5f4002800b28f2400b18f2000b08f0800e003f0
:04f604003800bd27e6
:020000040000fa
:020000041d01dc
:10f60800537461636b207570206661696c65640d65
:10f618000a000000537461636b2075702073756372
:10f628006365656465640d0a0000000055736167d1
:10f63800653a20737461636b203c75702f646f7733
:10f648006e3e203c70726573657276653e0d0a00e9
:10f6580045783a20737461636b20646f776e20700d
:10f66800726573657276650d0a000000757000009a
:10f67800537461636b20616c726561647920757085
:10f68800210d0a005475726e20537461636b2064f7
:10f698006f776e20616e64207468656e20757021c6
:10f6a8000d0a000052657374617274696e67207484
:10f6b800686520737461636b2077697468202564ba
:10f6c80020696e746572666163652873290d0a0086
:10f6d800646f776e00000000537461636b20646f81
:10f6e800776e3a2063616e6e6f742067657420616f
:10f6f80020737461636b2068616e646c650d0a0029
:10f70800537461636b20646f776e20646f6e650d50
:04f718000a000000e3
:020000040000fa
:020000041d01dc
:10f71c0055736167653a206966203c696e74657241
:10f72c00666163653e203c646f776e2f75703e207a
:10f73c000d0a000045783a2069662050494333325f
:10f74c00494e5420646f776e200d0a00556e6b6e17
:10f75c006f776e20696e7465726661636520737075
:10f76c0065636966696564200d0a000054686973f5
:10f77c0020696e7465726661636520616c72656187
:10f78c0064792075700d0a004f7065726174696f31
:10f79c006e206661696c65642e204e6f20636f6eff
:10f7ac0066696775726174696f6e0d0a00000000fe
:10f7bc0066756c6c000000005468697320696e7487
:10f7cc0065726661636520616c7265616479206441
:10f7dc006f776e0d0a00000057726f6e67207061b4
:10f7ec0072616d65746572207370656369666965b5
:10f7fc0064200d0a000000004f7065726174696f1f
:10f80c006e207375636365737366756c210d0a00e6
:10f81c004f7065726174696f6e206661696c6564a6
:04f82c00210d0a00a0
:020000040000fa
:020000041d01dc
:10f83000d0ffbd272c00bfaf2800b3af2400b2af6c
:10f840002000b1af1c00b0af25808000030002246f
:10f850001400a2100400918c0000828c0000428ce5
:10f86000029d053c5873a52409f84000252020027c
:10f870000000028e0000428c029d053c9473a5247a
:10f8800009f84000252020022c00bf8f2800b38fec
:10f890002400b28f2000b18f1c00b08f0800e0035d
:10f8a0003000bd272598c00016a6400f0400c48c68
:10f8b00009004014259040000000028e0000428c98
:10f8c000029d053c58f7a52409f840002520200298
:10f8d000eeff00102c00bf8f1000a527ae56400f82
:10f8e0000800648e08004014019d053c0000028e53
:10f8f0000000428cc44ba52409f8400025202002ba
:10f90000e2ff00102c00bf8f1000a52714c5400f88
:10f910002520400209004014029d053c029d053c43
:10f920003873a5240000028e0000428c09f84000c4
:10f9300025202002d5ff00102c00bf8ff9ff0010fa
:04f940001c73a5246b
:020000040000fa
:020000041d01dc
:10f94400e0ffbd271c00bfaf1800b2af1400b1af79
:10f954001000b0af1480848fffff022406008210d1
:10f964000180023cb0aa400f00000000ffff022407
:10f97400148082af0180023ce08b42940e00401060
:10f9840000000000f480918f258000000180123c6b
:10f994000300072402000624252820022789400f9b
:10f9a400e08b442601001026e08b42962a100202c6
:10f9b400f7ff40148000312698cc400f000000006f
:10f9c4000180023ce88b448c0d0080100180033cd4
:10f9d4000c00828c09f84000f480858f0180023c81
:10f9e4000ac8400fe88b448c04004104039d053c85
:10f9f400c409a5241097400f252000000180033c72
:10fa0400e08b6224080040ac0c0040acf48080af72
:10fa1400e08b60a4040040acd08080afd48080af81
:10fa24000180023cc48c40acc48c4224040040ac31
:10fa3400080040ac0c0040ac100040ac1c00bf8f70
:10fa44001800b28f1400b18f1000b08f0800e003cb
:04fa54002000bd27aa
:020000040000fa
:020000041d01dc
:10fa5800c8ffbd273400bfaf3000b5af2c00b4af2e
:10fa68002800b3af2400b2af2000b1af1c00b0af84
:10fa7800259080000700a0102580a0000000a0a00d
:10fa88000100a0a00200a0a00300a0a00400a0a064
:10fa98000500a0a0280040120100022400004382b3
:10faa8002500601025880000000054926fc7400fa1
:10fab80025208002200040102510000001005592ea
:10fac8006fc7400f2520a002240040100438b37ee1
:10fad800047a937e48a9400fffff64322118b103ce
:10fae800100062a002004282090040103a0003247c
:10faf800030043102d0003240f00431425100000b9
:10fb08000100312606000224e7ff221603005226d0
:10fb1800070000121000a28f030002aa000002ba18
:10fb28001400a293040002a21500a293050002a2e9
:10fb38000500223a0100422c3400bf8f3000b58ff7
:10fb48002c00b48f2800b38f2400b28f2000b18f0f
:10fb58001c00b08f0800e0033800bd27f6ff001036
:04fb68002510000064
:020000040000fa
:020000041d01dc
:10fb6c00556e6b6e6f776e2068656170207479705e
:10fb7c00652e205573653a205b312c2025645d0d74
:10fb8c000a0000004e6f206865617020696e666f18
:10fb9c002065786973747320666f72207479706550
:10fbac003a202573210d0a00486561702074797024
:10fbbc00653a2025732e20496e697469616c206347
:10fbcc0072656174656420686561702073697a651b
:10fbdc003a2025642042797465730d0a00000000f8
:10fbec00416c6c6f6361626c6520626c6f636b203f
:10fbfc00686561702073697a653a202564204279c2
:10fc0c007465730d0a000000416c6c2061766169ab
:10fc1c006c61626c6520686561702073697a653a05
:10fc2c002025642042797465732c206869676820ec
:10fc3c0077617465726d61726b3a2025640d0a00f0
:10fc4c004c6173742068656170206572726f723ad2
:10fc5c0020307825780d0a004e6f20547261636550
:10fc6c0020696e666f206578697374732e0d0a00b7
:020000040000fa
:020000041d01dc
:10fc7c004100a010251000000000a38c3e00601075
:10fc8c00000000003c008010000000004200839443
:10fc9c00400063303800601000000000e0ffbd271a
:10fcac001c00bfaf1800b2af1400b1af1000b0af62
:10fcbc002580c0002588a0000180023c1dcb400f90
:10fccc001c8a528cc018020021106200c010020065
:10fcdc002190420225282002ac8a400f0000448e5d
:10fcec00258840001e0020122510000000002396dd
:10fcfc00c00063301b0060101c00bf8f0900005255
:10fd0c00000023961000228e030002aa000002ba03
:10fd1c0014002292040002a215002292050002a2f5
:10fd2c0000002396800063300d0060100100022457
:10fd3c001800522604003026252800020a8e400f97
:10fd4c00252040020180023c2c8a428c0c0022ae01
:10fd5c0025280002f38b400f2520400201000224cd
:10fd6c001c00bf8f1800b28f1400b18f1000b08f21
:10fd7c000800e0032000bd270800e003000000009d
:020000040000fa
:020000041d01dc
:10fd8c004100a010010002243c0083903e0062144c
:10fd9c0000000000d8ffbd272400bfaf2000b2af89
:10fdac001c00b1af1800b0af1800a28c0c00438c33
:10fdbc001c0083ac4000828c000146300500c05012
:10fdcc00140083ac4400868c0300c0142588a0006a
:10fddc00140083ac2588a000258080001800a38c1b
:10fdec001000728c1000b2af20004230140040148e
:10fdfc00200092ac1000a5275ab4400f2800248e86
:10fe0c000f004014f0005232e00002240c004212a9
:10fe1c001000a28f1800038e060062504000028e64
:10fe2c004000038ec439037c400003ae180002aec0
:10fe3c004000028e010003248431627c400002ae3b
:10fe4c002800228e240002ae2800029606004050a4
:10fe5c001c00228e4800029601004230050040141e
:10fe6c002400bf8f1c00228e00004294280002a6a2
:10fe7c002400bf8f2000b28f1c00b18f1800b08ff0
:10fe8c000800e0032800bd270800e0030000000084
:020000040000fa
:020000041d01dc
:10fe9c004100c0102510e000d0ffbd272c00bfafe3
:10feac002800b5af2400b4af2000b3af1c00b2af34
:10febc001800b1af1400b0af2598a0002590c00079
:10fecc002580e000779c400f01000624250040109f
:10fedc002588400025a000000e0022960800238ee5
:10feec0021186200231873000c00229603004010a6
:10fefc00ffff63302b2062000a1844002ba843023a
:10ff0c000b1855021000601025a860002530000069
:10ff1c0025286000314b400f25206002271002007d
:10ff2c000100833203006010ffff4230294b400f69
:10ff3c002520400023905502ffff523221a0b4022d
:10ff4c00ffff9432218002020000318e0500201246
:10ff5c00000000000300401200000000deff001053
:10ff6c000800338e9bc9400f252000022710020089
:10ff7c00ffff42302c00bf8f2800b58f2400b48fb8
:10ff8c002000b38f1c00b28f1800b18f1400b08ffb
:10ff9c000800e0033000bd270800e003000000006b
:020000040000fa
:020000041d01dc
:10ffac00000102040703060500000000ffffffff2d
:10ffbc00ffffffffffffffffffffffffffffffff45
:10ffcc00ffffffffffffffffffffffffffffffff35
:10ffdc00ffffffffffffffffffffffffff0001021f
:10ffec0003040506070809ffffffffffffff0a0bcd
:10fffc000c0d0e0f101112131415161718191a1bbd
:020000041d02db
:10000c001c1d1e1f20212223ffffffffffff0a0bd9
:10001c000c0d0e0f101112131415161718191a1b9c
:10002c001c1d1e1f20212223ffffffffffffffffd0
:10003c00ffffffffffffffffffffffffffffffffc4
:10004c00ffffffffffffffffffffffffffffffffb4
:10005c00ffffffffffffffffffffffffffffffffa4
:10006c00ffffffffffffffffffffffffffffffff94
:10007c00ffffffffffffffffffffffffffffffff84
:10008c00ffffffffffffffffffffffffffffffff74
:10009c00ffffffffffffffffffffffffffffffff64
:1000ac00ffffffffffffffffffffffffff00000051
:020000040000fa
:020000041d02db
:1000bc00c0ffbd273c00bfaf3800b3af3400b2afb8
:1000cc003000b1af2c00b0af2590a0001000a0af55
:1000dc001400a0af1800a0af1c00a0af2000a0af70
:1000ec002400a0af408004002120040280200400e2
:1000fc000180103c00871026218004029abb400f1f
:10010c0025200000259840001bc0400f2520000230
:10011c0025884000252860024ebd400f2520000098
:10012c000f002012000000002800228e050052143f
:10013c0025282002fec3400f1000a427efff00105b
:10014c0000000000fec3400f1c00a427ebff0010b2
:10015c0000000000f5ff052496ae400f252040005e
:10016c001bc0400f1000a427faff40140100062406
:10017c001c00a28f0b0040103c00bf8f9abb400f9d
:10018c0025200000258840001c00a5273fb9400f02
:10019c0025200002252820024ebd400f25200000fe
:1001ac003c00bf8f3800b38f3400b28f3000b18f5a
:0c01bc002c00b08f0800e0034000bd27bd
:020000040000fa
:020000041d02db
:1001c800e0ffbd271c00bfaf1800b1af1400b0afef
:1001d800258080000ab5400f9400848c25280000f3
:1001e800cea1400f2520000250c6400f9400048e77
:1001f8005480828f0c0002561800048e0ab5400ff6
:100208009400048e50c6400f9400048ea80000aedf
:100218009c0000ae980000aea40000aea00000aea6
:10022800548080af1800048effff0224060082105d
:100238004400118e1800228e09f8400000000000ca
:10024800ffff0224180002ae1400048effff0224f0
:1002580007008210253800020800228e09f84000a5
:1002680000000000ffff0224140002ae253800023f
:10027800039d063cb4b3c6240200052414a0400f15
:100288002520000225300000feff0524108f400fb6
:100298002520000225380002039d063c38abc62401
:1002a8000100052414a0400f252000021c0000ae08
:1002b800200000a61c00bf8f1800b18f1400b08f5b
:0802c8000800e0032000bd273f
:020000040000fa
:020000041d02db
:1002d0003f008014ffff02240180023c908843907d
:1002e00001000224040062541800a38c0180023c27
:1002f0000800e003908842240180023cac8843acb3
:1003000033006010ffff0224e0ffbd271c00bfafd9
:100310001800b1af1400b0af0180033c9088622494
:100320002000a494060044a401000424908864a042
:1003300002000324040043a4080040a40400a38c8a
:100340000c0043ac1000a38c140043ac039d043c90
:10035000fcc28424180044ac2400a48c200044accb
:10036000240040a014006294160040500180023c1a
:100370000180043cec8882a4160063940180023c56
:10038000908850245e0003a6ae020624039d113c13
:1003900000292526efbe400f01000424af020624e9
:1003a00000292526e0be400f01000424251000028c
:1003b0001c00bf8f1800b18f1400b08f0800e0033d
:1003c0002000bd2700410424ebff0010ec8844a46a
:0803d0000800e003000000003a
:020000040000fa
:020000041d02db
:1003d8003f008010faff02244200839440006330fb
:1003e8003b00601000000000e0ffbd271c00bfaf0d
:1003f8001800b2af1400b1af1000b0af2580c00034
:100408002588a0000180023c1dcb400f1c8a528c1d
:10041800c020020021208200c020040025282002dc
:100428001ec6400f0a20447e252040000f00801081
:10043800fcff02240d00001225100000040000ae8d
:10044800080000a2090000a20a0000a20b0000a2f6
:100458000c0000a20d0000a200008394010062308d
:1004680008004054c0006230000000ae1c00bf8f7e
:100478001800b28f1400b18f1000b08f0800e0038d
:100488002000bd270d0040500300022440006330c7
:100498000100632c01006324000003ae0800828c75
:1004a800040002ae1000828c080002ae1400829490
:1004b8000c0002a6edff001025100000000002ae9f
:1004c8000800828c040002aee8ff0010251000002e
:0804d8000800e0030000000031
:020000040000fa
:020000041d02db
:1004e000d0ffbd272c00bfaf2800b6af2400b5afaa
:1004f0002000b4af1c00b3af1800b2af1400b1af0e
:100500001000b0af250080102580000025888000f5
:1005100025a8a00025b0c000039d143c38339426c4
:10052000220005240dc3400f2520200202004010a8
:1005300025904000000040a0809810002198b30250
:1005400025288002ad9b400f252020021e0040146c
:100550002b18160211004012010052262200052419
:100560000dc3400f252040020c004050ffff102417
:100570000a004252ffff10242b18160204006010dc
:10058000000040a0801810002118a302000072ace7
:1005900001005124e2ff2016010010262510000260
:1005a0002c00bf8f2800b68f2400b58f2000b48f99
:1005b0001c00b38f1800b28f1400b18f1000b08fe1
:1005c0000800e0033000bd2701006054000062ae67
:1005d0000100102604007326d9ff001025880000b2
:0805e000eeff0010ffff1024e4
:020000040000fa
:020000041d02db
:1005e800e0ffbd271c00bfaf1800b0afc88182274d
:1005f8001400a2af010010241000b0af253800008d
:1006080000010624039d053cfcc5a524039d043c6c
:10061800b841400f082284241400a0af1000b0afe6
:100628002538000000040624039d053c0cc6a524bb
:10063800039d043cb841400f700684241400a0af09
:100648001000b0af2538000000040624039d053cc7
:100658001cc6a524039d043cb841400fb015842452
:100668001400a0af1000b0af253800000004062425
:10067800039d053c30c6a524039d043cb841400faa
:10068800dc158424cc8182271400a2af1000b0afff
:100698002538000000040624039d053c40c6a52417
:1006a800039d043cb841400ff82a84241400a0afed
:1006b8001000b0af2538000080000624039d053cdb
:1006c8004cc6a524039d043cb841400f282284242d
:1006d80036a7400f000000001c00bf8f1800b08f25
:0806e8000800e0032000bd271b
:020000040000fa
:020000041d02db
:1006f000e0ffbd271c00bfaf1800b2af1400b1afc0
:100700001000b0af258080002588a00097b2400f70
:100710002590c0002c0040101c00bf8f1c00238eb1
:1007200007007014251800002b002392130060149a
:10073000290023920200642c0c00801000000000ad
:1007400004006424802004000a20047e2600801413
:100750008020030021200402252860000100a52438
:100760000200a62c0700c054040084240a0040168e
:10077000000000001300001025104002edff0010e3
:10078000010063241000868cf5ffc0500100a524f1
:10079000150000102518a0000a0060582510000060
:1007a0001000048e0f0080140200632805006054be
:1007b000251000001400038e0b00601401000324b8
:1007c000251000001c00bf8f1800b28f1400b18fdd
:1007d0001000b08f0800e0032000bd27f9ff0010d3
:1007e00025100000251800001c0030aef5ff001099
:0407f000290023a217
:020000040000fa
:020000041d02db
:1007f4000080163c1400d6260000d68effffd626b5
:100804000400c016000000000080163cc801d62673
:100814000000d58e8000b68e1108c0027c00b68e12
:100824001308c0028800b68e1110c0028400b68e70
:100834001310c0029000b68e1118c0028c00b68e40
:100844001318c0029400b68ef8fcdf7e0800b68e42
:100854001300c0020c00b68e1100c0021000a18e5d
:100864003000b78e2c00b68e3400a28e3800a38ed2
:100874003c00a48e4000a58e4400a68e4800a78e9e
:100884004c00a88e5000a98e5400aa8e5800ab8e3e
:100894005c00ac8e6000ad8e6400ae8e6800af8ede
:1008a4006c00b88e7000b98e7400be8e7800bf8e56
:1008b40000606041c000000000801a3c14005a2708
:1008c40000005b8fffff7b2700005baf9c00ba8eac
:1008d4009800bb8e20e815002800b58fa000bd2726
:1008e40000609a4000709b40c00000001800004265
:0408f4000000000000
:020000040000fa
:020000041d02db
:1008f800e0ffbd271c00bfaf1800b2af1400b1afb6
:100908001000b0af2abc400f25808000450011922e
:10091800208c117c0500201affff02242400028e7f
:100928001b00401424001226ffff0224450002a2e7
:10093800afb1400f000000002abc400f00000000cb
:1009480044001192208c117c0500201affff02241c
:100958001000028e1c00401410001226ffff022413
:10096800440002a2afb1400f000000001c00bf8f7e
:100978001800b28f1400b18f1000b08f0800e00388
:100988002000bd272400028ee8ff4010ffff02244c
:10099800476c400f2520400203004010ffff31261e
:1009a800ffcb400f00000000208c117cf5ff2016c3
:1009b800ffff0224ddff0010000000001000028e7f
:1009c800e7ff4010ffff0224476c400f252040023c
:1009d80003004010ffff3126ffcb400f000000004e
:1009e800208c117cf5ff2016ffff0224dcff00108d
:0409f80000000000fb
:020000040000fa
:020000041d02db
:1009fc00e0ffbd271c00bfaf1800b1af1400b0afb3
:100a0c000e00a290020003242c0043102580a000ad
:100a1c0003000324160043102588800001000324e2
:100a2c002c0043149304062424c9400f1000848c1a
:100a3c000b0040141c00bf8f040006968019c57c67
:100a4c00080007964020c67c1000a534ecb3400f7c
:100a5c001000248e030002240e0002a21c00bf8f83
:100a6c001800b18f1400b08f0800e0032000bd27e0
:100a7c0024c9400f1000848cf9ff40141c00bf8f58
:100a8c00040005964020a67c8019a57c0a000796d8
:100a9c000100c6341000a534ecb3400f1000248eb6
:100aac000d000292010042300200042406000324cf
:100abc000a188200e9ff00100e0003a224c9400f9f
:100acc001000848ce5ff401406000224e3ff0010a4
:100adc000e0002a2039d053c4829a5243abf400ff5
:100aec002520000007000224dcff00100e0002a2eb
:020000040000fa
:020000041d02db
:100afc00010003243c00a31425100000e0ffbd27d7
:100b0c001c00bfaf1800b1af1400b0af258080003f
:100b1c003e0083903d0082902b1862002a006010ea
:100b2c00251000004000828c000847300080033400
:100b3c000b386700000242300300401044000424cc
:100b4c000400e7345c0004242588c0000200e7346c
:100b5c00100006963ead400f080005241a00401008
:100b6c00019d033c745e6324080043ac0c0050ac44
:100b7c004000038e000263301800601044004424cf
:100b8c001000438c000064ac01000324540043a407
:100b9c00251800000a0020523e000392000003ae0c
:100bac001000049621206400040004ae080003ae7b
:100bbc00010003243c0003a20c0002ae3e00039291
:100bcc00010063243e0003a21c00bf8f1800b18fec
:100bdc001400b08f0800e0032000bd271c00438cdc
:100bec00ecff0010080063240800e0030000000084
:020000040000fa
:020000041d02db
:100bfc00982f8a4291443771cffbc0b5a5dbb5e97c
:100c0c005bc25639f111f159a4823f92d55e1cabef
:100c1c0098aa07d8015b8312be853124c37d0c557d
:100c2c00745dbe72feb1de80a706dc9b74f19bc1c5
:100c3c00c1699be48647beefc69dc10fcca10c24b5
:100c4c006f2ce92daa84744adca9b05cda88f97699
:100c5c0052513e986dc631a8c82703b0c77f59bf03
:100c6c00f30be0c64791a7d55163ca06672929142f
:100c7c00850ab72738211b2efc6d2c4d130d3853cc
:100c8c0054730a65bb0a6a762ec9c281852c72928e
:100c9c00a1e8bfa24b661aa8708b4bc2a3516cc7bc
:100cac0019e892d1240699d685350ef470a06a10f5
:100cbc0016c1a419086c371e4c774827b5bcb03444
:100ccc00b30c1c394aaad84e4fca9c5bf36f2e68e2
:100cdc00ee828f746f63a5781478c8840802c78c71
:100cec00faffbe90eb6c50a4f7a3f9bef27871c674
:020000040000fa
:020000041d02db
:100cfc0040ffbd27bc00bfafb800b3afb400b2af6c
:100d0c00b000b1afac00b0afd400b38fdc00b28f89
:100d1c00e000a38f2e00e01053ff10242d00401292
:100d2c00251000020300801080000224290060526c
:100d3c002510000226006214ffff10242510e0008d
:100d4c002538a00025888000e800a38f1800a3afe9
:100d5c00e400a38f1400a3af1000a6afd000a68fa1
:100d6c00252840000a88400f2000a42714004014b6
:100d7c000000000006002012d800a68f2528600273
:100d8c00f96c400f2000a4270d0040140000000057
:100d9c008000062425284002402b400f2000a42769
:100dac0007004014ffff1024800006242528400271
:100dbc00402b400f2000a4272b10020023800200a0
:100dcc0039c0400f2000a427ffff03240b806200d2
:100ddc0025100002bc00bf8fb800b38fb400b28fd7
:100dec00b000b18fac00b08f0800e003c000bd278d
:020000040000fa
:020000041d02db
:100dfc00c0ffbd272c00b3af5000b38f3800b6af87
:100e0c003000b4af010073322800b2af2400b1af90
:100e1c002000b0af3c00bfaf3400b5af25908000d0
:100e2c0025b0a0002580c0002588e00003006016d6
:100e3c002ba0c7001300805623a0300225300002df
:100e4c002528c002c7b1400f252040020d00801696
:100e5c0023a03002258800023c00bf8f2510200201
:100e6c003800b68f3400b58f3000b48f2c00b38fa0
:100e7c002800b28f2400b18f2000b08f0800e0034f
:100e8c004000bd271100862e100002240b10860294
:100e9c0025304000200005241000a427a0c6400fd8
:100eac0025a880021000a22e0b0040100f008632e5
:100ebc001000a527c7b1400f25204002e6ff6016a1
:100ecc00253000022528c002c7b1400f2520400262
:100edc00e2ff00103c00bf8f100006241000a52775
:100eec00c7b1400f25204002eeff0010f0ffb526e1
:020000040000fa
:020000041d02db
:100efc00e0ffbd271c00bfaf1800b2af1400b1afac
:100f0c001000b0af2e008014ffff10240180103ca5
:100f1c00588610260800038e020002240500621475
:100f2c000180023c5c864294010042302500401452
:100f3c00251000022588a000a80006242528000002
:100f4c000180043ca0c6400f588684242300201244
:100f5c000100072401000624252800000180043c20
:100f6c00bf99400f58868424010003241d004314ac
:100f7c000180023c58864224040043a4020003244e
:100f8c00080043ac0c0040a40400238e100043acba
:100f9c000180113c8c8631260180123cdc86522665
:100fac00010002240f0022a22528200262c3400f58
:100fbc002520400214003126faff321601000224cb
:100fcc00251000021c00bf8f1800b28f1400b18fc7
:100fdc001000b08f0800e0032000bd27f8ff0010c0
:0c0fec00ffff1024f6ff0010ffff102490
:020000040000fa
:020000041d02db
:100ff800e0ffbd271c00bfaf1800b1af1400b0afb1
:1010080014c6400f2588a000258040002e0000123d
:10101800251000004000028e003042300400405489
:101028004000028e39b6400f252000024000028e93
:10103800448c027c400002ae000b437c3c0003a2bf
:10104800251840000040423001004050240000ae06
:10105800008062300700405448000296180000ae35
:101068004000028ec439027c8431027c400002ae0a
:1010780048000296040042300500401000000000bd
:101088004000028e0400423001004054280000a6af
:10109800120020522c00058e1bbd400f2520000297
:1010a8001bc0400f4c000426252840005ea0400fbe
:1010b800252000024000028e01000324448c627c3b
:1010c800400002ae010002241c00bf8f1800b18f3f
:1010d8001400b08f0800e0032000bd27637f400f95
:0c10e80025200002f4ff00104000028ee2
:020000040000fa
:020000041d02db
:1010f400e0ffbd271c00bfaf1800b2af1400b1afb2
:101104001000b0af258080002588c0003800928c84
:101114004000868c1100c014000000000000828c86
:101124000500401425880000b27c400f0800848c20
:1011340025884000080000ae01005226380012ae97
:10114400251020021c00bf8f1800b28f1400b18f2d
:101154001000b08f0800e0032000bd270e00201609
:10116400000000008dc5400f0400848c0400028e32
:101174004000038e21104300040002ae0800038ed9
:101184002b104300edff4054010052260000028e54
:10119400e9ff0010040002ae8dc5400f0c00848ce2
:1011a4004000038e231803000c00028e211043001c
:1011b4000c0002ae0000048e2b1044000500401009
:1011c400020002240800028e211843000c0003ae22
:1011d40002000224d8ff221625880000d7ff4052bf
:0c11e40001005226d4ff0010ffff52262d
:020000040000fa
:020000041d02db
:1011f000e0ffbd271c00bfaf1800b2af1400b1afb5
:101200001000b0af258080000800918c0180023c66
:101210009088422426102202a4bc400f0b880200b2
:101220001d0040101c00bf8f34000296220002a651
:10123000000242301d00401400000000f4bb400fcb
:1012400000000000259040002000228e70bd400f5d
:101250000400518c02102272e70342246210113cf8
:10126000d34d3126190051001010000082110200e8
:10127000211052002c0002ae0100052465af400f82
:101280002520000203004010050002241a0002a6d7
:101290001c0000a61c00bf8f1800b28f1400b18f75
:1012a0001000b08f0800e0032000bd27f4bb400f02
:1012b000000000002c00038e2b104300050040109e
:1012c0002528000065af400f25200002f2ff001026
:1012d0001c00bf8ff9ff05245bb8400f25200002da
:0812e000edff00101c00bf8fa0
:020000040000fa
:020000041d02db
:1012e800d0ffbd272c00bfaf2800b3af2400b2af9a
:1012f8002000b1af1c00b0af259080000800938c8f
:101308000a007196200002241000a2af4caf400fd3
:101318001000a527400022321a0040101000b08f9c
:101328000a0070a61000628e800144302518400023
:101338000400037c0b1064000100443025184000b1
:10134800444a037c0a106400080003321700601046
:101358000400033200204234100062ae010002246f
:101368001a0042a61c0040a62c00bf8f2800b38f8d
:101378002400b28f2000b18f1c00b08f0800e0035a
:101388003000bd2725802002110031321000a28fc5
:10139800e5ff51501000628efcff05245bb8400f3a
:1013a80025204002e0ff00101000628e030060104c
:1013b80002000332e8ff00100010423403006010fe
:1013c80001001032e4ff0010008042340040433432
:0813d800e1ff00100b10700092
:020000040000fa
:020000041d02db
:1013e000e0ffbd271c00bfaf1800b2af1400b1afc3
:1013f0001000b0af259080002588a0001dcb400fc5
:101400007c80908f4018020021186200c0180300f1
:10141000231862008018030021800302f6c5400fe4
:1014200025204002560002a6580002920100032423
:101430000400627c580002a2540011a642004296a9
:101440000400627c420042a64800028e1100401453
:1014500001000524029d043cbe9e400fbc23842451
:101460000c004014480002aeb2cc400f0000000057
:101470000200422c08004054ffff3126b0cc400f40
:1014800000000000039d053ccc13a5241097400fdd
:1014900025204000ffff31260200312e08002012d7
:1014a000010003244e0002964c0002a6580002924e
:1014b0004429627ca2cc400f580002a2200002ae58
:1014c0001c00bf8f1800b28f1400b18f1000b08fb6
:0814d0000800e0032000bd2725
:020000040000fa
:020000041d02db
:1014d800d0ffbd272c00bfaf2800b5af2400b4afa4
:1014e8002000b3af1c00b2af1800b1af1400b0af0a
:1014f8002580800025a8a0002588c00025a0e00040
:101508009abb400f252000001e00001225984000bd
:1015180042000296400042301a0040102528000080
:1015280055c9400f252000021600401025904000a4
:101538000d00a012000000000000a28e0a00801218
:10154800040002ae1d002016180002ae2528600215
:101558004ebd400f25200000420002960463027c25
:101568000c000010420002a6f9ff20122528600294
:101578000000228ef6ff8012080002aef3ff001072
:101588001c0002ae252860024ebd400f2520000039
:1015980025900000251040022c00bf8f2800b58f31
:1015a8002400b48f2000b38f1c00b28f1800b18fb5
:1015b8001400b08f0800e0033000bd270000228e21
:0815c800eeff0010080002ae66
:020000040000fa
:020000041d02db
:1015d000d8ffbd272400bfaf2000b1af1c00b0afc3
:1015e0000080023c1002422430008214faff1024d2
:1015f0002e008010253840000080103c039d063ce2
:101600003ce0c62425280000485d400f252040000e
:1016100025280000445a400f10020426100210260c
:1016200036001096210000120080023c1000a0af8e
:101630008402428c04004010050005240080043c14
:1016400009f84000200384241000a5270080113ce5
:1016500071bc400f10022426100231267400228e25
:1016600004004010060005240080043c09f84000f6
:10167000200384241000a28f2a1802020a0060149a
:101680000080033c480265940400a0140400062472
:10169000232802020500a010258000000080043ce1
:1016a0005965400f10028424258000002510000297
:1016b0002400bf8f2000b18f1c00b08f0800e00312
:0416c0002800bd271a
:020000040000fa
:020000041d02db
:1016c4000800a38c2f0060100100022425380000bc
:1016d400254000002548000001000b2400e08a7c1e
:1016e4000400628c2f00430425486000040080102d
:1016f400000000000800628c2a004a54254860005b
:101704000400628cc001427c1a004054010007248a
:101714000400628cc001427cfdff40140000000004
:101724000000628c000060ac140060ac0c00c78c3c
:101734001600e0540000e3ac0c00c3ac0800c3acda
:101744000400638c8007637cf1ff6050251840001f
:10175400020020510800a2ac000022ad1300801446
:10176400010008252518400025386001dcff6014bd
:101774000000000003000015251000002b100700d6
:10178400010042240800e003000000000c00cc8c9f
:101794000400672400e0e77c140087ade8ff001034
:1017a4000c00c3acf1ff00100000638cf1ff0010cb
:0417b4000100072405
:020000040000fa
:020000041d02db
:1017b800e0ffbd271c00bfaf1800b2af1400b1afe7
:1017c8001000b0af2588a000c210050010004230fc
:1017d8000200a33007006010010042340400c53045
:1017e800080043340b1065000800c6300400433479
:1017f8000b1066004c00908c88bf033c002262ac42
:101808000291110004002332040042320100642cca
:1018180025104400b240423488bf043c102282acf8
:1018280012000524150002240a2843002eca400f7e
:10183800252000020c00052408c9400f25200002bd
:101848001200052434ca400f252000023700052461
:1018580073cb400f252000020f00052477cb400fe3
:101868002520000200403132090020121c00bf8fe1
:101878007bcb400f252000027fcb400f25200002a4
:101888000100453283cb400f252000021c00bf8f8a
:101898001800b28f1400b18f1000b08f0800e00359
:0418a8002000bd2738
:020000040000fa
:020000041d02db
:1018ac00d8ffbd272400bfaf2000b3af1c00b2afe0
:1018bc001800b1af1400b0af258880002590a000af
:1018cc002598c0001dcb400f7c80908f40180200e3
:1018dc0021186200c018030023186200801803004e
:1018ec002180030258000292010042302300401074
:1018fc002400bf8f0a0060525800029256000296d4
:10190c000900422c0500401425380000070006246d
:10191c00252820027045400f252000025800029215
:10192c004408027cc418027c010003244429627c14
:10193c00580002a2200000ae4e0002964c0002a6f7
:10194c004800048e03008010000000009994400fa2
:10195c002528000008004052560000a658000292ac
:10196c000421027c0400027c580002a24200229650
:10197c000400027c420022a62400bf8f2000b38ffb
:10198c001c00b28f1800b18f1400b08f0800e00358
:04199c002800bd273b
:020000040000fa
:020000041d02db
:1019a000e8ffbd271400bfaf1000b0af1800838c54
:1019b000030002241900621001001024ac80828f01
:1019c00030004014039d073c00008294c08082af29
:1019d00064b5e724039d063c78b5c62410000524b1
:1019e000029d043c0b75400f004b842410004014f2
:1019f00025804000b2cc400f0000000008004010dd
:101a000025100002b0cc400f00000000039d053cf3
:101a100080b5a5241097400f252040002510000216
:101a20001400bf8f1000b08f0800e0031800bd271e
:101a300025300000019d053cf00fa524caae400fe3
:101a40001f0004240d004014b48082afb2cc400fbc
:101a500025800000f2ff405025100002b0cc400f5e
:101a600000000000039d053ca4b5a5241097400f7d
:101a700025204000eaff001025100002b08080af52
:101a8000ac80828f01004224ac8082afe3ff001063
:041a9000010010241d
:020000040000fa
:020000041d02db
:101a9400e0ffbd271c00bfaf1800b1af1400b0af0a
:101aa4000700823007004010258080002510800048
:101ab4000410027c080042242b8082002a000012b9
:101ac400258040003bcb400f00000000d081828f76
:101ad400040040140080023ca70342240410027c4a
:101ae400d08182af07000056d481828fbb55400f4e
:101af4000000000042c7400f2588000015000010b8
:101b04002510200221805000586d032e050060141a
:101b14002b185000bb55400f00000000f5ff0010cb
:101b24000000000005006054d081918fbb55400f28
:101b340000000000efff00100000000021882202d6
:101b4400bb55400fd48190afeaff20120000000083
:101b5400251020021c00bf8f1800b18f1400b08f15
:101b64000800e0032000bd273bcb400f000000002d
:101b7400d081828fddff401425800000d6ff001045
:041b84000080023c9f
:020000040000fa
:020000041d02db
:101b88000000a28c0400a38cc0ffbd273800b3afaf
:101b98003400b2af3000b1af2c00b0af3c00bfafe3
:101ba800259080002580a0000800b38c2000a2affb
:101bb800030060040c00b18c4408027c2000a2af32
:101bc8002000a2271800a2af080002241400a2af28
:101bd8001000b3af0400c78c0000c68c3a73400fe6
:101be800252000022000a38f10006330040060103d
:101bf80030000424ffff422421182202000064a0c0
:101c08002000a38f08006330040060102000042423
:101c1800ffff422421182202000064a01000068e53
:101c28002000a38f25386002ffffc6241000a3af51
:101c38002330c200212822027f83400f2520400242
:101c48000400438e00016330040060103c00bf8f25
:101c58000400038e2a2043000b1064003800b38f61
:101c68003400b28f3000b18f2c00b08f0800e00331
:041c78004000bd2744
:020000040000fa
:020000041d00dd
:1000100039008010251000003c00838c36006010f1
:10002000000000004000828c1900620010180000df
:100030003100601425100000e0ffbd271c00bfaf99
:100040001800b1af1400b0af2588a0002abc400f43
:10005000258080000000048e4000058e3c00038e49
:100060000210a37021188200080003ae380000ae11
:10007000040004ae23104500211082000c0002aee3
:10008000ffff0224440002a2450002a21400201631
:10009000000000001000028e090040100000000067
:1000a000476c400f100004260500401000000000bf
:1000b000006802400001423400688240c000000035
:1000c000afb1400f00000000010002241c00bf8ff0
:1000d0001800b18f1400b08f0800e0032000bd2786
:1000e00054c7400f1000042654c7400f24000426b4
:1000f000f3ff0010000000000800e0030000000013
:020000040000fa
:020000041d02db
:101c7c00d8ffbd272400bfaf2000b3af1c00b2af0c
:101c8c001800b1af1400b0af258880002580a000eb
:101c9c002598c0002590e0000f00a4902620870016
:101cac002a050624039d053c6029a5243abf400f54
:101cbc000100842c2528000211a3400f252060026e
:101ccc0019000216140006240c001392252800009b
:101cdc00a0c6400f252000022528000262c3400f39
:101cec0084002426010002240f0002a20300022417
:101cfc0014006212000000000200022404004216cc
:101d0c002400bf8f90cc400f1000248e2400bf8f76
:101d1c002000b38f1c00b28f1800b18f1400b08f4d
:101d2c000800e0032800bd2736050624039d053c6a
:101d3c006029a5243abf400f25200000efff0010ba
:101d4c00020002242bc9400f1000248e040022969e
:0c1d5c00c418027ce8ff0010040022a65e
:020000040000fa
:020000041d02db
:101d6800d8ffbd272400bfaf2000b4af1c00b3af1d
:101d78001800b2af1400b1af1000b0af2598a000a2
:101d8800251080003400842c020080102590c000ab
:101d98003400022403004224fcff50301d00632657
:101da800f0ff7430a080848f320085262128050238
:101db8000400828c09f84000feffa5301a0040108c
:101dc800258840001800062625280000a0c6400fd8
:101dd80025204000211030020e0054a41a0083264a
:101de800120043a42f0043240418037c040043acce
:101df800f8ff71ac01000324100043a4100022aec8
:101e08000400438c02006424080044ac140024ae8f
:101e18000400127c03006012220032a61000632422
:101e2800180023ae2d0020a2251020022400bf8f09
:101e38002000b48f1c00b38f1800b28f1400b18f2c
:0c1e48001000b08f0800e0032800bd2748
:020000040000fa
:020000041d02db
:101e540036008010251000000180023c648b438c06
:101e64000c00878c13006010000000000c00628cd2
:101e74002b10e20020004014252800002548000013
:101e8400255800000c00628c2110a2002b2845006c
:101e94002150a900252840001c00688c0a00001568
:101ea400254840011c0088ac1c0064ac16000010de
:101eb400251000000c0087ac0180023c648b44ac0c
:101ec4000800e003010002240c00068d2110c2006a
:101ed4002b3046002130ca00f3ffc0541c0088acec
:101ee4000300cb142b10e200efff40541c0088ac1d
:101ef400e4ff0010251800010180023c648b44ac0f
:101f04001c0083ac010002242328e5000c0085acee
:101f14001c00838c07006010000000000c00858cfe
:101f24000c00648c232085000c0064ac0800e003e2
:0c1f3400000000000800e00300000000b6
:020000040000fa
:020000041d02db
:101f40000700a22c3600401000000000e8ffbd276b
:101f50001400bfaf1000b0af80280500029d023c06
:101f6000701f42240a28457c0800a00025808000bc
:101f70001820029d8c1f029db41f029dc81f029d48
:101f8000dc1f029df01f029d0420029d010007241a
:101f900001000624bf99400f2528000001004238a7
:101fa0000100422c1400bf8f1000b08f0800e00326
:101fb0001800bd2722c4400f000000000100423875
:101fc000f8ff00100100422c2ec4400fffff053423
:101fd00001004238f3ff00100100422c3ac4400fc8
:101fe0000000000001004238eeff00100100422c0a
:101ff0009abb400f25200000000002aee9ff001050
:10200000010002240000858c4ebd400f25200000f9
:10201000e4ff001001000224e2ff00102510000080
:082020000800e0032510000098
:020000040000fa
:020000041d02db
:10202800c8ffbd273400bfaf3000b4af2c00b3af3a
:102038002800b2af2400b1af2000b0af25808000e7
:102048002590a0002598c00025a0e0008400062463
:10205800a0c6400f252800004c00a28f780002aed1
:102068005000a28f7c0002ae080011264800a28f03
:102078001c00a2af1800b4af1400b3af1000b2af89
:10208800040007243700062425282002bd4b400ff2
:102098002520000211004014010003241c00a0aff9
:1020a8001800a0af370002241400a2af1000b1af8f
:1020b80025380000370006243f000526bd4b400f99
:1020c800252000020e0040142518400001000224bb
:1020d800000002ae040000ae800000a225106000df
:1020e8003400bf8f3000b48f2c00b38f2800b28f1c
:1020f8002400b18f2000b08f0800e0033800bd270e
:08210800f6ff001001000324a2
:020000040000fa
:020000041d02db
:102110005443502f495020537461636b3a205469e3
:10212000636b20726567697374726174696f6e2086
:102130006661696c65643a2025640d0a0000000040
:102140005443502f495020537461636b3a20496eb9
:10215000697469616c697a6174696f6e205359534f
:1021600020544d52206661696c65643a20256420d4
:102170002d2041626f7274696e6721200d0a000084
:102180005443502f495020537461636b3a20496e79
:10219000697469616c697a6174696f6e20456e64f7
:1021a0006564202d2073756363657373200d0a00c9
:1021b0005443502f495020537461636b3a20496e49
:1021c0007465726661636520496e697469616c69e2
:1021d0007a6174696f6e206661696c65643a20305b
:1021e000782578202d2041626f7274696e672120f6
:0421f0000d0a0000d4
:020000040000fa
:020000041d02db
:1021f400e0ffbd271c00bfaf1800b2af1400b1afa1
:102204001000b0af259080000ac6400f2588a000ba
:102214002580400029000012251000003c000624ff
:1022240025280000a0c6400f252020027700039235
:102234000100022408006254600002964000028eed
:10224400040022ae4400028e140022ae01000224d7
:10225400000022ae60000296240022a662000296cc
:10226400260022a64800028e280022ae76000292a2
:102274002c0022ae1800028e1400038e231043009b
:10228400300022a60400028e0000038e23104300b7
:10229400320022a6b2bf400f25200002340022a63d
:1022a40096a6400f25204002360022a6f3b8400f20
:1022b40025200002380022ae010002241c00bf8f3a
:1022c4001800b28f1400b18f1000b08f0800e00323
:0422d4002000bd2702
:020000040000fa
:020000041d02db
:1022d800840002242200a2500000e28c8500a2287b
:1022e80010004010810002240800a2500000e28c77
:1022f800820002242700a2500000e28c8000022401
:102308001000a214000000000000e28c0400432426
:102318000000e3ac0000428c000082ac1500001005
:10232800000046ac900002241a00a2500000e28c83
:102338009100a22805004010880002240f00a25036
:102348000000e28c0800e00325100000a000022431
:10235800eeffa2500000e28ce9ff0010c00002244a
:10236800040043240000e3ac0000428c000082ac6f
:10237800000046a40800e0030100022404004324ee
:102388000000e3ac0000428c000082acf9ff0010b2
:10239800000046a0040043240000e3ac0000428c87
:1023a800000082ac000046acc3370600f1ff001005
:0423b800040046ac2b
:020000040000fa
:020000041d02db
:1023bc00d0ffbd272c00bfaf2800b3af2400b2afb5
:1023cc002000b1af1c00b0af258880002598a0007c
:1023dc00039d023c5032438c1000a3af5032422478
:1023ec00040042941400a2a71400908cfac7400f6a
:1023fc002800848c1e0040102518000025904000f9
:10240c000600062425280002c6c1400f25204000e6
:10241c0006004010060006241000a527c6c1400f78
:10242c002520400212004014251800001800308ea0
:10243c0009000492110002240d00821425180000da
:10244c0021801302294b400f02000496258840007e
:10245c00294b400f000004966e8084970400911461
:10246c00251800006c808397261862000100632ced
:10247c00251060002c00bf8f2800b38f2400b28f72
:10248c002000b18f1c00b08f0800e0033000bd2786
:020000040000fa
:020000041d02db
:10249c00d8ffbd272400bfaf2000b3af1c00b2afe4
:1024ac001800b1af1400b0af259080002580a000bb
:1024bc00100085ac6c00a294140082ac180086aca1
:1024cc001c0087ac039d113c78a73126039d133c5f
:1024dc0000a77326f4ff31260800228e09f840006d
:1024ec0025204002fbff3316252800022f80400fc9
:1024fc00010004245000048e060080504c00048e11
:10250c004400028e2000428c09f8400000000000bc
:10251c004c00048e06008050500000ae4400028e29
:10252c000c00428c09f8400000000000500000ae86
:10253c004c0000ae420002968473027c8431027c13
:10254c00420002a60180023ce88b458c09c5400f75
:10255c00580004262400bf8f2000b38f1c00b28fbc
:10256c001800b18f1400b08f0800e0032800bd27bd
:020000040000fa
:020000041d02db
:10257c00d8ffbd272400bfaf2000b3af1c00b2af03
:10258c001800b1af1400b0af2598a0002588c0008a
:10259c000ac6400f2580e0001c0040502588000032
:1025ac001a00201225904000b2bf400f2520400099
:1025bc00211811022a184300020060102310500049
:1025cc00ffff51302000458e2128b0001800508e9e
:1025dc002b10050206004050238005021400428e89
:1025ec0023100202271002002128a20023800502da
:1025fc0001001026ffff10322b1011020b004014ab
:10260c00253020028dc5400f2520600225102002a8
:10261c002400bf8f2000b38f1c00b28f1800b18f25
:10262c001400b08f0800e0032800bd2725300002fd
:10263c008dc5400f25206002233030021400458eda
:10264c008dc5400f21207002f1ff001025102002d3
:020000040000fa
:020000041d02db
:10265c0082bf033c08000224002a62ac82bf023c09
:10266c0000940434182a44ac82bf023cd8000424e1
:10267c00402a44ac81bf023c0010043c140144ac21
:10268c000020043c140144ac0040043c140144ac54
:10269c000180043c648a8224200040ac280040acb9
:1026ac002c0040ac340040a03c0040a0380040acb2
:1026bc00648a80ac080040ac0c0040ac100040a018
:1026cc001c0040a0140040ac400040ac002a628cbe
:1026dc0006004230060003240e004314400003247d
:1026ec00648a8224300043ac180043ac82bf023ca5
:1026fc0000800334082a43ac81bf023c0010033c29
:10270c00180143ac0020033c180143ac0800e00363
:10271c00000000000180023c648a422480000324f3
:10272c00300043ac180043acf1ff001082bf023cf8
:020000040000fa
:020000041d02db
:10273c00e0ffbd271c00bfaf1800b2af1400b1af53
:10274c001000b0af259080002588a000a9c9400fcb
:10275c00480204241c004010258040004802062436
:10276c0025280000a0c6400f25204000000012ae16
:10277c00040011ae20000226180002ae1c0002aeae
:10278c00d800022648020426cc00038e15006054a3
:10279c00000043accc0002aed00002ae000042ac54
:1027ac00040042ac5c004224f8ff4454cc00038e7d
:1027bc00080000ae9881828f110040149881822706
:1027cc00000050ac040050ac251000021c00bf8f60
:1027dc001800b28f1400b18f1000b08f0800e00306
:1027ec002000bd27d000038e040043ac000062ac77
:1027fc00cc00038e040062aceaff0010cc0002aee9
:10280c000400438c080070acefff0010040050acc7
:020000040000fa
:020000041d02db
:10281c000080033c10026324320083142510000056
:10282c0030008010000000000080023ca802438ca5
:10283c002c00601025100000d8ffbd272400bfaf6e
:10284c002000b4af1c00b3af1800b2af1400b1af8e
:10285c001000b0af2588a0000080103c100210269c
:10286c004c00138e0bb7400f2520a0002590400084
:10287c000ab5400f9400048e25a040009c00058ee4
:10288c0027881100248825029c0011aea400038e19
:10289c002710120024104300a40002ae2528400289
:1028ac0024cc400f252060022528400227cc400f65
:1028bc00252060022528800256c5400f9400048e06
:1028cc00010002242400bf8f2000b48f1c00b38fa2
:1028dc001800b28f1400b18f1000b08f0800e00305
:0c28ec002800bd270800e00300000000e9
:020000040000fa
:020000041d02db
:1028f800d8ffbd272400bfaf2000b2af1c00b1af86
:102908001800b0af258080002588a0001dcb400f9f
:102918007c80928f4018020021186200c0180300c2
:10292800231862008018030021184302580065909c
:102938000100a2301400401000102232180040108c
:1029480025300000252800002b86400f2520000296
:10295800010002241000a2af253800002530000035
:10296800252800008e9a400f252000020200062428
:102978000100052436a6400f252000020b0005247f
:1029880034a3400f252000022400bf8f2000b28fff
:102998001c00b18f1800b08f0800e0032800bd2785
:1029a80000083132f8ff20120001a57c0100a5249f
:1029b800f884400f252000020c00052434a3400fa2
:0c29c80025200002f1ff00102400bf8f4a
:020000040000fa
:020000041d02db
:1029d400e0ffbd271c00bfaf1800b2af1400b1afb9
:1029e4001000b0af258080002588a000760082907a
:1029f4000a00422c150040102590c00076008290f9
:102a040080180200029d023c1c2a42240a10437cc6
:102a14000800400000000000502a029d502a029d38
:102a24008c2a029d8c2a029d8c2a029d8c2a029d4e
:102a3400502a029d442a029d8c2a029d8c2a029dc2
:102a44000200a2300b0040101c00bf8f0300313283
:102a54000400201201000324740002968452627c54
:102a6400740002a625284002814e400f2520000252
:102a74001c00bf8f1800b28f1400b18f1000b08fec
:102a84000800e0032000bd270000828c100082ac07
:102a94000c0082ac080082ac253000004a11400fc3
:0c2aa40014000524eaff0010030031328a
:020000040000fa
:020000041d02db
:102ab000d0ffbd272c00bfaf2800b5af2400b4afb6
:102ac0002000b3af1c00b2af1800b1af1400b0af1c
:102ad0002588800025a8a0001400828c09f84000f9
:102ae0001000948c259040000c00228e13004010a2
:102af00025800000259800000800308e0000228efe
:102b000002185072218062000000029601004230db
:102b1000140040102530a0021c00228e252800023f
:102b200009f84000252020020f0040142190540293
:102b3000000002964408027c000002a62510000254
:102b40002c00bf8f2800b58f2400b48f2000b38fd6
:102b50001c00b28f1800b18f1400b08f0800e00382
:102b60003000bd27219054020c00228e2b204202ff
:102b700023184202010073262b106202deff40146c
:0c2b80000a906400edff001025800000aa
:020000040000fa
:020000041d02db
:102b8c008003022486bf033c480162ac86bf033c31
:102b9c00300162ac86bf033c140162ac86bf023cc0
:102bac0000200324040543ac86bf023c3000032400
:102bbc00040743ac8800022486bf033c480862ac7f
:102bcc0086bf033c300862ac86bf033c140862ac81
:102bdc0086bf023c000b0324040843ac8000022493
:102bec0086bf033c480962ac86bf033c300962ac2b
:102bfc0086bf033c140962ac80bf023c300040ac81
:102c0c0099aa033c55666324300043ac6655033cdb
:102c1c00aa996334300043ac80bf033c0000648c41
:102c2c00446b047c000064ac80bf043c09000524a8
:102c3c00901485ac80bf043c04000524481685ac78
:102c4c000000648c01000524446ba47c000064ac7f
:0c2c5c00300040ac0800e0030000000065
:020000040000fa
:020000041d02db
:102c6800a8ffbd270400a1af0800a2af0c00a3afc6
:102c78001000a4af1400a5af1800a6af1c00a7afa2
:102c88002000a8af2400a9af2800aaaf2c00abaf42
:102c98003000acaf3400adaf3800aeaf3c00afafe2
:102ca8004000b8af4400b9af4800bfaf12400000c1
:102cb8004c00a8af104000005000a8af039d1a3c7c
:102cc800682a5a2700000000006804400060054098
:102cd80009f84003000000005000a88f110000010f
:102ce8004c00a88f130000010400a18f0800a28fd8
:102cf8000c00a38f1000a48f1400a58f1800a68fb6
:102d08001c00a78f2000a88f2400a98f2800aa8f55
:102d18002c00ab8f3000ac8f3400ad8f3800ae8ff5
:102d28003c00af8f4000b88f4400b98f4800bf8f78
:0c2d38005800bd27c00000001800004239
:020000040000fa
:020000041d02db
:102d4400e0ffbd271c00bfaf1800b2af1400b1af45
:102d54001000b0af258080000800918c0180023cf7
:102d64009088422426102202a4bc400f0b88020043
:102d74000d0040101c00bf8f34000296220002a6f2
:102d84002800028e0d0040140100052465af400f99
:102d94002520000203004010030002241a0002a6aa
:102da4001c0000a61c00bf8f1800b28f1400b18f46
:102db4001000b08f0800e0032000bd27f4bb400fd3
:102dc40000000000259040002000228e70bd400fbe
:102dd4000800518c02102272e70342246210113c55
:102de400d34d312619005100101000008211020049
:102df400211052002c0002ae2528000065af400fc0
:102e040025200002e7ff4010040002241a0002a655
:082e1400e4ff00101c0000a601
:020000040000fa
:020000041d02db
:102e1c00e0ffbd271c00bfaf1800b2af1400b1af6c
:102e2c001000b0af25808000030002241300a21014
:102e3c000400918c0000828c0000428c039d053ca8
:102e4c00049fa52409f84000252020020000028ed2
:102e5c000000428c039d053c2c9fa52409f84000e2
:102e6c00252020021c00bf8f1800b28f1400b18fd8
:102e7c001000b08f0800e0032000bd272590c00093
:102e8c0016a6400f0400c48c08004014029d053c9b
:102e9c000000028e0000428c58f7a52409f840006f
:102eac0025202002f0ff00101c00bf8f0800458e6b
:102ebc00aea4400f2520400009004014039d053ca2
:102ecc00039d053cec9ea5240000028e0000428c64
:102edc0009f8400025202002e3ff00101c00bf8fe2
:082eec00f9ff0010d89ea52497
:020000040000fa
:020000041d02db
:102ef400444e53204c6f6f6b75703a20444e5320f0
:102f04006661696c75726520666f722025732c206a
:102f14006572723a2025640d0a000000444e532065
:102f24004c6f6f6b75703a207265717565737420a0
:102f340074696d656f75742e0d0a00004c6f6f6bac
:102f4400757020416e737765723a0d0a2d2d2d2d03
:102f54002d2d2d2d2d2d2d2d2d2d2d2d2d2d2d2d9d
:102f64002d2d0d0a000000004e6f204c6f6f6b7505
:102f74007020656e74727920666f72205b25735db4
:102f84000d0a00005b25735d2041204950763420f2
:102f940041646472657373203a2025642e25642e7f
:102fa40025642e25640d0a005b25735d2041414193
:102fb4004120495076362041646472657373203a27
:082fc40025730d0a0000000056
:020000040000fa
:020000041d02db
:102fcc00100082903200401000000000e0ffbd278e
:102fdc001c00bfaf1800b2af1400b1af1000b0afff
:102fec002588a000258080000c009224ffff05346a
:102ffc002ec4400f25204002010003241100431071
:10300c0025282002b2cc400f000000000800401020
:10301c001c00bf8fb0cc400f00000000029d053c8f
:10302c00587da5241097400f252040001c00bf8f11
:10303c001800b28f1400b18f1000b08f0800e0039d
:10304c002000bd27fec3400f252000023ac4400fcc
:10305c002520400201000324f5ff43101c00bf8f04
:10306c00b2cc400f00000000f1ff40501c00bf8f9d
:10307c00b0cc400f00000000029d053ca47da524af
:10308c001097400f25204000e9ff00101c00bf8f57
:08309c000800e0030000000041
:020000040000fa
:020000041d02db
:1030a400a8ffbd270400a1af0800a2af0c00a3af86
:1030b4001000a4af1400a5af1800a6af1c00a7af62
:1030c4002000a8af2400a9af2800aaaf2c00abaf02
:1030d4003000acaf3400adaf3800aeaf3c00afafa2
:1030e4004000b8af4400b9af4800bfaf1240000081
:1030f4004c00a8af104000005000a8af0068044086
:1031040000600540039d023c982a422409f84000cf
:10311400000000005000a88f110000014c00a88f8f
:10312400130000010400a18f0800a28f0c00a38fdc
:103134001000a48f1400a58f1800a68f1c00a78f61
:103144002000a88f2400a98f2800aa8f2c00ab8f01
:103154003000ac8f3400ad8f3800ae8f3c00af8fa1
:103164004000b88f4400b98f4800bf8f5800bd2776
:08317400c00000001800004239
:020000040000fa
:020000041d02db
:10317c00a8ffbd270400a1af0800a2af0c00a3afad
:10318c001000a4af1400a5af1800a6af1c00a7af89
:10319c002000a8af2400a9af2800aaaf2c00abaf29
:1031ac003000acaf3400adaf3800aeaf3c00afafc9
:1031bc004000b8af4400b9af4800bfaf12400000a8
:1031cc004c00a8af104000005000a8af00680440ad
:1031dc0000600540039d023cb02a422409f84000df
:1031ec00000000005000a88f110000014c00a88fb7
:1031fc00130000010400a18f0800a28f0c00a38f04
:10320c001000a48f1400a58f1800a68f1c00a78f88
:10321c002000a88f2400a98f2800aa8f2c00ab8f28
:10322c003000ac8f3400ad8f3800ae8f3c00af8fc8
:10323c004000b88f4400b98f4800bf8f5800bd279d
:08324c00c00000001800004260
:020000040000fa
:020000041d02db
:10325400c0ffbd273800b1af3400b0af3c00bfaff2
:103264002588a0000000a5800400a010258080000f
:103274000100228209004054252800005093400f89
:10328400252000023c00bf8f231050003800b18f6e
:103294003400b08f0800e0034000bd27200006245e
:1032a400a0c6400f1000a4270100052400002282bc
:1032b4001a0040101000a4270000239201003126b8
:1032c4004211030080100200211082000000448c8f
:1032d4000418650025186400f4ff0010000043acd6
:1032e4000100422400004380e6ff6010ff006330c9
:1032f40042210300802004001000a6272120c400de
:103304000000848c0418650024186400f4ff601025
:103314003c00bf8fddff0010231050002510000279
:08332400f0ff00100100052478
:020000040000fa
:020000041d02db
:10332c00c0ffbd273800b1af3400b0af2588800096
:10333c002580a00020000624252800003c00bfaffb
:10334c00a0c6400f1000a4270000038209006010e3
:10335c0025100000010002820b004014010005241e
:10336c002510200200004480feff835001004224ff
:10337c00231051003c00bf8f3800b18f3400b08f48
:10338c000800e0034000bd27000003921000a427b2
:10339c00010010264211030080100200211082004f
:1033ac000000448c0418650025186400000043ac30
:1033bc0000000282f4ff40142510200201000524b5
:1033cc0000004380eaff60101000a627ff00633066
:1033dc0042210300802004002120c4000000848cc2
:1033ec000418650024186400e2ff6050231051009b
:0833fc00f3ff00100100422460
:020000040000fa
:020000041d02db
:10340400d8ffbd272400bfaf2000b3af1c00b2af6c
:103414001800b1af1400b0af1000918c2600201238
:103424002580a0002000b290010052320000338eab
:1034340019004012000020ae7400028e03004010f8
:103444000500052409f84000100104260800258e13
:10345400fb5e400f252000027400028e0300401022
:103464000600052409f84000100104262400028601
:103474000400248e0a20827c10002296040042302c
:10348400090040506c00028e22008294c418027c11
:1034940007000010220082a4240002860400248e67
:1034a4000a20827c6c00028e09f8400000000000b3
:1034b400deff6016258860022400bf8f2000b38fd2
:1034c4001c00b28f1800b18f1400b08f0800e00305
:0434d4002800bd27e8
:020000040000fa
:020000041d02db
:1034d800d8ffbd272400bfaf2000b1af1c00b0af9c
:1034e800258080001000a0af4400918c1c00228e23
:1034f80009f840001800848c0100032409004310d7
:103508002400bf8f2000228e09f840001800048e86
:10351800080040508400028ec2be400f25200002e1
:103528002400bf8f2000b18f1c00b08f0800e0037b
:103538002800bd2701004230160040101000a527c2
:103548003400228e09f840001800048e1000a58f60
:103558000100a53000400324008002340b106500f0
:10356800252840008800028e2528a200880005ae84
:103578008c00068eee85400f252000022000029266
:10358800010003240421627c200002a2e4ff001051
:10359800900000aec2be400f25200002e1ff0010df
:0435a8002400bf8fad
:020000040000fa
:020000041d02db
:1035ac000080033c1002632430008314faff0224d1
:1035bc00d8ffbd272400bfaf2000b4af1c00b3afb1
:1035cc001800b2af1400b1af1000b0af1f008010e4
:1035dc002588a0000300e010000000000800022471
:1035ec000000e2ac19002012251000000900d228be
:1035fc00080002240b10d20025904000130040124a
:10360c002510000025a00000039d103cd896102624
:10361c000080133c10027326240006242528000287
:10362c00b4c6400f252020020c00028e09f8400081
:10363c004c00648e240022ae010094262800312612
:10364c00f5ff541610001026251000002400bf8f23
:10365c002000b48f1c00b38f1800b28f1400b18ff0
:10366c001000b08f0800e0032800bd270800e0031d
:04367c00000000004a
:020000040000fa
:020000041d02db
:10368000e8ffbd271400bfaf1000b0afa4bc400fcf
:10369000258080000f0040101400bf8f3400029678
:1036a000200043300e006014040043302800028ed6
:1036b0000400401000100324000043ac040040aca0
:1036c000080040acf8ff05245bb8400f252000023d
:1036d0001400bf8f1000b08f0800e0031800bd2752
:1036e0000b006014000142302800028e04004010dc
:1036f000f8ff0524000040ac040040ac080040acda
:103700005bb8400f25200002f2ff00101400bf8fad
:10371000080040100f00052465af400f252000026f
:10372000ebff4010020002241a0002a6e8ff00107e
:103730001c0000a60600052465af400f25200002ee
:10374000e3ff4010050002241a0002a6e0ff00106b
:043750001c0000a6b3
:020000040000fa
:020000041d02db
:10375400e0ffbd271c00bfaf1800b1af1400b0af2d
:103764002a008014ffff10242588a0000180043c57
:10377400c0b3400f5886842424004010080025322a
:103784000500a05014004394060043941d006014e7
:103794000000000014004394060060102400432439
:1037a4002400449417008014ffff10240300001029
:1037b400010006241400432425300000080060a002
:1037c400090060a00a0060a00b0060a001000424ae
:1037d400000064a4020066a4040062ac0200042495
:1037e4000400a0100c0064ac04004494040084346d
:1037f400040044a40600449401008424060044a464
:10380400258060003ac4400f2520400025100002a6
:103814001c00bf8f1800b18f1400b08f0800e003a4
:043824002000bd279c
:020000040000fa
:020000041d02db
:10382800e0ffbd271c00bfaf1800b2af1400b1af56
:103838001000b0af100082902700401025800000d3
:103848002588a000258080000c009224ffff053405
:103858002ec4400f25204002010003240c00431011
:1038680025282002b2cc400f0000000008004010bc
:1038780025282002b0cc400f00000000029d053c26
:10388800887ea5241097400f252040002528200277
:10389800309f400f25200002258040003ac4400f89
:1038a80025204002010003240c00431025100002cb
:1038b800b2cc400f000000000800401025100002a4
:1038c800b0cc400f00000000029d053cd47ea5242a
:1038d8001097400f25204000251000021c00bf8fc4
:1038e8001800b28f1400b18f1000b08f0800e003e9
:0438f8002000bd27c8
:020000040000fa
:020000041d02db
:1038fc00a0ffbd275c00bfaf5800b3af5400b2af00
:10390c005000b1af4c00b0af258080002598a000ce
:10391c002590c000270080102588e0007db3400f63
:10392c007000848c251840001b006010f1fe0224ee
:10393c000400648c180080101000a5272800a0af8c
:10394c002c00a0af3000a0af3400a0af3800a0af67
:10395c003c00a0af4000a0af010002241000a2afb9
:10396c00060002241400a2af2400b0af1800b3afbd
:10397c001c00b2af2000b1af0400628c0800668c52
:10398c0009f840000000648c52ff03242618430001
:10399c00f1fe04240a1083005c00bf8f5800b38f23
:1039ac005400b28f5000b18f4c00b08f0800e00370
:1039bc006000bd27c0a3400f25200000daff0010d7
:0439cc00251840007a
:020000040000fa
:020000041d02db
:1039d000e0ffbd271c00bfaf1800b0af30008390e0
:1039e000020002240a0062106a010624039d053cbd
:1039f0000c1ca524e0be400f25200000251000006f
:103a00001c00bf8f1800b08f0800e0032000bd2706
:103a1000258080001000848c06008014700106242c
:103a2000039d053cefbe400f0c1ca524f4ff0010c5
:103a3000ffff02240c00028e3800428c1000a627e3
:103a400009f840001400058e2518400001000424e8
:103a5000ebff641002000224090061047c010624cb
:103a6000039d053c0c1ca524e0be400f2520000052
:103a7000feff0224140000aee1ff0010300000a29f
:103a80003100049203000324faff83142510000080
:103a90001000a28f340002a6f6ff001025100000cf
:020000040000fa
:020000041d02db
:103aa0002f008010f5ff02240800838c0180023c67
:103ab0009088422427006250020086840800e003b8
:103ac000f5ff022418008694010003242600c31485
:103ad000000000001a008394fdff633001000624fb
:103ae00021006614000000003000869002000324cc
:103af0001b00c314f7ff0224e0ffbd271c00bfaf6b
:103b00001800b1af1400b0af2588a000748e400f2c
:103b1000258080002518400009006004f7ff02247a
:103b20000200042406006410010002240400201294
:103b30002510000034000296000022a62510000087
:103b40001c00bf8f1800b18f1400b08f0800e00375
:103b50002000bd2701000324daffc310f6ff022472
:103b60000800e003000000000800e003000000007f
:020000040000fa
:020000041d02db
:103b70003100801025100000420083944000633023
:103b80002d00601000000000e0ffbd271c00bfaf4b
:103b90001800b1af1400b0af2588a0000180023c2e
:103ba0001dcb400f1c8a508cc018020021106200ef
:103bb000c0100200211002020500242e1c008010fb
:103bc0000000438c80281100029d113cdc3b312613
:103bd0000a88257e0800200200000000f03b029dbc
:103be000103c029d183c029d203c029d283c029df9
:103bf0000c00628c2400638c231043001c00bf8fd8
:103c00001800b18f1400b08f0800e0032000bd271a
:103c1000faff00100c00428cf8ff00102000428ccc
:103c2000f6ff00103400428cf4ff00102400628c78
:103c3000f2ff00100c00628c0800e003000000009e
:020000040000fa
:020000041d02db
:103c4000c8ffbd273400bfaf3000b3af2c00b2af08
:103c50002800b1af2400b0af258080002590a000df
:103c60002588c0001400a0af1000a0af0600c0104f
:103c70001800a0af7400828c0300401005000524da
:103c800009f840001401842450001326d1be400fcf
:103c90002520600212004014252840000600201252
:103ca000000000007400028e03004010060005248e
:103cb00009f8400014010426d1be400f1000a427cb
:103cc0000b0040143400bf8f3000b38f2c00b28f34
:103cd0002800b18f2400b08f0800e0033800bd2712
:103ce0003ec3400f1000a427e8ff001000000000b2
:103cf0007000038e401006242528400209f8600059
:0c3d000025204000ecff00100000000037
:020000040000fa
:020000041d02db
:103d0c002e008010f5ff02240800838c0180023cf9
:103d1c009088422426006250020087840800e00349
:103d2c00f5ff022418008794010003242500e314f6
:103d3c00000000001a008394fdff6330010007248b
:103d4c002000671400000000300083901b006014fa
:103d5c00f7ff0224e8ffbd271400bfaf1000b0af7f
:103d6c002580800001000224300082a0320085a44e
:103d7c0003000224310082a09a72400f360086a400
:103d8c002518400006006004f7ff022403000424f9
:103d9c000300641425100000300000a2010002246e
:103dac001400bf8f1000b08f0800e0031800bd276f
:103dbc0001000324dbffe310f6ff02240800e003fc
:0c3dcc00000000000800e0030000000000
:020000040000fa
:020000041d02db
:103dd800e8ffbd271400bfaf1000b0aff480828f9a
:103de80008004010000000000180033ce08b6324c1
:103df800251060001400bf8f1000b08f0800e0038a
:103e08001800bd27faffa010ffff03242580a0009b
:103e1800ec8080afe48080afe08080afe88080af46
:103e2800d88080afdc8080af0180023ce08b40ac62
:103e3800e08b4224040040ac080040ac0c0040accd
:103e4800100040ac140040ac180040ac1c0040ac62
:103e5800039d053c0018a52474ad400f25200000e3
:103e680001000224d08082af1400028e08004014a2
:103e7800cc8082afc925400f25200002dcff40100e
:103e8800ffff03240180033cd9ff0010e08b63246b
:0c3e98000180033cd6ff0010e08b632487
:020000040000fa
:020000041d02db
:103ea400e0ffbd271c00bfaf1800b1af1400b0afd6
:103eb400258080006c7c400f2588a0001b004054a6
:103ec400000043942400048e0c00038e1f0083140e
:103ed4001c00bf8f1800038e1d0060501800b18fa6
:103ee40009f8600025200002180040101c00bf8f54
:103ef400000043940100633007006010252820026d
:103f0400000043940400037c000043a42400028eb8
:103f1400ffff4224240002ae6c7c400f25200002e7
:103f24000a0040101c00bf8f00004394010063305e
:103f34000a00601401000424000043940400837cfc
:103f44004408837c000043a41c00bf8f1800b18f79
:103f54001400b08f0800e0032000bd270000439444
:0c3f64004408037cf8ff0010000043a498
:020000040000fa
:020000041d02db
:103f70003000801053ff0224e0ffbd271c00bfafbc
:103f80001800b2af1400b1af1000b0af2588c00068
:103f90002590a00025808000096a023c67e6423433
:103fa000000082ac67bb023c85ae4234040082aca8
:103fb0006e3c023c72f34234080082ac4fa5023cd6
:103fc0003af542340c0082ac0e51023c7f5242243e
:103fd000100082ac059b023c8c684224140082ac29
:103fe000831f023cabd94234180082ace05b023c38
:103ff00019cd42341c0082ac600080ac640080acff
:10400000680080acc6cc400f780080ac6c0012ae6b
:10401000700011ae740000ae251000001c00bf8fb0
:104020001800b28f1400b18f1000b08f0800e003a9
:0c4030002000bd270800e0030000000095
:020000040000fa
:020000041d02db
:10403c00d8ffbd272400bfaf2000b4af1c00b3af26
:10404c001800b2af1400b1af1000b0af25908000d3
:10405c002580a0002598c0000180023c1dcb400f9c
:10406c001c8a518c000004964000833010006014b0
:10407c0003001424c018020021186200c0180300a9
:10408c008000843017008014218823020400052648
:10409c000a8e400f2c002426010014241800272619
:1040ac0025306002800005247cab400f25200002e7
:1040bc00253880021000062608000526ab95400f17
:1040cc00252040022400bf8f2000b48f1c00b38f2a
:1040dc001800b28f1400b18f1000b08f0800e003ed
:1040ec002800bd27040005260a8e400f1800242640
:0840fc00eaff00100200142489
:020000040000fa
:020000041d02db
:10410400100082902e004010ffff0534e0ffbd2711
:104114001c00bfaf1800b1af1400b0af2580800001
:104124000c0091242ec4400f2520200201000324fa
:104134000b00431000000000b2cc400f0000000050
:104144000700401000000000b0cc400f0000000049
:10415400029d053c207fa5241097400f2520400098
:104164001bc0400f25200002fdff4014000000008a
:104174003ac4400f25202002010003240c00431000
:104184001c00bf8fb2cc400f00000000080040109c
:104194001c00bf8fb0cc400f00000000029d053c06
:1041a4006c7fa5241097400f252040001c00bf8f72
:1041b4001800b18f1400b08f0800e0032000bd2761
:0841c4000800e0030000000008
:020000040000fa
:020000041d02db
:1041cc000180023c9c8b43942d0060102510000054
:1041dc00e0ffbd271c00bfaf1800b1af1400b0af9b
:1041ec00230080102588a000c2c3400f00000000ef
:1041fc002518400019006010251000006c00629416
:10420c0001001024048050009abb400f25200000b0
:10421c0005002012010003240200243a0b886400dc
:10422c000180033ca08b71ac0180033c988b632410
:10423c000c00648c258090000c0070ac252840008c
:10424c004ebd400f25200000030006240800052465
:10425c00d3ab400f25200000010002241c00bf8faf
:10426c001800b18f1400b08f0800e0032000bd27a8
:10427c000100102404807000e3ff0010ffff1026e3
:08428c000800e003000000003f
:020000040000fa
:020000041d02db
:1042940082bf043c102a838c0e0063300180023cf0
:1042a400648a4224400043ac102a828c0e004230bf
:1042b400180040100180023c102a828c0200423017
:1042c4000300401082bf023c02000324142a43acc2
:1042d40082bf023c102a428c010042300700401089
:1042e40082bf033c82bf043c302a828c102a628c39
:1042f40001004230fcff40140000000081bf023c7a
:104304000010033c940043ac0020033c940043acf5
:104314000180023c648a42242000428c0c0040103c
:1043240000000000e8ffbd271400bfaf0180023c7d
:10433400648a42242400458c2000428c09f8400001
:10434400020004241400bf8f0800e0031800bd27f6
:084354000800e0030000000076
:020000040000fa
:020000041d02db
:10435c000180063c7c8dca8c2b004011251000007e
:10436c002518400125380000254000000000658c10
:10437c000800a4141000698c0200e0507c8dc9acbc
:10438c001000e9ac0800e00310006224f7ff0010f5
:10439c00251820012b588500070060110000000033
:1043ac001b0040502540e00000004b8c2b28ab003c
:1043bc000b40e5000b106500f4ff2015253860005c
:1043cc0011004010000000000000438c1000458cd0
:1043dc00231864001100692c0700201510004724d5
:1043ec00000044acf0ff63242120e400100085acf5
:1043fc00000083ac2528800002004255100005ad5a
:10440c007c8dc5ac2510e0000800e0030000000026
:08441c00e9ff0010251060000b
:020000040000fa
:020000041d02db
:104424002c008010f5ff02240800838c0180023cdc
:104434009088422424006250020088840800e0032b
:10444400f5ff0224180088940100032423000315b7
:10445400000000001a008394fdff6330010008246b
:104464001e006814000000003000839019006014de
:10447400f7ff0224e8ffbd271400bfaf1000b0af60
:104484002580800001000224300082a0320085a42f
:10449400310082a0340086a49a72400f360087a4ab
:1044a4002518400004006004f7ff0224030062386a
:1044b4000100422c300000a21400bf8f1000b08f06
:1044c4000800e0031800bd2701000324ddff0311e9
:1044d400f6ff02240800e003000000000800e003e7
:0444e40000000000d4
:020000040000fa
:020000041d02db
:1044e800e8ffbd271400bfaf1000b0af1c008294d6
:1044f80008004010258080000100032410004310ac
:10450800000000005bb8400ff7ff05240900001009
:104518001400bf8f65af400f25280000040040102d
:10452800020002241a0002a6010002241c0002a6ae
:104538001400bf8f1000b08f0800e0031800bd27db
:10454800a4bc400f00000000faff40101400bf8f09
:10455800340002860f00410425280000f4bb400ff8
:10456800000000002c00038e2b10430004004010b4
:10457800020002241a0002a6edff00101c0000a68b
:10458800ffff05245bb8400f25200002e9ff00105b
:104598001400bf8f5bb8400f25200002e5ff001014
:0445a8001400bf8fad
:020000040000fa
:020000041d02db
:1045ac00e0ffbd271c00bfaf1800b2af1400b1afc5
:1045bc001000b0af2588a0000c00b28c1dcb400fb2
:1045cc007c80908f4018020021186200c0180300f4
:1045dc002318620080100300211802020400022438
:1045ec000b0042520400248e0700022407004212e2
:1045fc000300042415004416251000005400659493
:10460c00020004241200a4101c00bf8f0400248e8e
:10461c000600842c0d008014ffff02240000258e60
:10462c00360002240000a2a0040002240100a2a073
:10463c000200a42424006224030043880000439851
:10464c000500a3a8000083b8060002241c00bf8f3d
:10465c001800b28f1400b18f1000b08f0800e00367
:04466c002000bd2746
:020000040000fa
:020000041d02db
:10467000d8ffbd272400bfaf2000b3af1c00b2afee
:104680001800b1af1400b0af4481908f1f0000122a
:1046900025880000250080102588a0004200829413
:1046a000c418027c420082a40400028e010044501f
:1046b000040000ae0800028e01004450080000ae65
:1046c00012002052010011240000138e100060120d
:1046d000251020020c00628e0c0040102590000076
:1046e000252840021ec6400f2520600225284000d4
:1046f000b2b4400f25200002010052260c00628e49
:104700002b104202f7ff40142528400225102002fa
:104710002400bf8f2000b38f1c00b28f1800b18f10
:104720001400b08f0800e0032800bd27f7ff001039
:0447300025880000d8
:020000040000fa
:020000041d02db
:10473400e0ffbd271c00bfaf1800b1af1400b0af3d
:104744001000829025004010258000002580800004
:104754000c009124ffff05342ec4400f25202002b5
:10476400010003240b00431000000000b2cc400ff2
:10477400000000000700401000000000b0cc400f13
:1047840000000000029d053cf07da5241097400f19
:10479400252040001bc0400f25200002258040003a
:1047a4003ac4400f25202002010003240c004310ca
:1047b40025100002b2cc400f000000000800401099
:1047c40025100002b0cc400f00000000029d053c03
:1047d4003c7ea5241097400f2520400025100002a0
:1047e4001c00bf8f1800b18f1400b08f0800e003c5
:0447f4002000bd27bd
:020000040000fa
:020000041d02db
:1047f800e8ffbd271400bfaf9abb400f252000007b
:1048080025284000bc81828f1b004014010003242e
:1048180002000224bc8182af4ebd400f252000005b
:10482800c48180af01000724010006242528000068
:10483800bf99400fc0818427010003241700435407
:10484800bc8180af0180043ca6c4400f148384243b
:104858000f004004000000000180023c1483422441
:10486800c48182af01000224bc8182af1400bf8fd3
:104878000800e0031800bd270a00431000000000ec
:104888004ebd400f25200000f8ff00102510000045
:1048980022c4400fc0818427bc8180aff3ff001081
:1048a800251000004ebd400f25200000eeff00102f
:0448b80001000224d5
:020000040000fa
:020000041d02db
:1048bc00a8ffbd275400bfaf5000b2af4c00b1af42
:1048cc004800b0af258080002590a0002500801006
:1048dc002588c0007db3400f1400848c251840003f
:1048ec001a006010f1fe02240400648c1700801082
:1048fc001000a5272000a0af2400a0af2800a0af77
:10490c002c00a0af3000a0af3400a0af3800a0af97
:10491c003c00a0af4000a0af040002241000a2afe6
:10492c001400b0af1800b2af1c00b1af0400628c21
:10493c000800668c09f840000000648c52ff0324c8
:10494c0026184300f1fe04240a1083005400bf8f84
:10495c005000b28f4c00b18f4800b08f0800e003bc
:10496c005800bd27c0a3400f25200000dcff00101d
:04497c0025184000ba
:020000040000fa
:020000041d02db
:10498000e0ffbd271c00bfaf1800b1af1400b0afef
:10499000258880000e00a290010003240b00431024
:1049a0002580a000020003241b004310f20306240c
:1049b000039d053ce82ba5243abf400f25200000ad
:1049c000070002240f0000100e0002a224c9400fad
:1049d0001000848c0c0040141c00bf8f040006964d
:1049e00006000596b0ba400f1000248e0d0002920a
:1049f0000100423002000424060003240a18820049
:104a00000e0003a21c00bf8f1800b18f1400b08fde
:104a10000800e0032000bd2724c9400f1000848c4b
:104a2000f9ff40141c00bf8fe8c4400f1000248e13
:104a3000080002ae06000224f2ff00100e0002a2df
:020000040000fa
:020000041d02db
:104a4000d8ffbd272400bfaf2000b3af1c00b2af1a
:104a50001800b1af1400b0af0200a5280e00a010de
:104a60000400928c0000828c0000428c039d053c67
:104a700064eba52409f84000252040022400bf8fe4
:104a80002000b38f1c00b28f1800b18f1400b08fbc
:104a90000800e0032800bd27258880000ba9400fef
:104aa0000400c48c13004010039d103c039d103c77
:104ab00058eb102602001324ecc5400f25200000ff
:104ac000252860027390400f252040000000238eaf
:104ad0000400638c2538400025300002039d053c0e
:104ae0007ceba52409f8600025204002e4ff0010bb
:104af0002400bf8f50eb1026efff0010010013249d
:020000040000fa
:020000041d02db
:104b0000084d019d50d1009d104d019d2c4d019de2
:104b100014a7019d344d019df4b7019d08c9009d66
:104b2000504d019d684d019d14e2019d704d019d08
:104b3000844d019d489e019d8c4d019da04d019d80
:104b40009065019da84d019dc44d019d30f8019dca
:104b5000cc4d019de44d019d1c2e029dec4d019d0f
:104b6000084e019dccdf019d104e019d244e019dfc
:104b70009818019d284e019d484e019df04e019dc3
:104b8000504e019d644e019db446019d704e019da5
:104b9000844e019d30cd009d884e019d984e019d13
:104ba0000c4e009da04e019db84e019de412019d4a
:104bb000c04e019dd84e019d404a029de44e019d8c
:020000040000fa
:020000041d02db
:104bc0002d00a010fbff02240000a38c2a0060101f
:104bd0000000000028008010faff022442008394a5
:104be000400063302400601000000000e0ffbd279b
:104bf0001c00bfaf1800b2af1400b1af1000b0afcf
:104c00002580a000259080000180023c1dcb400f34
:104c10001c8a518cc018020021106200c0100200d2
:104c20002188220225280002ac8a400f0000248e31
:104c3000258040000a000012ffff02242528000200
:104c4000feae400f25202002feff07242530000085
:104c500008000526ab95400f2520400225100000d6
:104c60001c00bf8f1800b28f1400b18f1000b08fde
:104c70000800e0032000bd270800e003000000005a
:020000040000fa
:020000041d02db
:104c8000e0ffbd271c00bfaf1800b2af1400b1afea
:104c90001000b0af2588a000dac9400f2590c000f1
:104ca0004018020021186200c018030007cc400f12
:104cb000212062001e004016251000001c00bf8f3e
:104cc0001800b28f1400b18f1000b08f0800e003fd
:104cd0002000bd2778c7400f0000000021183002d7
:104ce000000062a0c31f1000421f03002110030236
:104cf00007004230f9ff4224090043540100102606
:104d0000dac9400f000000004018020021186200bc
:104d1000c018030007cc400f2120620001001026bc
:104d2000ecff121625100000e5ff00101c00bf8fdd
:104d300078c7400f25800000f8ff0010000022a275
:020000040000fa
:020000041d02db
:104d4000e8ffbd27ff00a5301000b0af1400bfafd3
:104d50000f00a014258080009ac4400f00000000be
:104d6000218002021400bf8f251000021000b08fb6
:104d70000800e0031800bd2700000282f9ff401080
:104d8000ff004230f8ff45101400bf8f01001026cd
:104d900003000232f8ff40140101043c01018424a5
:104da0000220a470fefe073c8080083cfffee73432
:104db000808008350000038e2630640021106700d3
:104dc00027180300241043002118c70027300600cd
:104dd000243066002510460024104800f5ff40509e
:104de0000400102600000282deff4010ff00423067
:104df000ddff45101400bf8ffaff001001001026e0
:020000040000fa
:020000041d02db
:104e000070ffbd278400b2af8000b1af7c00b0afaf
:104e10002588a000258080002590c000252800005e
:104e20004c0006242400a4278800b3af8c00bfaf39
:104e3000a0c6400f2598e000ffff02241000a2af9b
:104e400002010224020000161400a2af7000b02775
:104e50001800b0af1c00b1af0200201225100000f6
:104e6000ffff22260c0021062000a2af0180023c99
:104e70004f000324848d43acffff02248c00bf8fbe
:104e80008800b38f8400b28f8000b18f7c00b08f18
:104e90000800e0039000bd2701002056000000a29a
:104ea00025306002252840021000a4272800b0af5a
:104eb00057c0400f2400b0aff1ff00108c00bf8f2f
:020000040000fa
:020000041d02db
:104ec000e0ffbd271c00bfaf1800b1af1400b0afaa
:104ed00070808487ffff0224060082107c80908f00
:104ee0002cb9400f00000000ffff0224708082a751
:104ef0007c80908f110000127880828f0a00401809
:104f0000258800004800048e03008010010031262f
:104f1000d4bd400f000000007880828f2a1022024a
:104f2000f8ff40145c0010266480848f0c00828c93
:104f300009f840007c80858f7c8080af6480858ffd
:104f40000180043c09c5400f888c84246880848fcc
:104f500005008050788080afcec3400f0000000075
:104f6000688080af788080af1c00bf8f1800b18f41
:0c4f70001400b08f0800e0032000bd27f3
:020000040000fa
:020000041d02db
:104f7c0000800340c011637c0100072429006714e2
:104f8c0001800240402e437c00108040001880407d
:104f9c000028804000308040252000000080043c28
:104fac000000834000508440c0000000020000421a
:104fbc0000408420ffff6320f9ff60140000000014
:104fcc00c0bf043c7806843400308440c0bf053c2c
:104fdc007006a524c0bf063cd006c62425380000a8
:104fec001000a610ff01093c00e02935002889407b
:104ffc00000087400000a88c0400a98c0800aa8c33
:10500c000010894000188a4000508840c000000001
:10501c00020000420c00a5200100e720f0ff001068
:0c502c00000000000800e003000000008d
:020000040000fa
:020000041d02db
:105038000000a28c0400a38cc0ffbd273800b3afca
:105048003400b2af3000b1af2c00b0af3c00bfaffe
:10505800258880002580a0000800b28c2000a2af1f
:10506800030060040c00b38c4408027c2000a2af4b
:105078002000a2271800a2af0a0002241400a2af41
:105088001000b2af0400c78c0000c68c3a73400f02
:10509800252000021000068e2000a38f253840022c
:1050a800ffffc6241000a3af2330c20021286202ec
:1050b8007f83400f252020020400238e00016330e7
:1050c800040060103c00bf8f0400038e2a204300b8
:1050d8000b1064003800b38f3400b28f3000b18fea
:0c50e8002c00b08f0800e0034000bd2742
:020000040000fa
:020000041d02db
:1050f400e0ffbd271c00bfaf1800b2af1400b1af72
:105104001000b0af2588a0000c00b28c1dcb400f5e
:105114007c80908f4018020021186200c0180300a0
:10512400231862008010030021180202fdff4226aa
:105134000200422c06004014010004241500441609
:105144001c00bf8f2c00648c130080101800b28fd9
:105154000400248e0600842c0d008014ffff02241a
:105164000000258e320002240000a2a004000224c4
:105174000100a2a00200a4242c006224030043889e
:10518400000043980500a3a8000083b80600022489
:105194001c00bf8f1800b28f1400b18f1000b08fa5
:0851a4000800e0032000bd2714
:020000040000fa
:020000041d02db
:1051ac00050080102510000042008294400042301f
:1051bc0020004014000000000800e0030000000084
:1051cc001dcb400f25808000401802002118620082
:1051dc00c018030023186200801803002118230252
:1051ec0058006390010063300d0060100100022430
:1051fc0001000624010005242b86400f2520000207
:10520c00030006240100052436a6400f25200002c9
:10521c000d00052434a3400f2520000201000224b8
:10522c001c00bf8f1800b18f1400b08f0800e00372
:10523c002000bd27e0ffbd271c00bfaf1800b1af99
:10524c001400b0af7c80918fddff201600000000b1
:08525c00f3ff00102510000013
:020000040000fa
:020000041d02db
:10526400e0ffbd271c00bfaf1800b2af1400b1af00
:105274001000b0af258080002590a0000180113c73
:105284002cc1400f9c8c24269c8c228e1300401031
:105294002588000008005050080002920000428c4b
:1052a4000e00401025880000fdff02560000428ccd
:1052b4002580400008000292080052102588000052
:1052c40010004012000000008480828f01004224fc
:1052d400848082af080012a2010011240180043ce2
:1052e4003ac1400f9c8c8424251020021c00bf8fdf
:1052f4001800b28f1400b18f1000b08f0800e003c3
:105304002000bd278480828fffff4224848082afe7
:08531400f1ff0010080012a2d5
:020000040000fa
:020000041d02db
:10531c002b00801001000224e0ffbd271c00bfaf52
:10532c001800b2af1400b1af1000b0af2590c000a0
:10533c002580a00097b2400f2588800018004050af
:10534c00010002241600405a251000000000048eb3
:10535c00140024121c00bf8f04000626ffff052436
:10536c0025180000020080140000a4280b286400fb
:10537c0001006324070043560400c6240800a2045d
:10538c0025100000802805002128050204000010cb
:10539c000000b1acfcffc48cf2ff911400000000c3
:1053ac001c00bf8f1800b28f1400b18f1000b08f8b
:1053bc000800e0032000bd27f9ff001025100000b5
:0853cc000800e00300000000ee
:020000040000fa
:020000041d02db
:1053d400d8fbbd272404bfaf2004b1af1c04b0af79
:1053e4003004a6af3404a7af3004a7271004a7af36
:1053f4002530a000000405248093400f1000a4274a
:1054040025884000ffff4224ff03422c190040106e
:105414002110b103100040a09481828f2110220238
:105424000004422c01004050948180af0080103c65
:10543400007910269481828f218002021000a52712
:10544400aac6400f252000022528000272c1400f81
:10545400252000000300223202004010040003242f
:1054640023106200211051009481838f2110620067
:10547400948182af2404bf8f2004b18f1c04b08fa9
:085484000800e0032804bd2725
:020000040000fa
:020000041d02db
:10548c0078ffbd278000b2af7c00b1af7800b0af21
:10549c008400bfaf258080002588a0002590c00027
:1054ac001c00a0af5400a4af2000a4af04008004e3
:1054bc00ffff0224ff7f023cffff423421108200d9
:1054cc00252800001800a427aec5400f5800a2af35
:1054dc009800a28f9c00a38f252840021800a427b7
:1054ec001000a2af1400a3af7a17400f01000624de
:1054fc002520400008002012252860005800a28fab
:10550c005400a38f231862006c00a28f2118620034
:10551c0021800302000030ae8400bf8f2510800074
:10552c002518a0008000b28f7c00b18f7800b08f5e
:08553c000800e0038800bd2710
:020000040000fa
:020000041d02db
:10554400e0ffbd271c00bfaf1800b1af1400b0af1f
:105554000e00a290010003240b0043102580a0003c
:10556400020003241d00431013040624039d053c7c
:10557400fc2ba5243abf400f25200000070002247d
:10558400110000100e0002a22588800024c9400fdb
:105594001000848c0d0040141c00bf8f0800079677
:1055a4000400069606000596ecb3400f1000248e06
:1055b4000d0002920100423002000424060003247c
:1055c4000a1882000e0003a21c00bf8f1800b18fbe
:1055d4001400b08f0800e0032000bd2724c9400f49
:1055e4001000848cf8ff401406000224f6ff00101b
:0455f4000e0002a201
:020000040000fa
:020000041d02db
:1055f800e0ffbd271c00bfaf1800b1af1400b0af6b
:10560800258080002588c0002200a3940800633408
:105618002200a3a41000a48c0c008394f2ff63243e
:105628000c0083a42800b0ac253000003c9d400f3e
:1056380001000424170020121c00bf8f9abb400fe2
:10564800010004246e000396100063346e0003a664
:10565800ec80838f01006324ec8083af0080033cdf
:10566800007d63241800649401008434180064a445
:10567800252840004ebd400f0100042425300000bd
:10568800010005240080043ce4bd400f107d842403
:105698001c00bf8f1800b18f1400b08f0800e00302
:0456a8002000bd27fa
:020000040000fa
:020000041d02db
:1056ac00d0ffbd272c00bfaf2800b4af2400b3af90
:1056bc002000b2af1c00b1af1800b0af258880003d
:1056cc0025a0a0002598c0002590e0000180043c96
:1056dc002cc1400f388a84240180023c388a508cbb
:1056ec00120000520180043c0c00028e0400405059
:1056fc000800028e0a0051540000108e0800028e21
:10570c001000a2af0400028e253840022530600242
:10571c002528800209f84000252020020000108e68
:10572c00f2ff00560c00028e0180043c3ac1400f7f
:10573c00388a84242c00bf8f2800b48f2400b38fa8
:10574c002000b28f1c00b18f1800b08f0800e0034e
:04575c003000bd2735
:020000040000fa
:020000041d02db
:10576000d8ffbd272400bfaf2000b3af1c00b2afed
:105770001800b1af1400b0af0000918c18002012d7
:10578000258080000c00228e15004010259000001e
:10579000252840021ec6400f2520200225984000e3
:1057a00025284000f2c3400f252020021000048e5f
:1057b0000c00828c09f840000400658e300006243d
:1057c00025280000a0c6400f2520600201005226b7
:1057d0000c00228e2b104202eeff401425284002be
:1057e0001000048e0c00828c09f840000000058e29
:1057f000000000ae260000a62400bf8f2000b38f5b
:105800001c00b28f1800b18f1400b08f0800e003a5
:045810002800bd2788
:020000040000fa
:020000041d02db
:1058140080bf023c300040ac99aa033c5566632427
:10582400300043ac6655033caa996334300043ac62
:1058340080bf033c0000648c0463047c000064acff
:1058440080bf043c01100524400085ac80bf043cab
:1058540003000524500085ac80bf053cff01043cd7
:10586400ff0184246000a4ac80bf043cfe01052435
:10587400700085ac80bf053c1f30043c1f3f84246e
:105884008000a4ac80bf053c8300043c0100842458
:105894009000a4ac80bf043c5000053ca00085ac43
:1058a4000000648c010005240463a47c000064ac43
:1058b4003333033c33336324300043ac0800e00348
:0458c40000000000e0
:020000040000fa
:020000041d02db
:1058c8005000828ce8ffbd271000b0af1400bfafb6
:1058d8000b004010258080005400838c2a10620041
:1058e80007004014000000004c0000aeffff022437
:1058f8001400bf8f1000b08f0800e0031800bd2708
:10590800f6b6400f25200002f8ff42044c0000ae16
:105918004000038e5000048e3c00058e0900801064
:10592800253060005400068e233865002320860049
:105938002a38e4000300e01425306000ffff8424c7
:105948002130a400060060104c0006ae5400048efe
:10595800231865000100632421188300540003ae56
:10596800ffffa390e2ff6254ffffa2a0e1ff001037
:045978001400bf8fc9
:020000040000fa
:020000041d02db
:10597c00f8ffbd270800acf70c00a38f0055627c24
:10598c0033044428150080100800a0d70010804470
:10599c000010e04432602246100001450000000077
:1059ac00039d043c0f006104482b84d40160244601
:1059bc000000244601002c46ff0342280e00401034
:1059cc000800a1d70000a0f714006004039d023c5e
:1059dc000800a0af0c00a0af0800a0d70800e0039f
:1059ec000800bd270800a1d700002446010024466a
:1059fc00f1ff0010010021463c11204640082046d2
:105a0c00f5ff04450800a1f7039d023c502b40d440
:105a1c0001082046f0ff00100800a0f7fdff001061
:045a2c00402b40d4f7
:020000040000fa
:020000041d02db
:105a3000e8ffbd271400bfaf1000b0af2000829078
:105a4000200042300c00401425808000f4bb400f41
:105a5000000000007c00038e231043008000038eb2
:105a60002b1043000c00401401000324200002927c
:105a70004429627c200002a22000029208004230e9
:105a80000900401401000324200002920421627cda
:105a9000200002a2900000ae1400bf8f1000b08f53
:105aa0000800e0031800bd274400028e3800428c35
:105ab000253000002528000009f840001800048e59
:105ac0000500410403000224c2be400f252000024d
:105ad000f2ff00101400bf8fefff0010900002ae25
:020000040000fa
:020000041d02db
:105ae000e0ffbd271c00bfaf1800b1af1400b0af7e
:105af0000e00a290010003240e0043102580a00098
:105b0000201c027c1a006010fcff4224ff0042307f
:105b10000200422c160040100800a524f6b1400fe8
:105b20001000848c0d004010050002240b000010b2
:105b30000e0002a22588800024c9400f1000848c2a
:105b4000070040141c00bf8f04000696060005964f
:105b5000fab5400f1000248e0e0002a21c00bf8f69
:105b60001800b18f1400b08f0800e0032000bd279b
:105b700030040624039d053c102ca5243abf400f99
:105b80002520000007000224f4ff00100e0002a2ee
:020000040000fa
:020000041d02db
:105b90000180023c648a42242c00438c2800498cfa
:105ba0001c00a0102510a00023006950251820011a
:105bb000254080002510000082bf0c3c06000b240d
:105bc0000180073c1088e72401800a3c648a4a254a
:105bd000002a868d0600c6301300cb144030030027
:105be0008a69e67c00000da10100c6248a31e67caa
:105bf000010006a1010063243000468d2b306600b1
:105c0000010042240300a2100a180600f0ff231529
:105c1000020008250180043c648a84242c0083aca3
:105c20000800e003000000008a69e37c2130820064
:105c3000f0ff00100000cda0f6ff001025100000be
:020000040000fa
:020000041d02db
:105c4000e0ffbd271c00bfaf1800b0af2800a6af13
:105c5000230080142c00a7af0180023c588d428c99
:105c60001f0040100180023c5c8d428c1c004010e3
:105c70002580a000ffff053446c4400fa081842783
:105c8000170040102800a7271000a7af25300002fa
:105c9000c80005240180043c8093400f1c848424a8
:105ca000ffff4324c700632c0b0060100180053cfc
:105cb0001c84a52421184500000060a00180033c3d
:105cc000588d63240400648c1800878c25304000b4
:105cd00009f8e0000800648c52c4400fa0818427ba
:105ce0001c00bf8f1800b08f0800e0032000bd2704
:020000040000fa
:020000041d02db
:105cf000e0ffbd271c00bfaf1800b2af1400b1af6a
:105d00001000b0af0180113c308b31260400228e90
:105d10001800428c09f8400025908000140022ae43
:105d20001400308e1000228e23800202b5ac400f8a
:105d300025200002ccc9400f000000002800288e5a
:105d40002c00298e213008022b80d0002128090246
:105d5000280026ae2c0025aed3c9400f25204000d8
:105d60009587400f25204002080040101c00bf8f7f
:105d7000ccc9400f000000000a69400f2580400098
:105d8000d3c9400f252000021c00bf8f1800b28f1e
:105d90001400b18f1000b08f0800e0032000bd2771
:020000040000fa
:020000041d02db
:105da000d8ffbd272000b1af0080113c9c03228e9c
:105db0001c00b0af2400bfaf0e0040102580800053
:105dc000a3bd400f000000001000a42748c0400ff2
:105dd0001000a2af0f0042241000a58f0418027c0f
:105de000d2c6400f252040000c0040102400bf8f79
:105df0009c0320ae01000052010010240f00102669
:105e00000418107c090000160180023c0c000324d9
:105e1000848d43ac251000002400bf8f2000b18f7b
:105e20001c00b08f0800e0032800bd270400022eec
:105e3000040003240b806200d790400f252000024d
:105e4000f5ff4054fcff50acf4ff00102400bf8f5e
:020000040000fa
:020000041d02db
:105e5000e0ffbd271400b0af0180103cd48b028e50
:105e60001800b1af1c00bfaf0f00401425888000a0
:105e70005670400f00000000d48b028e0b004014bf
:105e8000000000000180023c0c000324848d43ac20
:105e9000ffff02241c00bf8f1800b18f1400b08fc9
:105ea0000800e0032000bd27d48b028e0a00201ad0
:105eb000211851002b206200f2ff80140180043c65
:105ec000d88b848c2b208300efff80540180023c10
:105ed000f0ff0010d48b03ae2b204300050080148c
:105ee0000180043cdc8b848c2b206400e9ff805013
:105ef000d48b03ae0180023ce4ff001016000324a3
:020000040000fa
:020000041d02db
:105f00002800a104feff02240001838c0800628c9b
:105f10000c00648c060044540000448c0c0060acff
:105f200004004014080060ac0800e00303000224f1
:105f3000080064ac00e0a37c080043ac0034060019
:105f40008001c634040046ac422f0500040003243f
:105f50000600a354000040ac0400438c010004245c
:105f60008452837c040043ac000040ac140040ac7d
:105f70000c00e38c05006054000062ac0c00e2ac45
:105f80000800e2ac0800e003251000000c00e48cdf
:105f90000400432400e0637c140083ac0c00e2acfa
:0c5fa000251000000800e00300000000d5
:020000040000fa
:020000041d02db
:105fac00e0ffbd271c00bfaf1800b2af1400b1afab
:105fbc001000b0af1c008010258080000000828c87
:105fcc00190040502580000045cc400f0000000017
:105fdc002590400002004228100040142588000043
:105fec00ecc5400f25202002c2c3400f25204000e5
:105ffc0008004010010031260000038e0400448c80
:10600c00261864000800448c2418640006006050b4
:10601c0025804000f2ff51160000000045ac400ff7
:10602c000100042425804000251000021c00bf8fb5
:10603c001800b28f1400b18f1000b08f0800e0036d
:0c604c002000bd27f8ff00102580400058
:020000040000fa
:020000041d02db
:10605800d8ffbd272400bfaf2000b4af1c00b3afea
:106068001800b2af1400b1af1000b0af259880008f
:106078002580a0002590c00025a0e0002cc1400f7d
:106088002520a00010004010258840002528600227
:10609800309f400f2520000214004010000000002f
:1060a800030080120000000009f88002252040004b
:1060b8003ac1400f252000020c00428e25286002bc
:1060c80009f8400025204002251020022400bf8f37
:1060d8002000b48f1c00b38f1800b28f1400b18f4a
:1060e8001000b08f0800e0032800bd273ac1400f18
:0c60f80025200002f4ff001025880000a5
:020000040000fa
:020000041d02db
:10610400e0ffbd271c00bfaf1800b2af1400b1af51
:106114001000b0af1c00a010258000002590a00046
:106124001900c0102580c00014c6400f00000000f4
:106134001c004010258840001ec1400f252040004f
:1061440011004050258000000800248e0400228e97
:106154002310440025184000ffff42302b10020298
:106164000100405425180002ffff703006000012a1
:10617400253000028dc5400f252840020800228edc
:1061840021105000080022ae251000021c00bf8f11
:106194001800b28f1400b18f1000b08f0800e00314
:0c61a4002000bd27f8ff0010258000003f
:020000040000fa
:020000041d02db
:1061b000d8ffbd272400bfaf2000b3af1c00b2af93
:1061c0001800b1af1400b0af258080000f0080a090
:1061d00025908000258800000f00132420ca400f5e
:1061e00000004492ff00423016004014000042a21a
:1061f0000f00222e0d0040102400bf8f2118110225
:1062000001001026218011020e0002242388510073
:10621000ff0031322180110220000224000062a020
:1062200001006324fdff70142400bf8f2000b38f92
:106230001c00b28f1800b18f1400b08f0800e0036b
:106240002800bd2701003126ff003132e3ff33165d
:0c62500001005226f5ff00102400bf8f53
:020000040000fa
:020000041d02db
:10625c00e0ffbd271c00bfaf1800b1af1400b0affa
:10626c008fad400f258080001a00401001001124d2
:10627c0016a7400f25200002140040102580400076
:10628c000100429011004014258800000c00028e81
:10629c00040040140180023c0800028e0c0002ae87
:1062ac000180023c608b4290100040140000000002
:1062bc003c97400f25200002180000a2190000a2f4
:1062cc0001000224010002a225880000e2bb400f5d
:1062dc0000000000251020021c00bf8f1800b18f99
:1062ec001400b08f0800e0032000bd279587400ff5
:0c62fc0025200002f0ff00100000000050
:020000040000fa
:020000041d02db
:10630800e0ffbd271c00bfaf1800b2af1400b1af4b
:106318001000b0af259080002abc400f2588a0004f
:106328000082848f0000228effff0324090043109f
:10633800258000000400438eec81858f0000468e86
:106348000d00c5102b2883000b00a0140100102499
:10635800000020aeafb1400f000000002510000281
:106368001c00bf8f1800b28f1400b18f1000b08fbf
:106378000800e0032000bd27232883002b28a20063
:106388000700a0102310440021104300000022ae93
:1063980040cb400f25204002eeff00102580000072
:0c63a800000020aeebff001001001024ec
:020000040000fa
:020000041d02db
:1063b400e8ffbd271400bfaf200083940800878c3a
:1063c4001000e28c08006630252840000400057c9b
:1063d4000a10a600220085940030a8302530400021
:1063e400c418067c0a10c8000060683025304000dc
:1063f4000421067c0a10c8000018683025304000cb
:106404004429067c0a10c800005066300001a830f8
:106414002530c800254040004408087c0a100601c5
:10642400002863308000a530251865002528400029
:106434008410057c0a10a3001000e2ac2800838cb1
:10644400000062ac5bb8400f252800001400bf8f29
:086454000800e0031800bd2759
:020000040000fa
:020000041d02db
:10645c00e0ffbd271c00bfaf1800b2af1400b1aff6
:10646c001000b0af05008010258800004200829417
:10647c0040004230080040147c80928f251020028e
:10648c001c00bf8f1800b28f1400b18f1000b08f9a
:10649c000800e0032000bd27f8ff4012258800000b
:1064ac001dcb400f2580800040180200211862008f
:1064bc00c01803002318620080180300211843023f
:1064cc005800629001004230ecff4014010011248e
:1064dc000100052455c9400f25200002e7ff40109c
:1064ec002588400001000524f884400f2520000277
:0864fc00e3ff0010251020024f
:020000040000fa
:020000041d02db
:10650400e0ffbd271c00bfaf1800b2af1400b1af4d
:106514001000b0af2590a0000f0080102588c000a7
:1065240042008294400042301b00401425808000c9
:106534000b00e01425282002eb97400f2520400291
:106544000e00401025804000eac7400f25200002bd
:106554000a000010000022aef7ffe01025282002f8
:1065640013a8400f2520000004004014258040009b
:10657400eb97400f252040022580400025100002a3
:106584001c00bf8f1800b28f1400b18f1000b08fa1
:106594000800e0032000bd27ebffe01025100002f7
:0865a400f8ff00101c00bf8f7e
:020000040000fa
:020000041d02db
:1065ac00e0ffbd271c00bfaf1800b2af1400b1afa5
:1065bc001000b0af2588a00014c6400f2590c00075
:1065cc00258040001a000012251000003c000492a7
:1065dc0001000324170083141c00bf8f4000038e9e
:1065ec0003006330140060541800b28f01000224c1
:1065fc0009002212ffff0324020003240c002316bf
:10660c0025100000aac3400f252040022518400089
:10661c000700601025100000140003ae4000028e2d
:10662c00010003240442627c400002ae01000224fb
:10663c001c00bf8f1800b28f1400b18f1000b08fe8
:08664c000800e0032000bd2757
:020000040000fa
:020000041d02db
:106654000c00838c2600601025100000d8ffbd2795
:106664002400bfaf2000b3af1c00b2af1800b1af1d
:106674001400b0af258080004481928f1c00538e9b
:1066840025880000252820021ec6400f2520000270
:1066940000004394810063308100042409006454a1
:1066a400010031261400448e010080501800448cef
:1066b4000800438c231863022b1864000500601043
:1066c400010031260c00028e2b102202eeff401432
:1066d400252820022400bf8f2000b38f1c00b28f16
:1066e4001800b18f1400b08f0800e0032800bd2704
:0866f4000800e00300000000b3
:020000040000fa
:020000041d02db
:1066fc00e0ffbd271c00bfaf1800b1af1400b0af56
:10670c000700a01025808000010002241c00a210ac
:10671c002520c000000000ae14000010ffff022472
:10672c002588e0000200e32c10006010251000000a
:10673c00030006242528000029a4400f010004248e
:10674c0012004010000002ae010003240f002316bb
:10675c002538000025300000252800003556400f54
:10676c0025204000010042380100422c1c00bf8f44
:10677c001800b18f1400b08f0800e0032000bd2773
:10678c00b1b9400f2528e000000002ae0000028ed7
:08679c00f6ff00102b100200b3
:020000040000fa
:020000041d02db
:1067a400e0ffbd271c00bfaf1800b2af1400b1afab
:1067b4001000b0af0180103cec8c10260180123c1c
:1067c4000882828f16004010000000002abc400f8f
:1067d400000000000c00028e0c00518c18bc400f0d
:1067e400040024260482828fffff4224048282afa5
:1067f4000882828fffff4224088282afafb1400f2c
:1068040000000000becc400f3000248ebecc400ff0
:10681400252020020882828fecff40140000000033
:10682400f888428e0200422ce5ff4014000000006c
:10683400006802400001423400688240c000000049
:08684400dfff0010000000005e
:020000040000fa
:020000041d02db
:10684c000400a38c0600632c24006014ffff0224b8
:10685c000000a38c010065900300a6301f00c0143b
:10686c000400a52c1d00a01400000000580082900c
:10687c0004004230170040140200662438008224c1
:10688c000300c5880000c5983b0085a8000045b8ea
:10689c005900829001000524c418a27c590082a0e2
:1068ac00010062900800422c0a0040140600662485
:1068bc003c0082240300c5880000c5983f0085a8d1
:1068cc00000045b859008290010005240421a27ce7
:1068dc00590082a001006290020042240800e003eb
:0468ec0000000000a8
:020000040000fa
:020000041d02db
:1068f0002600c01025100000e0ffbd271c00bfaf20
:106900001800b1af1400b0af258880000900a010b6
:106910001400908c0300a2880000a298030002aa31
:10692000000002ba0400a290040002a20500a29096
:10693000050002a22520e000060002260300c3880d
:106940000000c398090003aa000043b80400c390e4
:10695000040043a00500c390294b400f050043a04d
:106960000c0002a61000238e0c0062940e0042243c
:106970000c0062a4010002241c00bf8f1800b18f1c
:106980001400b08f0800e0032000bd270800e003da
:046990000000000003
:020000040000fa
:020000041d02db
:1069940055736167653a207365746d6163203c6962
:1069a4006e746572666163653e203c783a783a7825
:1069b4003a783a783a783e200d0a000045783a2031
:1069c4007365746d6163205049433332494e5420da
:1069d40061613a62623a63633a64643a65653a664d
:1069e40066200d0a00000000617267765b325d3a32
:1069f4002025730d0a000000496e76616c696420dd
:106a04004d414320616464726573732073747269c9
:106a14006e67200d0a000000536574204d41432029
:106a240061646472657373206661696c65640d0ae0
:046a3400000000005e
:020000040000fa
:020000041d02db
:106a38002600801000000000d8ffbd272400bfaf4b
:106a48002000b3af1c00b2af1800b1af1400b0af54
:106a58002598e0002588c0002590a00025808000aa
:106a68009abb400f252000000300401200000000e0
:106a78000000438e040003ae030020120000000053
:106a88000000238e080003ae030060122528400092
:106a98000000638e0c0003ae4ebd400f25200000a1
:106aa800420002963800a3930463627c420002a667
:106ab8002400bf8f2000b38f1c00b28f1800b18f45
:106ac8001400b08f0800e0032800bd270800e00389
:046ad80000000000ba
:020000040000fa
:020000041d02db
:106adc00d8ffbd272400bfaf2000b4af1c00b3af5c
:106aec001800b2af1400b1af1000b0af2598800001
:106afc0025a0a0002588c0000ac6400f2590e00004
:106b0c00258040001300001225100000760004922e
:106b1c00fdff8324ff0063300300632c0d00601421
:106b2c00080003240c0083102400bf8f06004012c1
:106b3c0025304002252880028a9d400f25206002c6
:106b4c00050040102400bf8f020020120100022417
:106b5c00600011a62400bf8f2000b48f1c00b38fdf
:106b6c001800b28f1400b18f1000b08f0800e00332
:046b7c002800bd2709
:020000040000fa
:020000041d02db
:106b8000d0ffbd272c00bfaf2800b5af2400b4afa5
:106b90002000b3af1c00b2af1800b1af1400b0af0b
:106ba00025a8800025a0a0002588c0002598e00029
:106bb0009abb400f25200000259040000c002012b9
:106bc000258000000ac6400f2520a00208004010c2
:106bd000258040007c00428c050040542580000048
:106be0007c0011ae7a0014a6800013ae258020022e
:106bf000252840024ebd400f252000002510000230
:106c00002c00bf8f2800b58f2400b48f2000b38fd5
:106c10001c00b28f1800b18f1400b08f0800e00381
:046c20003000bd275c
:020000040000fa
:020000041d02db
:106c2400d0ffbd272c00bfaf2800b5af2400b4af00
:106c34002000b3af1c00b2af1800b1af1400b0af66
:106c440025a880002598a0002588c00025a0e00084
:106c54009abb400f25200000259040000c00201214
:106c64002580000014c6400f2520a0020800401013
:106c7400258040005800428c0500405425800000c7
:106c8400580011ae5c0014ae600013a625802002eb
:106c9400252840024ebd400f25200000251000028b
:106ca4002c00bf8f2800b58f2400b48f2000b38f31
:106cb4001c00b28f1800b18f1400b08f0800e003dd
:046cc4003000bd27b8
:020000040000fa
:020000041d02db
:106cc800e0ffbd271c00bfaf1800b2af1400b1af82
:106cd8001000b0af4481918f0b00201225100000e6
:106ce800258080002510a0000d00a0102590c00070
:106cf80005008010251000004200829440004230b8
:106d080009004014010005241c00bf8f1800b28f31
:106d18001400b18f1000b08f0800e0032000bd27d9
:106d2800f9ff801001000524f4bd400f2520000262
:106d3800f5ff40100100032442000496c418647c47
:106d480003004316420004a6efff0010040030ae13
:106d580002000324ecff4352080030aeebff0010a2
:046d68001c00bf8fbd
:020000040000fa
:020000041d02db
:106d6c001000829025004010ffff0534e0ffbd2786
:106d7c001c00bfaf1800b2af1400b1af1000b0af21
:106d8c00258080000c0091242ec4400f2520200269
:106d9c00010003240c00431025900002b2cc400fdc
:106dac00000000000800401000000000b0cc400fb4
:106dbc0000000000039d053c9cdfa5241097400fac
:106dcc0025204000259000021bc0400f25204002ca
:106ddc00fdff40140000000022c4400f25202002bb
:106dec00100000a21c00bf8f1800b28f1400b18fce
:106dfc001000b08f0800e0032000bd270800e0035e
:046e0c000000000082
:020000040000fa
:020000041d02db
:106e1000d8ffbd272400bfaf2000b2af1c00b1af28
:106e20000300e0141800b0af1b008010ffff102417
:106e30001900c010ffff10242588e0002510c000b5
:106e40002590a000258080000180033c3c8b648c51
:106e5000e8030624253800001900820012200000f3
:106e60004e38400f102800001000b1af2538400206
:106e700025300002252840001777400f252000000c
:106e800025804000ffff02240400021225100002aa
:106e90009798400f25200002251000022400bf8f84
:106ea0002000b28f1c00b18f1800b08f0800e003e3
:046eb0002800bd27d2
:020000040000fa
:020000041d02db
:106eb400e0ffbd271800b2af1400b1af1c00bfaf94
:106ec4001000b0af2590a000140080140180113c84
:106ed400788d308e0b0000121c00bf8f252000021d
:106ee400cb8c400f25284002218002020000028240
:106ef4000c00405425284002788d20ae25800000e7
:106f04001c00bf8f251000021800b28f1400b18f2f
:106f14001000b08f0800e0032000bd27efff001031
:106f240025808000958c400f25200002211002024c
:106f34000000438005006010788d22ae01004324d8
:106f4400788d23aeeeff0010000040a0ecff00108f
:046f5400788d20ae66
:020000040000fa
:020000041d02db
:106f5800756c033cc8ffbd27286e63241800a3afd7
:106f68006c2903242800b2af2000b0af3400bfafb3
:106f78003000b4af2c00b3af2400b1af259080002f
:106f88002510e0001c00a3a71e00a0a30200c0104b
:106f98001800b0272580c0000400b18c0800b38c0d
:106fa800030040140000b48c9ac4400f252000024e
:106fb800020020062b1822020b1023021000b4af87
:106fc8002538600225280002252040027f83400fd3
:106fd800253040003400bf8f3000b48f2c00b38fb1
:106fe8002800b28f2400b18f2000b08f0800e00382
:046ff8003800bd2779
:020000040000fa
:020000041d02db
:106ffc000080033c1002632423008314faff022454
:10700c002100801000000000e8ffbd271400bfaf76
:10701c001000b0af2580a00025386000039d063c11
:10702c003ce0c62425280000485d400f2520600068
:10703c0008000012252800021000038e09006010c1
:10704c00f5ff0224251000020000428c09004014b8
:10705c00252800020080043c445a400f100284246e
:10706c00010002241400bf8f1000b08f0800e00351
:10707c001800bd271000438cf4ff60540000428cb4
:10708c00f8ff0010f5ff02240800e00300000000e8
:020000040000fa
:020000041d02db
:10709c000800a28c240040102530a000e0ffbd2782
:1070ac001c00bfaf1800b1af1400b0af258080003a
:1070bc004c00918c0400438c01000424c4ff837c9d
:1070cc00040043ac0c00a28c0400438c84f7837c3a
:1070dc00040043ac253800000401058e3c62400fcf
:1070ec002520000270cc400f252020020700401400
:1070fc00000000000401028e0800458c0400a52449
:10710c0000e0a57ce1ca400f2520200267cb400f90
:10711c00252020021c00bf8f1800b18f1400b08fe7
:10712c000800e0032000bd270800e0030000000079
:020000040000fa
:020000041d02db
:10713c00e0ffbd271c00bfaf1800b2af1400b1af09
:10714c001000b0af0800908c0180023c9088422463
:10715c00261002020b8002002800828c09004014c9
:10716c00000000005bb8400f252800001c00bf8ffa
:10717c001800b28f1400b18f1000b08f0800e0031c
:10718c002000bd27f4bb400f2588800025904000cf
:10719c002000028e70bd400f0000508c0210027255
:1071ac00e70342246210103cd34d10261900500006
:1071bc001010000082110200211052002c0022ae8f
:1071cc00020002241a0022a6e8ff00101c0020a6d0
:020000040000fa
:020000041d02db
:1071dc001300c0101000828c23004010000000002f
:1071ec001c00848c0800438c2b3083001c00c05482
:1071fc000000428c0e004694211866002b3064006f
:10720c001700c0540000428c2b20a40003008014f3
:10721c002b18650014006010000000000000428c68
:10722c0011004010000000000800438c2b20a3002c
:10723c00070080540000428c0e0044942118640016
:10724c002b18650008006010000000000000428c44
:10725c00f6ff40540800438c0800e00300000000d7
:10726c00e1ff40540800438c0800e00300000000dc
:020000040000fa
:020000041d02db
:10727c00e0ffbd271c00bfaf1800b1af1400b0afca
:10728c0025888000a4818293080040142580a000ea
:10729c005fbd400fa0818427010004241600441414
:1072ac00ffff032401000224a48182a312002016f4
:1072bc00ffff0324100000120180023c588d428c09
:1072cc000e004014251060000800048e0180033c61
:1072dc00588d65240800a4ac0400028e0400a2acf6
:1072ec0002000524588d65ac0800428c09f840005a
:1072fc000000058e25180000251060001c00bf8fb3
:10730c001800b18f1400b08f0800e0032000bd27d7
:020000040000fa
:020000041d02db
:10731c005365742067617465776179206164647268
:10732c00657373204f4b0d0a0000000053657420e9
:10733c006761746577617920616464726573732029
:10734c006661696c65640d0a000000005573616725
:10735c00653a207365746777203c696e7465726654
:10736c006163653e203c697076342f36206164641d
:10737c00726573733e203c76616c696454696d650b
:10738c003e200d0a0000000045783a2073657467b2
:10739c0077205049433332494e54203139322e3103
:0c73ac0036382e302e31200d0a00000073
:020000040000fa
:020000041d02db
:1073b8002400801000100224d8ffbd272400bfaf8e
:1073c8002000b4af1c00b3af1800b2af1400b1afc7
:1073d8001000b0af0180023ce08b54940d00801a7d
:1073e8000010022425808000f480938f25900000ef
:1073f8004400718e0f002052010052260400258e91
:1074080098c5400f252000020a00401401005226aa
:10741800000022962400bf8f2000b48f1c00b38f79
:107428001800b28f1400b18f1000b08f0800e0036d
:107438002800bd27eeff541680007326f5ff0010c4
:0c744800001002240800e0030000000017
:020000040000fa
:020000041d02db
:10745400e0ffbd271c00bfaf1800b1af1400b0aff0
:107464000200822c1b004014258000002588a00007
:107474002580c00000210400253000000080023c6b
:10748400007d4224b0ae400f21204400000122328e
:1074940009004010000000009abb400f25200000a6
:1074a400d480838f01006324d48083af25284000d7
:1074b4004ebd400f252000000600001625300000b8
:1074c400252820020080043ce4bd400f107d842464
:1074d40001001024251000021c00bf8f1800b18f7a
:0c74e4001400b08f0800e0032000bd275a
:020000040000fa
:020000041d02db
:1074f000d8ffbd272400bfaf2000b3af1c00b2af40
:107500001800b1af1400b0af258080002598a0000e
:107510002588c0009abb400f252000002590400020
:107520004010100021105000801002002528600239
:107530000180043c00878424fec3400f2120820088
:10754000252840024ebd400f2520000007002012d4
:107550000081100025300000010005240080043c5b
:10756000007d8424b0ae400f212090000100022451
:107570002400bf8f2000b38f1c00b28f1800b18f82
:0c7580001400b08f0800e0032800bd27b5
:020000040000fa
:020000041d02db
:10758c00e0ffbd271c00bfaf1800b1af1400b0afb7
:10759c00258880001800908c1400828c23800202b5
:1075ac00b2bf400fffff103223100202ffff433027
:1075bc001100031201000624660024962b28830078
:1075cc001100a01025100000428010002318640048
:1075dc006c002296ffff44302b20040201008054e3
:1075ec0025100002ffff42302a18430006006010ed
:1075fc002510000001000624100005244a11400f3c
:10760c0025202002010002241c00bf8f1800b18f1e
:0c761c001400b08f0800e0032000bd2720
:020000040000fa
:020000041d02db
:107628002400c01025100000e0ffbd271c00bfafdc
:107638001800b1af1400b0af2580c0000ac6400fd3
:107648002588a0000d0040142520400025100000ca
:107658001c00bf8f1800b18f1400b08f0800e00322
:107668002000bd27faffc314251000000000028e79
:10767800400082acf6ff001001000224770046901b
:10768800f3ffd1142510000076008590fdffa32498
:10769800ff0063300300632ceeff60141c00bf8ff3
:1076a80008000224efffa21401000324e8ff0010e1
:0c76b800251000000800e00300000000a6
:020000040000fa
:020000041d02db
:1076c4000180023c248a428c220040180000000001
:1076d400e8ffbd271400bfaf1000b0af1800858cc1
:1076e400040003241400a314ffff42240180023c7d
:1076f400288a42900c0040100180023c1c8a508c65
:107704001dcb400f1000848cc018020021106200b1
:10771400c010020021200202040080101400bf8f58
:1077240019b9400f000000001400bf8f1000b08f83
:107734000800e0031800bd270180033cfaff401451
:10774400248a62aced75400f00000000f7ff0010c2
:0c7754001400bf8f0800e00300000000dc
:020000040000fa
:020000041d02db
:107760002400801000000000e0ffbd271c00bfaf18
:107770001800b1af1400b0af258080001700a01032
:107780002588a0004800829003004010ffff0534c8
:107790002ec4400f4000842449000292050040504e
:1077a0004a0002928dc9400f252020022588400002
:1077b0004a00029201004054fcff318e3400028ed8
:1077c00009f84000252020024800029204004010e1
:1077d000251000003ac4400f400004262510000088
:1077e0001c00bf8f1800b18f1400b08f0800e00399
:0c77f0002000bd270800e0032510000069
:020000040000fa
:020000041d02db
:1077fc0072657365740000003a20526573657420dd
:10780c00686f737400000000710000003a207175fd
:10781c00697420636f6d6d616e642070726f636547
:10782c0073736f720000000068656c7000000000dc
:10783c003a2068656c7000004c4544003a20557342
:10784c006167653a204c4544203c317c327c337c6a
:10785c00527c477c423e203c4f4e7c4f46467c54eb
:10786c004f474c4c45653e0d0a0000001b5b410028
:10787c001b5b42001b5b43001b5b44001b5b317eac
:0c788c00000000001b5b347e00000000c8
:020000040000fa
:020000041d02db
:107898000080033c1002632420008314251080001c
:1078a8001f008010000000000300e010000000002e
:1078b800200002240000e2ac1900a01025100000ee
:1078c8002000c62c1600c014000000000080023cf6
:1078d800100242242c004a8c3000498c3400488c19
:1078e8003800478c3c00468c4000448c4400438c54
:1078f8004800428c0000aaac0400a9ac0800a8ac5f
:107908000c00a7ac1000a6ac1400a4ac1800a3ace3
:107918001c00a2ac0800e00320000224251000008f
:087928000800e003000000006c
:020000040000fa
:020000041d02db
:10793000e8ffbd271400bfaf1000b0afa4bc400fdc
:1079400025808000160040101400bf8f0800028eb2
:107950001000438c010062301400401008006430b5
:1079600007008010251000004000627c40130200d8
:107970000400633025204000001042340a108300c8
:107980003400039624104300220002a63c0000aeff
:10799000030002241a0002a61c0002a61400bf8fd6
:1079a0001000b08f0800e0031800bd27f4ff80101e
:1079b000251000000200633000200224001004247f
:0879c000efff00100a10830024
:020000040000fa
:020000041d02db
:1079c800e0ffbd271c00bfaf1800b2af1400b1af75
:1079d8001000b0af2590a00016a2400f01000524aa
:1079e80016004010ffff11240400508c2528400287
:1079f8006ca4400f252040000c004010feff11240d
:107a08000e0043900600632c9000062603006014c5
:107a1800020007249c0006260300072425284000ae
:107a28001f87400f2520000225880000040000124f
:107a3800251020023ac4400f2520000225102002fc
:107a48001c00bf8f1800b28f1400b18f1000b08fc8
:087a58000800e0032000bd2737
:020000040000fa
:020000041d02db
:107a6000e8ffbd271400bfaf1000b0af2580800035
:107a7000560085a4010002240800c010540082a40e
:107a80004c00829440100200ffff42304100432c22
:107a900017006050400002244c0082a4580002925b
:107aa000200042300a0040100100032458000292d6
:107ab0004429627c580002a22000028e0600405435
:107ac00058000292a2cc400f00000000200002ae3d
:107ad0005800029201000324c439627c580002a2bb
:107ae0001400bf8f1000b08f0800e0031800bd27fe
:087af000eaff00104c0082a423
:020000040000fa
:020000041d02db
:107af800d0ffbd272c00bfaf2800b1af2400b0af26
:107b08009880908f19000012251000021c00801028
:107b18002588a0001000a0af1800a0af1400a4afe3
:107b28001800a5a30c0007241000a627252800028a
:107b38000180043cd5a7400f9c8c84240a00401087
:107b480025804000080020120180113c2cc1400f04
:107b58009c8c24268480828f01004224848082affa
:107b68003ac1400f9c8c2426251000022c00bf8fa0
:107b78002800b18f2400b08f0800e0033000bd2733
:087b8800f9ff00102580000048
:020000040000fa
:020000041d02db
:107b90002300a010fbff02240000a38c2000601033
:107ba000000000001e00c01000000000d8ffbd272c
:107bb0002400bfaf2000b2af1c00b1af1800b0afbf
:107bc0002590e0002588c000c2c3400f2580a0009a
:107bd000252040000c008010faff0224420082940d
:107be00000104230030040100010433206006010c5
:107bf000f8ff02241000a0af2538400225302002f3
:107c0000cf63400f252800022400bf8f2000b28fd1
:107c10001c00b18f1800b08f0800e0032800bd27ba
:087c20000800e0030000000071
:020000040000fa
:020000041d02db
:107c2800e8ffbd271400bfaf1000b0af14c6400f67
:107c38002580a0001b0040102518000014000052e9
:107c4800240040ac420003964000633003006054b7
:107c58004000438c0e000010240040ac448c037c90
:107c6800400043ac240050ac480043940004633007
:107c7800080060544000438c3f004390020063308a
:107c8800040060144000438cc418037c400043acdb
:107c98004000438c01000424448c837c400043aca6
:107ca80001000324251060001400bf8f1000b08f5e
:087cb8000800e0031800bd27dd
:020000040000fa
:020000041d02db
:107cc0000000828c0b00451400000000e8ffbd2777
:107cd0001400bfaf1000b0af1bc0400f2580a00044
:107ce000251000021400bf8f1000b08f0800e003c1
:107cf0001800bd2716004010000000000000438c53
:107d00000f00a314000000000000a38c000043ac8f
:107d10000400838c01006550040082ac0800828c52
:107d2000ffff4224080082ac0800e0032510a000f9
:107d30000000628cf4ff45502510600025184000bb
:107d4000fbff6014251060000800e0030000000045
:087d50000800e0030000000040
:020000040000fa
:020000041d02db
:107d58004661696c656420746f206163717569722e
:107d6800652073656d6170686f726520696e205457
:107d7800435049505f48656c7065725f50726f740c
:107d8800656374656453696e676c654c6973745494
:107d980061696c4164640d0a000000004661696c09
:107da800656420746f2072656c6561736520736506
:107db8006d6170686f726520696e20544350495038
:107dc8005f48656c7065725f50726f746563746547
:107dd8006453696e676c654c6973745461696c416e
:087de80064640d0a00000000b4
:020000040000fa
:020000041d02db
:107df0004661696c656420746f2061637175697296
:107e0000652073656d6170686f726520696e2054be
:107e1000435049505f48656c7065725f50726f7473
:107e2000656374656453696e676c654c6973744807
:107e300065616452656d6f76650d0a004661696c17
:107e4000656420746f2072656c656173652073656d
:107e50006d6170686f726520696e2054435049509f
:107e60005f48656c7065725f50726f7465637465ae
:107e70006453696e676c654c6973744865616452dc
:087e8000656d6f76650d0a00c7
:020000040000fa
:020000041d02db
:107e88004661696c656420746f20616371756972fd
:107e9800652073656d6170686f726520696e205426
:107ea800435049505f48656c7065725f50726f74db
:107eb800656374656453696e676c654c6973744e69
:107ec8006f646552656d6f76650d0a004661696c71
:107ed800656420746f2072656c65617365207365d5
:107ee8006d6170686f726520696e20544350495007
:107ef8005f48656c7065725f50726f746563746516
:107f08006453696e676c654c6973744e6f6465522f
:087f1800656d6f76650d0a002e
:020000040000fa
:020000041d02db
:107f20004661696c656420746f2061637175697264
:107f3000652073656d6170686f726520696e20548d
:107f4000435049505f48656c7065725f50726f7442
:107f5000656374656453696e676c654c69737452cc
:107f6000656d6f7665416c6c0d0a00004661696c49
:107f7000656420746f2072656c656173652073653c
:107f80006d6170686f726520696e2054435049506e
:107f90005f48656c7065725f50726f74656374657d
:107fa0006453696e676c654c69737452656d6f7666
:087fb00065416c6c0d0a000034
:020000040000fa
:020000041d02db
:107fb800e0ffbd271c00bfaf1800b1af1400b0af81
:107fc8002588800000008480080080102580200219
:107fd80020ca400f00000000000002a20100102685
:107fe80000000482faff8014000000000180103ca9
:107ff800a88a1026d0bf400f040004869ac4400ff8
:1080080025202002ffff4630252820028a4a400ffb
:108018000400048606b9400f0400048670b4400fbb
:1080280004000486039d053c581aa5241097400fa8
:10803800252000001c00bf8f1800b18f1400b08fde
:088048000800e0032000bd2741
:020000040000fa
:020000041d02db
:10805000d8ffbd272400bfaf2000b3af1c00b2afd4
:108060001800b1af1400b0af258080002598a000a3
:108070002588c0000200a230090040102590e000d1
:108080002530e000252820024400400f0001848ca8
:1080900025304002252820024400400f0401048eb0
:1080a00001007332080060122530400225282002aa
:1080b0004400400f0801048e25304002252820028c
:1080c0004400400f0c01048e2400bf8f2000b38faa
:1080d0001c00b28f1800b18f1400b08f0800e003ad
:0480e0002800bd2790
:020000040000fa
:020000041d02db
:1080e40005008010251000004200829440004230b8
:1080f40003004014000000000800e003000000003a
:10810400e0ffbd271c00bfaf1800b1af1400b0af33
:108114007c80918f12002012251000001dcb400f8f
:10812400258080004018020021186200c018030056
:108134002318620080180300211823025800638c5e
:1081440003006330030004240500641425100000b8
:1081540003000524f884400f2520000201000224b6
:108164001c00bf8f1800b18f1400b08f0800e0030b
:048174002000bd2703
:020000040000fa
:020000041d02db
:10817800e0ffbd271c00bfaf1800b1af1400b0afbf
:10818800258080002c00848c040080102588a000a5
:108198000900062496ae400f0200052414002012a0
:1081a8002c0011ae1c00238e1000228e300002ae6f
:1081b8000c004294f8ff4224340002a604006294a2
:1081c800360002a61c00228e08004224380002aea7
:1081d80025282002637f400f252000021c00bf8f46
:1081e8001800b18f1400b08f0800e0032000bd27ed
:1081f800300000ae340000a6360000a6f4ff0010e0
:04820800380000ae8c
:020000040000fa
:020000041d02db
:10820c002200c01025100000e0ffbd271c00bfafee
:10821c001800b1af1400b0af2580c00014c6400fd9
:10822c002588a000140040142518400025100000db
:10823c001c00bf8f1800b18f1400b08f0800e00332
:10824c002000bd27faff8514251000004000648c27
:10825c0003008430f6ff8014010004240000028e19
:10826c00140062ac4000628c0442827c400062ac20
:10827c00efff0010010002243c004490f1ff91102c
:10828c0001000524eaff0010251000000800e0039f
:04829c0000000000de
:020000040000fa
:020000041d02db
:1082a000e8ffbd271400bfaf1000b0af4481838f3b
:1082b0001c006010251000001a0080102580a0000e
:1082c000010002240300a2100200a53803000224ca
:1082d0000b80450025288000ac8a400f0000648c8c
:1082e000251840000f006010251000000000649465
:1082f000800084300c0080101400bf8f2a0065902d
:108300002428b0000100a4300100805426006290af
:108310000200a5300400a0101400bf8f2700639056
:10832000211043001400bf8f1000b08f0800e0033d
:048330001800bd274d
:020000040000fa
:020000041d02db
:10833400e0ffbd271c00bfaf1800b2af1400b1afff
:108344001000b0af4481928f18004012faff02244b
:108354000000518e160020121c00bf8f0c00238ecb
:10836400120060102510000025800000252800025e
:108374001ec6400f25202002080040500100102690
:10838400000043940100633003006010252840007e
:10839400b2b4400f25204002010010260c00228eaa
:1083a4002b100202f2ff4014252800021c00bf8f8c
:1083b4001800b28f1400b18f1000b08f0800e003d2
:0483c4002000bd27b1
:020000040000fa
:020000041d02db
:1083c80022008010251000002000a01000000000ee
:1083d800c0ffbd273c00bfaf3800b1af3400b0af1d
:1083e8002580c0002588a000030082901400a2af59
:1083f800020082901000a2af0100879000008690d2
:10840800039d053c3831a524dcc6400f1800a4277d
:108418009ac4400f1800a427010042242b300202fe
:108428000500c014251000001800a527aac6400f93
:1084380025202002010002243c00bf8f3800b18fa4
:108448003400b08f0800e0034000bd270800e003b7
:048458000000000020
:020000040000fa
:020000041d02db
:10845c00ffff833021006014ffff0224ffff8430f4
:10846c000180023c401804002118640080180300ad
:10847c00588d4224211043000400458c1700a01095
:10848c0025100000e8ffbd271400bfaf25106000c9
:10849c000180033c588d6324211043002800a38cd9
:1084ac0009f860000800448c2518400001000424e1
:1084bc000700641002000224050060102510000063
:1084cc000200633801000224ffff04240b10830018
:1084dc001400bf8f0800e0031800bd270800e0035c
:0484ec00000000008c
:020000040000fa
:020000041d02db
:1084f0000180023c648b438c20006010251000003a
:108500000d0064501c00828c1c00628c1b004050cb
:1085100025100000fcff8254251840001c00828cae
:1085200007004014000000001c00828c1c0062ac9c
:108530001000001025100000060040102518000053
:108540000c00868c0c00458c2128a6000c0045ac44
:1085500025106000f4ff4014251840000180023c03
:10856000308b42243400438c1c00638c340043acb9
:10857000010002240800e0031c0080ac0800e003b6
:0485800000000000f7
:020000040000fa
:020000041d02db
:10858400e8ffbd271000b0af1400bfaf48008280e1
:10859400ffff432425104300480082a01800838c69
:1085a4001400828c2b10620005004010258080008e
:1085b4002c00828c2530000009f84000252800009a
:1085c4000400028e280000ae180000ae0200433002
:1085d40008006010140000ae10004234040002ae23
:1085e400ffff02241400bf8f1000b08f0800e003c7
:1085f4001800bd270800038e0c00048ec000427cc6
:108604002310020021186400400003aef5ff00109f
:048614003c0003ae75
:020000040000fa
:020000041d02db
:10861800e0ffbd271c00bfaf1800b1af1400b0af1a
:10862800258080004400918c1c00228e09f84000af
:108638001800848c01000324090043101c00bf8f1c
:108648002000228e09f840001800048e08004050cf
:108658003c00228ec2be400f252000021c00bf8fa6
:108668001800b18f1400b08f0800e0032000bd2768
:10867800840006262528000009f840001800048e0a
:108688000500410404000224c2be400f2520000258
:10869800f3ff00101c00bf8ff0ff0010900002ae27
:020000040000fa
:020000041d02db
:1086a800e0ffbd271c00bfaf1800b1af1400b0af8a
:1086b800258080004400918c1c00228e09f840001f
:1086c8001800848c01000324090043101c00bf8f8c
:1086d8002000228e09f840001800048e080040503f
:1086e8008400028ec2be400f252000021c00bf8fee
:1086f8001800b18f1400b08f0800e0032000bd27d8
:1087080001004230050040542000028ec2be400fd6
:1087180025200002f6ff00101c00bf8f0001427cdc
:10872800020003240b180200f0ff0010900003aeb3
:020000040000fa
:020000041d02db
:10873800e8ffbd271400bfaf1000b0af0100a5309f
:108748000b00a0104c00908c63cb400f252000023a
:108758001ecc400f25200002fdff40140000000041
:1087680021cc400f25200002fdff4014000000002e
:1087780063cb400f252000026bcb400f2520000261
:1087880053cb400f2520000257cb400f2520000275
:108798005bcb400f252000021bcc400f2520000298
:1087a800fdff4014ef6305242dcc400f2520000267
:1087b8001400bf8f1000b08f0800e0031800bd2719
:020000040000fa
:020000041d02db
:1087c800e8ffbd271400bfaf1000b0afa4bc400f36
:1087d80025808000140040101400bf8f34000396d9
:1087e80004006230050040542800048e20000296e0
:1087f80010004014010005242800048e0600801093
:108808008000627c10006330252840000400423458
:108818000a10a300000082ac252800005bb8400fb6
:10882800252000021400bf8f1000b08f0800e0035d
:108838001800bd2765af400f25200002f9ff401042
:10884800020002241a0002a6f6ff00101c0000a66f
:020000040000fa
:020000041d02db
:10885800e8ffbd271400bfaf1000b0af0d008010b7
:1088680025800000000082941900401025808000b7
:108878000c00838c0200022406006254258000004c
:108888000900a0500400828cc0b3400f0400848cff
:108898000a800200251000021400bf8f1000b08f5c
:1088a8000800e0031800bd27faff4050258040006b
:1088b8000800448c02000324f6ff8354258000003e
:1088c8000400429401004230f2ff00100a800200c6
:1088d800f0ff001025800000eeff0010258040000a
:020000040000fa
:020000041d02db
:1088e8007375636365737366756c00006661696ca4
:1088f800656421007365740067657400446566618a
:10890800756c7420696e7465726661636520736541
:10891800742025730d0a000044656661756c742027
:10892800696e746572666163652069733a202573a0
:108938000d0a000055736167653a206465666e65c7
:1089480074207365742f676574203c696e74657252
:10895800666163653e0d0a0045783a206465666e77
:1089680065742073657420657468300d0a00000012
:020000040000fa
:020000041d02db
:10897800e8ffbd271400bfaf1000b0af1881828f89
:108988000f0040100881828f0d00401025800000e4
:10899800802010001881828f0a20447c03008010f8
:1089a80025300000758a400f0200052401001026ba
:1089b8000881828f2b100202f6ff401480201000dd
:1089c8000c81848f0c00828c09f840001881858ff7
:1089d800188180af088180af0481848f05008010e2
:1089e8001400bf8fcec3400f00000000048180af89
:1089f8001400bf8f1000b08f0800e0031800bd27d7
:020000040000fa
:020000041d02db
:108a0800e0ffbd271c00bfaf1800b2af1400b1af24
:108a18001000b0af2588a00014c6400f2590c000f4
:108a28002580400012000012251000001ec1400fd2
:108a3800252000020f0040101c00bf8f020040528a
:108a48000000058e0800058e2128b1000000038e65
:108a58002b18a30006006054251000000400038ea4
:108a68002b1865000200605425100000080005aeb0
:108a78001c00bf8f1800b28f1400b18f1000b08f88
:108a88000800e0032000bd27f9ff001025100000b2
:020000040000fa
:020000041d02db
:108a9800e8ffbd271400bfaf0180023cb88b448caf
:108aa800060080100180023c67bf400f00000000f4
:108ab8000180023cb88b40ac0180023cb08b448cf6
:108ac800060080100180023ccec3400f0000000069
:108ad8000180023cb08b40ac0180023c988b4484fe
:108ae800ffff0224070082100180023c2cb9400fce
:108af800000000000180023cffff0324988b43a480
:108b08000180023c988b42240c0040ac100040ac21
:108b1800040040a41400bf8f0800e0031800bd271c
:020000040000fa
:020000041d02db
:108b28000d0a2d2d2d2d2d2d2d20537570706f7242
:108b380074656420636f6d6d616e642067726f7514
:108b48007073202d2d2d2d2d2d0000000d0a202aab
:108b58002a2a2000202a2a2a000000000d0a2d2d8a
:108b68002d2d2d2d2d2d2d2d204275696c742069ec
:108b78006e20636f6d6d616e6473202d2d2d2d2d0c
:108b88002d2d2d2d2d0000000d0a00000d0a556e0b
:108b98006b6e6f776e20636f6d6d616e64206772a8
:108ba8006f75702e205472792068656c700d0a00fc
:020000040000fa
:020000041d02db
:108bb8000080033c100263241e008314251000006b
:108bc8001c008010000000000080023c300243902e
:108bd800040063301700601025100000e8ffbd276f
:108be8001400bfaf1000b0af0080103c1002102678
:108bf8004400028e1000428c09f840001400048ed4
:108c08009000028e80180200039d023c702b4224c3
:108c18000a10437c09f84000252000022000029237
:108c28000001427c1400bf8f1000b08f0800e003e1
:0c8c38001800bd270800e0030000000049
:020000040000fa
:020000041d02db
:108c44000000828c0800451400000000e8ffbd27e6
:108c54001400bfaf49bf400f000000001400bf8fd5
:108c64000800e0031800bd271600401000000000b3
:108c74000000438c0f00a314000000000000a38c2c
:108c8400000043ac0400838c01006550040082acf6
:108c94000800828cffff4224080082ac0800e00335
:108ca4002510a0000000628cf4ff455025106000e0
:108cb40025184000fbff6014251060000800e00345
:0c8cc400000000000800e00300000000b9
:020000040000fa
:020000041d02db
:108cd000e0ffbd271c00bfaf1800b2af1400b1af5a
:108ce0001000b0af258880002590a0000180103cc6
:108cf0002cc1400f888c0426888c108e0f000052e7
:108d00000180043c0c00028e040040500400028ede
:108d1000070051540000108e0400028e0800068ed9
:108d20002528400209f84000252020020000108e6e
:108d3000f5ff00560c00028e0180043c3ac1400f42
:108d4000888c84241c00bf8f1800b28f1400b18f50
:0c8d50001000b08f0800e0032000bd27d9
:020000040000fa
:020000041d02db
:108d5c0073756363657373006661696c65640000a9
:108d6c0055736167653a20736574646e7320312f97
:108d7c0032203c696e746572666163653e203c7896
:108d8c002e782e782e783e200d0a000045783a2059
:108d9c00736574646e7320312065746830203235cd
:108dac00352e3235352e3235352e30200d0a000059
:108dbc00556e6b6e6f776e20444e5320696e6465f2
:108dcc00780d0a0053657420444e532025642061ad
:0c8ddc006464726573732025730d0a0037
:020000040000fa
:020000041d02db
:108de800d8ffbd272400bfaf2000b3af1c00b2af2f
:108df8001800b1af1400b0af259880002580a000fe
:108e08002590c00004008010258800009ac4400ff7
:108e180078008424258840000b00001225102002c9
:108e28000a0040122400bf8f0e002012ffff4626c2
:108e380078006526b4c6400f252000022180120262
:108e4800ffff00a2251020022400bf8f2000b38f4f
:108e58001c00b28f1800b18f1400b08f0800e00317
:0c8e68002800bd27f7ff0010000000a24a
:020000040000fa
:020000041d02db
:108e74002000801400000000d8ffbd272400bfafed
:108e84002000b2af1c00b1af1800b0af2580a00025
:108e94002588c0002590e0002f000524d4c1400f90
:108ea40025200002050040145c000524d4c1400fb5
:108eb40025200002030040501000b2af01005024ee
:108ec4001000b2af2538200225300002039d053c76
:108ed4006003a5241097400f252000002400bf8fb5
:108ee4002000b28f1c00b18f1800b08f0800e0037f
:0c8ef4002800bd270800e003000000007b
:020000040000fa
:020000041d02db
:108f000008008328150060102510000040100400a0
:108f100021104400801802000180023c5c89422438
:108f20000a10437cfeff0324120043144010040087
:108f300021104400801802000180023c5c89422418
:108f40002110430008000524feff032401008424af
:108f5000040085540c004224251000000800e003a2
:108f6000000000000000468cf9ffc350010084247b
:108f70004010040021104400802002000180023cc7
:0c8f80005c8942240800e003211044003a
:020000040000fa
:020000041d02db
:108f8c000c00a7af0c00a38f0800a6af2510800023
:108f9c0002450300ff0705310e00a0140800a48f42
:108fac00039d033c00088644c82260d40008e744b3
:108fbc00000805240208204600000644000067440f
:108fcc002520c0000055e67c0200c0102518e000ea
:108fdc00c1ffc524c2370400401803002518c30084
:108fec0040200400000044ac00a0637c2000043c42
:108ffc0025188300ccfba52400080831040043ace1
:0c900c00080045ac0800e0030c0048ac74
:020000040000fa
:020000041d02db
:109018000004c2281300401402fcc328039d023c2c
:10902800503040d401fcc2240004432806006014d8
:10903800026320460263204602f8c2240004442842
:10904800ff0303240a10640025200000ff034224c4
:1090580000008444002d02000000e5440800e003fd
:1090680002602046f8ff60102510c000039d033cf5
:10907800583060d4c903c22402fc4328f2ff6010b0
:10908800026320469207c22402fc442802fc0324ff
:0c90980002632046ecff00100b10640087
:020000040000fa
:020000041d02db
:1090a400e0ffbd271c00bfaf1800b2af1400b1af82
:1090b4001000b0af15008010258000001900a40036
:1090c400101000001100401402108570b8ff432cea
:1090d4000e0060102588a00025908000a586400f12
:1090e40048004424090040102580400048004224e0
:1090f4000a101102000002ae3c0012ae400011ae94
:10910400010005240400400f252000022510000260
:109114001c00bf8f1800b28f1400b18f1000b08fe5
:089124000800e0032000bd2754
:020000040000fa
:020000041d02db
:10912c000080033c100263241c008314faff022409
:10913c001a008010000000000080023c2c02448cbd
:10914c000200032415008314feff02241300a01058
:10915c0025100000e8ffbd271400bfaf1000b0af12
:10916c002580a0000080023c16c2400f5c02448c9b
:10917c0003000224080002ae010002240c0002ae1f
:10918c00dc050224100002ae251000001400bf8f75
:10919c001000b08f0800e0031800bd270800e003a2
:0491ac0000000000bf
:020000040000fa
:020000041d02db
:1091b000e8ffbd271400bfaf1000b0af1000a01033
:1091c0002580a0000f00a490feff8224ff00423003
:1091d0000200422c0a004050258000000e00a290a0
:1091e0000600422c0b0040101305062402008438b0
:1091f000039d053cac2ba5243abf400f0100842cf5
:10920000251000021400bf8f1000b08f0800e0038b
:109210001800bd270300843817050624039d053c6c
:10922000ac2ba5243abf400f0100842cf5ff0010a1
:049230002510000203
:020000040000fa
:020000041d02db
:10923400e8ffbd271400bfaf8c80848f0500801029
:109244009880858f24be400f000000008c8080af82
:109254009880858f0180043c09c5400f9c8c842430
:10926400848080af0180043c5b9b400fb08c8424dd
:109274009480848f050080109080858fcec3400f2a
:1092840000000000948080af9080858f0500a010be
:109294009880848f0c00828c09f840000000000044
:1092a400908080af988080af1400bf8f0800e003e7
:0492b4001800bd27ba
:020000040000fa
:020000041d02db
:1092b8001e00801025100000420083944000633097
:1092c8001a00601000000000e8ffbd271400bfafbf
:1092d800251080002c0084240300a8880000a8988a
:1092e8000700a7880400a7980b00a6880800a6987e
:1092f8000f00a3880c00a398030088a8000088b872
:10930800070087a8040087b80b0086a8080086b85d
:109318000f0083a86c98400f0c0083b8010002244a
:109328001400bf8f0800e0031800bd270800e00301
:049338000000000031
:020000040000fa
:020000041d02db
:10933c0077008590010003241c00a314ffff022476
:10934c004000838c1900601001000624e8ffbd2743
:10935c001400bfaf4200829440008394211043005c
:10936c006000839421104300620083942610430014
:10937c00720082a4780080a0f880828f8210020094
:10938c00500082ac4a11400f020005240500401029
:10939c001400bf8f0300401c01000224ffff0224b5
:1093ac001400bf8f0800e0031800bd270800e0037d
:0493bc0000000000ad
:020000040000fa
:020000041d02db
:1093c0001e00a010fbff02240000a38c1b006010f5
:1093d0000000000019008010faff0224420083946c
:1093e000400068301500001100000000e0ffbd27bc
:1093f0000b00e0101c00bfaf0010633005006014cc
:10940000f8ff02241000a6af01000724cf63400f2d
:10941000040086241c00bf8f0800e0032000bd2745
:109420001f7f400f0000000002000324ffff042400
:109430000b206200f7ff0010251080000800e003f9
:049440000000000028
:020000040000fa
:020000041d02db
:10944400e8ffbd271400bfaf14c6400f1000b0af33
:109454001700401025180000258040003c0044906f
:1094640001000224120082140100052499ab400f6c
:1094740025200002060040140100062401000524f2
:10948400bf82400f2520000209004010251800006b
:109494004000028e0002423005004014c00503243f
:1094a4000400038e0800028e23186200ffff63305d
:1094b400251060001400bf8f1000b08f0800e00377
:0494c4001800bd27a8
:020000040000fa
:020000041d02db
:1094c800d8ffbd272400bfaf2000b3af1c00b2af48
:1094d8001800b1af1400b0af259080002520a0007f
:1094e8002598c0000400458e0800508e2380050290
:1094f8002b88d0002510c0000a101102050080102a
:1095080025884000040040500400428e8dc5400f5d
:10951800253040000400428e21885100040051aedd
:109528002b101302010042382400bf8f2000b38f94
:109538001c00b28f1800b18f1400b08f0800e00330
:049548002800bd2713
:020000040000fa
:020000041d02db
:10954c0088ffbd277400bfaf7000b1af6c00b0af27
:10955c004081828f16004018258080004481918fb5
:10956c001000a527ab6e400f240024860600401087
:10957c005800a38f1000028e030062140100052412
:10958c00fe83400f240024861800038e0200022460
:10959c00070062144081828fffff422404004014b4
:1095ac00408182af1fb1400f25202002448180af43
:1095bc007400bf8f7000b18f6c00b08f0800e00397
:0495cc007800bd273f
:020000040000fa
:020000041d02db
:1095d0001e00801025100000e0ffbd271c00bfaf5b
:1095e0001800b2af1400b1af1000b0af25888000f2
:1095f000039d103c48211026039d123c60215226f9
:10960000080010260400058e0c00a01000000000c9
:1096100098c5400f252020020800401400000000db
:109620000000028e1c00bf8f1800b28f1400b18f93
:109630001000b08f0800e0032000bd27f1ff1216d4
:1096400008001026f7ff0010251000000800e003b6
:049650000000000016
:020000040000fa
:020000041d02db
:10965400fcffa8241b000011251000000500032da9
:10966400040002240b1003012518400025380000d3
:109674002510000003000c2404000b2413006018c0
:109684002530800021688300254800008a51c37c6e
:109694000000ce9026504e010100c624fbffa61503
:1096a40025482a010a1089010400e7242318a70089
:1096b4000500662c0a1866012b30e800efffc01481
:1096c400040084240800e00300000000f6ff0010fa
:0496d4000300022469
:020000040000fa
:020000041d02db
:1096d80046524d54584f4b2000000000e823039d8c
:1096e80046524d52584f4b2000000000cc23039d9a
:1096f8005258425546434e5400000000b023039d83
:1097080052584f56464c4f57000000009423039d73
:109718004643534552524f52000000007823039da0
:10972800414c474e45525220000000005c23039de7
:1097380053434f4c46524d20000000004023039de8
:109748004d434f4c46524d20000000002423039dfa
:020000040000fa
:020000041d02db
:10975800e8ffbd271400bfaf1000b0afa4bc400f96
:10976800258080000e0040101400bf8f340006963c
:109778002000c2301200405422000596f4bb400f6e
:10978800000000002c00038e2b104300070040103f
:109798000100052465af400f252000021400bf8f8b
:1097a8001000b08f0800e0031800bd27f8ff05245b
:1097b8005bb8400f25200002f9ff00101400bf8f8e
:1097c800c4bd400f25200002f5ff00101400bf8f14
:020000040000fa
:020000041d02db
:1097d80022008294010042301b0040140000000067
:1097e800e0ffbd271c00bfaf1800b1af1400b0af39
:1097f8001000858c0b00a010258080001000a2941a
:1098080001004230050040140000b18ca080848f14
:109818000c00828c09f8400000000000f7ff2016b9
:1098280025282002a080848f0c00828c09f8400033
:10983800252800021c00bf8f1800b18f1400b08fbc
:109848000800e0032000bd270800e0030000000036
:020000040000fa
:020000041d02db
:10985800d8ffbd272400bfaf2000b3af1c00b2afb4
:109868001800b1af1400b0af0180023ce08b5394f4
:109878000a00601a25908000f480908f25880000e7
:109888002528400298c5400f78000426080040109b
:1098980001003126faff331680001026ee9c400f97
:1098a8002520400244b4400f252040002580400078
:1098b800251000022400bf8f2000b38f1c00b28f38
:1098c8001800b18f1400b08f0800e0032800bd27ee
:020000040000fa
:020000041d02db
:1098d800040002240700c214010002240b00a21491
:1098e80001000324420082940400627c0800e00323
:1098f800420082a4020002241300c21000000000eb
:10990800030002241000a21000000000e8ffbd2799
:109918001400bfaf42008294f8ff423001000324d4
:109928000463627c420082a42400828c100082ac12
:109938002800828ca2a9400f140082ac1400bf8fab
:109948000800e0031800bd270800e003000000003d
:020000040000fa
:020000041d02db
:10995800e8ffbd271400bfaf1000b0af258080001e
:109968000c000224760082a09abb400f252000003c
:109978003c000386802003001881838f211864002f
:10998800000060ac252840004ebd400f2520000097
:109998000c81848f0c00828c09f840001400058e1d
:1099a8000c81848f0c00828c09f840000000058e21
:1099b8000c81848f0c00828c09f840002528000255
:1099c8001400bf8f1000b08f0800e0031800bd27f7
:020000040000fa
:020000041d02db
:1099d800d8ffbd272400bfaf2000b3af1c00b2af33
:1099e8001800b1af2ac0400f1400b0afffff4230db
:1099f80000c0503400401124ffff133400c012345b
:109a08002ebb400f252000020a00405425100002fa
:109a1800030013522580400201001026ffff103278
:109a2800ffff3126f6ff2016000000002580000009
:109a3800251000022400bf8f2000b38f1c00b28fb6
:109a48001800b18f1400b08f0800e0032800bd276c
:020000040000fa
:020000041d02db
:109a5800e8ffbd271400bfaf0ac6400f1000b0af23
:109a6800258040001600001225100000770004929f
:109a780001000324130083141400bf8f4c00038ecd
:109a8800110060501000b08f76000392030002248a
:109a98000300621008000424090064142510000063
:109aa8003bb2400f252000020400038e0000048e04
:109ab80023186400ffff632423106200ffff423075
:109ac8001400bf8f1000b08f0800e0031800bd27f6
:020000040000fa
:020000041d02db
:109ad800d8ffbd272400bfaf2000b3af1c00b2af32
:109ae8001800b1af78c7400f1400b0afffff423085
:109af80000c0503400401124ffff133400c012345a
:109b080064bb400f252000020a00405425100002c3
:109b1800030013522580400201001026ffff103277
:109b2800ffff3126f6ff2016000000002580000008
:109b3800251000022400bf8f2000b38f1c00b28fb5
:109b48001800b18f1400b08f0800e0032800bd276b
:020000040000fa
:020000041d02db
:109b5800d8ffbd272400bfaf2000b3af1c00b2afb1
:109b68001800b1af1400b0af258080001400928cab
:109b78000800828ce0b8400f020044942598400009
:109b88009ac4400f25204000030051241000038e82
:109b98002b18710007006014ffff02240300022441
:109ba800000042a225286002aac6400f01004426f0
:109bb800251020022400bf8f2000b38f1c00b28f15
:109bc8001800b18f1400b08f0800e0032800bd27eb
:020000040000fa
:020000041d02db
:109bd800e8ffbd271400bfaf4881828f10004018ee
:109be800040005241800838c100065540200042426
:109bf8001400828c01000324041843002718030072
:109c08000180023c988b42240c00448c2420830061
:109c18000c0044ac1000448c24188300100043aca2
:109c28001400bf8f0800e0031800bd27fcff641470
:109c3800ffff4224faff4014488182afa6a2400fda
:109c4800000000000180023cf5ff0010ac8b40ac26
:020000040000fa
:020000041d02db
:109c5800ffff8324feff632c1b006010251000000b
:109c6800ffff83300500652c1700a0100180053c1c
:109c7800c01003002110430080100200a485a52411
:109c8800211045002000458c0f00a4142510000069
:109c9800c020030021208300801004000180043cc0
:109ca800a48584248a21827c070080102510000066
:109cb800c010030021184300801803000180023cf3
:109cc800a4854224211043000800e003000000009e
:020000040000fa
:020000041d02db
:109cd800e0ffbd271c00bfafe08182271400a2afc0
:109ce8001000a0af2538000080000624039d053c25
:109cf8000833a524029d043cb841400fa46784247e
:109d0800010003240e0043140080023c006002405e
:109d18008482027c000c423400608240c000000053
:109d2800ffff0224e48182af01000224f88182afa0
:109d3800008280af4fb3400f000000000080023c5b
:109d48000c02428c1c00bf8f0800e0032000bd27d6
:020000040000fa
:020000041d02db
:109d5800d3e160c35b99f340b2628264d17510604d
:109d6800e0045da383ff57a57d73a673d2b8d80d11
:109d7800aaf6a6c35a91bb4579d73fd0c8fed111e0
:109d8800b0391306828adfed528f018121b3febdff
:109d9800c343e797b87dbb63db1333ded9d1ece16e
:109da80077cfa6b71fe8ab1da46624ed6415e51ca4
:109db800cde2c7ca86e283990eeaeb9112041552e6
:109dc8008b2295910281b02dd431f4c9f70427df95
:020000040000fa
:020000041d02db
:109dd80004eec63bb231df2c630a1afbe724949ddc
:109de800005a587851e1aa795e477347c8b056625d
:109df8001c18bddcdd8d99fc5fc2b92053d8cfacef
:109e0800fb0bb8831205fad1ddd6c071318a601810
:109e1800f03b73f5ede4d4d071f9de03fd7aea1076
:109e28005d9299b8af99aa075bdb4db9aa28c18d95
:109e3800174b56ee2a014d098896ff2282c955a86c
:109e48001969e069fa8ce007a180183a07dfae17b4
:020000040000fa
:020000041d02db
:109e58000180033cbc8960ac0180023cd88940acdd
:109e6800d8894224040040ac080040ac0c0040ac47
:109e7800100040ac140040ac180040ac1c0040acd2
:109e88000180023cc48940acc4894224040040ac2f
:109e9800080040ac0c0040ac100040ac0180023c13
:109ea800f88940acf8894224040040ac080040ac72
:109eb8000c0040ac100040ac140040ac180040aca2
:109ec8001c0040acbc8963240800e003040060acbb
:020000040000fa
:020000041d02db
:109ed8005365742042494f53204e616d65204f4ba6
:109ee8000d0a00005365742042494f53204e616d9e
:109ef80065206661696c65640d0a000055736167c9
:109f0800653a2073657462696f73203c696e746585
:109f180072666163653e203c782e782e782e783ef6
:109f2800200d0a0045783a2073657462696f7320c2
:109f38005049433332494e54204d434850424f41d3
:0c9f480052445f3239200d0a0000000076
:020000040000fa
:020000041d02db
:109f5400d8ffbd272400bfaf2000b3af1c00b2afb1
:109f64001800b1af1400b0af259880002520a000e0
:109f74002588c0002590e0000400a28c09f8400068
:109f84002528e0000900401025804000040020122c
:109f940025304002252820028dc5400f2520400091
:109fa40025280002f38b400f2520600225100002b3
:109fb4002400bf8f2000b38f1c00b28f1800b18f14
:0c9fc4001400b08f0800e0032800bd2747
:020000040000fa
:020000041d02db
:109fd000e8ffbd27160082300a0040141400bfaf0e
:109fe0006e00a294252082006e00a4a4ec80828fd3
:109ff00001004224ec8082af1400bf8f0800e00310
:10a000001800bd276e00a294252082006e00a4a433
:10a01000ec80828f01004224ec8082af0080023c01
:10a02000007d42241800439401006334180043a4c7
:10a0300025300000010005240080043ce4bd400ff1
:0ca04000107d8424edff00101400bf8f81
:020000040000fa
:020000041d02db
:10a04c001c00a0102510a0000000a68c1900c01048
:10a05c00251000000180023ce08b47941500e018ad
:10a06c0025100000f480828f252800000400805009
:10a07c00420043940c0082540100a52442004394f6
:10a08c0040006330080060500100a5240400438c9c
:10a09c002618c3000800488c2418680005006010be
:10a0ac00000000000100a524f0ffa714800042244a
:0ca0bc00251000000800e0030000000078
:020000040000fa
:020000041d02db
:10a0c800e0ffbd271c00bfaf1800b2af1400b1af4e
:10a0d8001000b0af2588a000002104000080103ccb
:10a0e800007d1026218004029abb400f2520000025
:10a0f8000800129627181100241843020001313273
:10a1080004002012080003a6d480838fffff632475
:10a11800d48083af252840004ebd400f2520000085
:10a12800251040021c00bf8f1800b28f1400b18f99
:0ca138001000b08f0800e0032000bd27dd
:020000040000fa
:020000041d02db
:10a14400740087940010e7300400e0100000000061
:10a154004800838c1700601401000224e8ffbd2727
:10a164001400bfaf1000b0af258080002b3807006b
:10a1740044008624400085244199400f4800848c83
:10a1840025184000480002ae0600601025100000ab
:10a1940074000296010003240463627c740002a626
:10a1a400010002241400bf8f1000b08f0800e003e8
:0ca1b4001800bd270800e00300000000b8
:020000040000fa
:020000041d02db
:10a1c000e0ffbd271c00bfaf1800b1af1400b0af57
:10a1d0002580800014c6400f2588a0001300401081
:10a1e0001c00bf8f2c00438c100060102530200213
:10a1f0001c00658c1000648c300044ac0c0084940e
:10a20000f8ff8424340044a40400a494360044a439
:10a210001c00638c08006324380043ac2528000030
:10a220006c5c400f252000021c00bf8f1800b18f0e
:0ca230001400b08f0800e0032000bd27e0
:020000040000fa
:020000041d02db
:10a23c00e0ffbd271c00bfaf1800b1af1400b0afda
:10a24c002580a00014c6400f2588c00025184000aa
:10a25c001100601025100000100020121c00bf8f90
:10a26c003c00629003000212010004240a0000105a
:10a27c002510000008000416251000000000228e96
:10a28c00180062ac4000628c60004234c439027c1d
:10a29c00400062ac010002241c00bf8f1800b18f7b
:0ca2ac001400b08f0800e0032000bd2764
:020000040000fa
:020000041d02db
:10a2b8001c00868c1800828c2330c2001900c01044
:10a2c80000000000d0ffbd272c00bfaf2800b2afb0
:10a2d8002400b1af2000b0af258080000000928c30
:10a2e8000400918c039d053ca032a524dcc6400fd8
:10a2f8001000a4270000428e1000a52709f840008e
:10a30800252020021c00028e180002ae2c00bf8ff0
:10a318002800b28f2400b18f2000b08f0800e0031e
:0ca328003000bd270800e003000000002a
:020000040000fa
:020000041d02db
:10a334000800e003000000002518e003009d043c31
:10a344003031842416008010000000000000858c49
:10a354001300a010040084240000868c04008424cc
:10a3640000008b8404008424039d0c3c282d8c2540
:10a3740080580b0021606c0100008c8d09f880016d
:10a38400000000002520400003008424fcff062474
:10a394002420c4000000858cecffa0140000000001
:0ca3a40025f860000800e0030000000045
:020000040000fa
:020000041d02db
:10a3b0001c00c010ffffc8240000a3800100a724d8
:10a3c000010082240e006010000083a02130a6004e
:10a3d000060000102128a8000100e724ffffe48008
:10a3e00009008010ffff64a0251060002340a70033
:10a3f000f9ffc714010043240800e0030000000037
:10a400002518400025108000fbff00112120680066
:10a4100001006324feff8314ffff60a00800e00337
:0ca420000a1082000800e00325108000f4
:020000040000fa
:020000041d02db
:10a42c0020000524000082800d004510f7ff432416
:10a43c000500632c0a0060142b0003240a0043104f
:10a44c002d000324030043142528000001000524db
:10a45c000100842425100000070000100a000724c6
:10a46c00f0ff001001008424f9ff001025280000e3
:10a47c00010084242310430000008380d0ff632458
:10a48c000a00662cfaffc054021047700100a0505d
:0ca49c00231002000800e0030000000094
:020000040000fa
:020000041d02db
:10a4a800e0ffbd271c00bfaf1800b1af1400b0af6c
:10a4b8001100a0102580c0002588a00016a2400f1a
:10a4c800010005240d004050ffff02241000001673
:10a4d800080051ac3ac4400f0400448c2580200287
:10a4e800251000021c00bf8f1800b18f1400b08f18
:10a4f8000800e0032000bd27fdff0224f9ff0052f9
:10a5080025100002000002aef5ff001025800000b3
:08a51800f0ff0010000000ae8e
:020000040000fa
:020000041d02db
:10a52000021204004700452c0300a01425188000e7
:10a53000e0ff4224047a437cff0084304700822cf1
:10a5400004004014003a627ce0ff84240438837cd9
:10a55000003a627c3a00452cd0ff44240300a0144a
:10a56000ff008430c9ff4424ff008430ff006330c3
:10a570003a00652cd0ff62240300a014ff00423093
:10a58000c9ff6324ff00623000210400251082000f
:08a590000800e003ff00423067
:020000040000fa
:020000041d02db
:10a5980005008010251000004200829440004230df
:10a5a80011004014000000000800e0030000000053
:10a5b8001dcb400f00000000401802002118620067
:10a5c800c018030023186200801803002118030232
:10a5d80058006290010042301400bf8f1000b08f05
:10a5e8000800e0031800bd27e8ffbd271400bfaf2f
:10a5f8001000b0af7c80908fedff00162510000092
:08a60800f6ff00101400bf8fe3
:020000040000fa
:020000041d02db
:10a61000f080828f040040500180023c18004414f6
:10a620000180023cf08080afe08b45941200a018be
:10a6300025100000f480828f420043944000633074
:10a640000b006054f080838f010063240300655485
:10a6500080004224050000102510000042004494b0
:10a6600040008430f9ff801001006324f080838f64
:10a6700003006014000000000800e003f08082afd7
:08a680000800e00300000000e7
:020000040000fa
:020000041d02db
:10a68800e8ffbd271400bfaf1000b0af25808000e1
:10a698009abb400f25200000180003260800601010
:10a6a8001c0003261800038e040003ae1c00038e52
:10a6b800080003ae2000038e050000100c0003ae56
:10a6c800faff601420000326fbff60542000038e6d
:10a6d800252840004ebd400f25200000420002966c
:10a6e8000463027c420002a61400bf8f1000b08fe2
:08a6f8000800e0031800bd2773
:020000040000fa
:020000041d02db
:10a7000002000000d4ef009dc476029d030000000b
:10a71000985c019d48c5019d0600000064b2029d41
:10a72000b8ff029d09000000848a019df86f019d19
:10a730000a000000f454019d84b2019d0c00000049
:10a740008033019d5cc3029d0e000000cc6a019d18
:10a75000d89b029d15000000c485019d8cd9029de7
:10a760000f00000058ec009d4c95029d1f0000005a
:08a77000a019029de8e2029d20
:020000040000fa
:020000041d02db
:10a77800e0ffbd271c00bfaf1800b2af1400b1af97
:10a788001000b0af258080002590a0009abb400f34
:10a7980025200000258840000ac6400f2520000219
:10a7a80007004010258000007c00438c05007214cf
:10a7b800252820027c0040ac7a0040a40100102427
:10a7c800252820024ebd400f25200000251000023c
:10a7d8001c00bf8f1800b28f1400b18f1000b08f0b
:08a7e8000800e0032000bd277a
:020000040000fa
:020000041d02db
:10a7f000e0ffbd271c00bfaf1800b2af1400b1af1f
:10a800001000b0af258080002590a0009abb400fbb
:10a81000252000002588400014c6400f2520000296
:10a8200007004010258000005800438c050072147a
:10a8300025282002580040ac600040a401001024ec
:10a84000252820024ebd400f2520000025100002c3
:10a850001c00bf8f1800b28f1400b18f1000b08f92
:08a860000800e0032000bd2701
:020000040000fa
:020000041d02db
:10a868001b00c01000000000e0ffbd271c00bfafa8
:10a878001800b2af1400b1af1000b0af2580c0000f
:10a888002590a0009ac4400f2520c0004100512cfb
:10a89800400003240b185100258860002530600013
:10a8a800252800028dc5400f2000448e2000428ece
:10a8b80021885100000020a21c00bf8f1800b28f11
:10a8c8001400b18f1000b08f0800e0032000bd27ee
:08a8d8000800e003000000008d
:020000040000fa
:020000041d02db
:10a8e000e0ffbd271c00bfaf1800b2af1400b1af2e
:10a8f0001000b0af258880000800908c2c00022644
:10a900000a101000258040009ac4400f2520400006
:10a91000030052241000238e2b18720008006014cc
:10a92000ffff02241400248e04000224000082a0f1
:10a9300025280002aac6400f0100842425104002e9
:10a940001c00bf8f1800b28f1400b18f1000b08fa1
:08a950000800e0032000bd2710
:020000040000fa
:020000041d02db
:10a95800e0ffbd271c00bfaf1800b2af1400b1afb5
:10a968001000b0af11008014ffff10242590c00024
:10a978002588a0000180043c27c7400f648d8424eb
:10a988000a0040100180023c648d428c0000428c19
:10a998002528400209f84000252020022580400093
:10a9a8000180043c52c4400f6c8d842425100002a1
:10a9b8001c00bf8f1800b28f1400b18f1000b08f29
:08a9c8000800e0032000bd2798
:020000040000fa
:020000041d02db
:10a9d000e0ffbd271c00bfaf1800b2af1400b1af3d
:10a9e0001000b0af11008014ffff10242590c000ac
:10a9f0002588a0000180043c27c7400f648d842473
:10aa00000a0040100180023c648d428c0c00428c94
:10aa10002528400209f8400025202002258040001a
:10aa20000180043c52c4400f6c8d84242510000228
:10aa30001c00bf8f1800b28f1400b18f1000b08fb0
:08aa40000800e0032000bd271f
:020000040000fa
:020000041d02db
:10aa4800e0ffbd271c00bfaf1800b2af1400b1afc4
:10aa5800ccc9400f1000b0af258840000180103ce1
:10aa6800308b10260400028e1800428c09f8400032
:10aa7800000000001000038e231043002800048efd
:10aa88002c00058e219044002b10420221804500a5
:10aa9800d3c9400f252020022510400225180002a6
:10aaa8001c00bf8f1800b28f1400b18f1000b08f38
:08aab8000800e0032000bd27a7
:020000040000fa
:020000041d02db
:10aac000e0ffbd271c00bfaf1800b1af1400b0af4e
:10aad0008fad400f2580800011004010010011242f
:10aae00016a7400f252000020b00401025804000d3
:10aaf0000100429004004010000000003ca1400f03
:10ab000025200002010000a2180000a2190000a2e6
:10ab1000000000a225880000e2bb400f00000000fa
:10ab2000251020021c00bf8f1800b18f1400b08fb9
:08ab30000800e0032000bd272e
:020000040000fa
:020000041d02db
:10ab3800e0ffbd271c00bfaf1800b1af1400b0afd5
:10ab4800258880002580a0002528800023c2400f8a
:10ab5800252000020b0040506400028e2800048e5d
:10ab680024104400240004860a20447c1000828caf
:10ab7800000040ac6c00028e09f8400000000000a4
:10ab88006400028e2528200209f840005c00048e2b
:10ab98001c00bf8f1800b18f1400b08f0800e003ad
:04aba8002000bd27a5
:020000040000fa
:020000041d02db
:10abac00e8ffbd271400bfaf1000b0afa4bc400f2e
:10abbc00258080000c0040101400bf8f34000296da
:10abcc0000f042300b0040100900052465af400f27
:10abdc002520000203004010030002241a0002a6e4
:10abec001c0000a61400bf8f1000b08f0800e003fb
:10abfc001800bd270600052465af400f2520000274
:10ac0c00f8ff4010050002241a0002a6f5ff001000
:04ac1c001c0000a672
:020000040000fa
:020000041d02db
:10ac2000e8ffbd271400bfaf1000b0af2580800043
:10ac30000800828c1400438c0000638c0a00469448
:10ac400025288000039d043c09f86000fcc2842490
:10ac50000a004014010003243c0000ae030002245b
:10ac60001a0002a6040002241c0002a61400bf8fd2
:10ac70001000b08f0800e0031800bd27fbff431051
:10ac8000252840005bb8400f25200002f8ff001087
:04ac90001400bf8f5e
:020000040000fa
:020000041d02db
:10ac9400e0ffbd271c00bfaf1800b2af1400b1af76
:10aca4001000b0af1000a010f9ff12242588a000f6
:10acb40016a2400f010005240b004010ffff1224d0
:10acc4000400508c25282002aa77400f1000048e1f
:10acd400259040000400029602004234040002a6bb
:10ace4003ac4400f25200002251040021c00bf8feb
:10acf4001800b28f1400b18f1000b08f0800e00369
:04ad04002000bd2747
:020000040000fa
:020000041d02db
:10ad0800e8ffbd271400bfaf1000b0af258080005a
:10ad1800294b400f00008494000002a6294b400fe5
:10ad280002000496020002a6264b400f0400048e7f
:10ad3800040002ae264b400f0800048e080002ae45
:10ad4800294b400f0e0004960e0002a6294b400f17
:10ad580010000496100002a6294b400f120004961a
:10ad6800120002a61400bf8f1000b08f0800e00385
:04ad78001800bd27db
:020000040000fa
:020000041d02db
:10ad7c00e8ffbd271400bfaf0ac6400f1000b0afec
:10ad8c0013004010251800002580400074004294e8
:10ad9c008000423009004014010003247400029624
:10adac008452627c740002a601000524556e400f8b
:10adbc00252000020600401001000324253000006d
:10adcc0001000524758a400f252000020100032490
:10addc00251060001400bf8f1000b08f0800e00336
:04adec001800bd2767
:020000040000fa
:020000041d02db
:10adf00025108000000083948439037c2528650099
:10ae00000800c010000085a40300c3880000c39898
:10ae1000100083ac0400c390140083a00500c3900d
:10ae2000150083a00180033c2c8a638c0c0043ac8a
:10ae3000010003240900e010160043a4e8ffbd2729
:10ae40001400bfaf2520e000f38b400f0400452421
:10ae50001400bf8f0800e0031800bd270800e003be
:04ae600000000000ee
:020000040000fa
:020000041d02db
:10ae6400e0ffbd271c00bfaf1800b2af1400b1afa4
:10ae74001000b0af258880002590a0009abb400f39
:10ae8400252000000c00308e090000122528400007
:10ae940022000396080063300500601000000000e3
:10aea40003004012258000000c0020ae252840003d
:10aeb4004ebd400f25200000251000021c00bf8f4e
:10aec4001800b28f1400b18f1000b08f0800e00397
:04aed4002000bd2776
:020000040000fa
:020000041d02db
:10aed8001a008010251000001800a0102518800006
:10aee8001200c62c1500c0142520a000d8ffbd27cd
:10aef8002400bfaf25106000050063901c00a3afbd
:10af0800040043901800a3af030043901400a3afbc
:10af1800020043901000a3af010047900000469044
:10af2800039d053cdcc6400f2821a524010002240e
:10af38002400bf8f0800e0032800bd270800e003b5
:04af48000000000005
:020000040000fa
:020000041d02db
:10af4c000180023cac8b428c18004010080002249b
:10af5c000400a210f5ffa524fd00a5301300a014d9
:10af6c0000000000e8ffbd27090080101400bfafef
:10af7c000180033c988b63246c00849401000224b0
:10af8c00041082000c00648c251044000c0062ac90
:10af9c002530000000010524159d400f0e000424ef
:10afac001400bf8f0800e0031800bd270800e00361
:04afbc000000000091
:020000040000fa
:020000041d02db
:10afc000c8ffbd273400bfaf3000b3af2c00b2af15
:10afd0002800b1af2400b0af200091241800868c67
:10afe0002330d1000c00c010258080000000938c1d
:10aff0000400928c039d053ca832a524dcc6400fba
:10b000001000a4270000628e1000a52709f8400058
:10b0100025204002180011ae3400bf8f3000b38fde
:10b020002c00b28f2800b18f2400b08f0800e003fd
:04b030003800bd2700
:020000040000fa
:020000041d00dd
:10011000e0ffbd271c00bfaf1800b2af1400b1afa5
:100120001000b0af258080002588a0002590c00079
:100130000800048e0c00028e0a0082540000828c9b
:100140000c0000ae08008014080000ae1c00bf8f39
:100150001800b28f1400b18f1000b08f0800e003b8
:100160002000bd27080002aef2ff20520800048ed6
:1001700009f8200225284002eeff00100800048e36
:020000040000fa
:020000041d00dd
:10019000e8ffbd271400bfaf1000b0afa4bc400ff4
:1001a00025808000120040100900052434000696c6
:1001b0002200039600206430fffdc2300002c634e6
:1001c0000b10c40000106330fffe463000014234c3
:1001d0000b30430097af400f252000020400401071
:1001e000030002241a0002a6080002241c0002a632
:1001f0001400bf8f1000b08f0800e0031800bd2767
:020000040000fa
:020000041d02db
:10b03400e8ffbd271400bfaf1000b0afa4bc400fa1
:10b04400258080000e0040101400bf8f340002964b
:10b05400080042300d00401000120624252800008c
:10b0640097af400f25200002040040100300022483
:10b074001a0002a60a0002241c0002a61400bf8fb4
:10b084001000b08f0800e0031800bd27faff052464
:10b094005bb8400f25200002f9ff00101400bf8f99
:020000040000fa
:020000041d02db
:10b0a40090ffbd276c00bfaf6800b0af2580800063
:10b0b4003400a0af1000a527ab6e400f70808487ca
:10b0c4003400a28f280002ae09000224560002a612
:10b0d40058000292010003244408627c0421627c2b
:10b0e4004429627cc439027c580002a24800048ec0
:10b0f400040080106c00bf8f9994400f2528000035
:10b104006c00bf8f6800b08f0800e0037000bd279b
:020000040000fa
:020000041d02db
:10b11400e8ffbd27050080101400bfafc2c3400f75
:10b12400f080848f140040141400bf8f0180023c0f
:10b13400e08b45940f00a01825100000f480828f46
:10b1440025180000420044944000843006008050da
:10b1540001006324740044940100843006008014c8
:10b164001400bf8f01006324f6ff6514800042249d
:10b17400251000001400bf8f0800e0031800bd274d
:020000040000fa
:020000041d02db
:10b184000c00a010240085ac4800829400044230d6
:10b1940008004014000000003f008290020042308a
:10b1a40004004014000000004000828cc418027c9b
:10b1b400400082ac0c00c010251000003c008590bb
:10b1c400010003240800a314000000000000c28c46
:10b1d400180082ac4000828c60004234c439027c86
:10b1e400400082ac010002240800e00300000000db
:020000040000fa
:020000041d02db
:10b1f400e8ffbd271400bfaf1000b0af39b6400f51
:10b20400258080004000028e448c027c400002ae07
:10b214001bbd400f252000022c00048e030080106b
:10b224000900062496ae400fefff052412000286a3
:10b23400801802003481828f21104300000040ac4a
:10b244002c81848f0c00828c09f840002528000290
:10b254001400bf8f1000b08f0800e0031800bd2752
:020000040000fa
:020000041d02db
:10b264001800848c030003241700831001000224b7
:10b27400e8ffbd271400bfaf3c81828f0e0040144d
:10b2840025300000029d053ce093a524caae400f82
:10b294000600042407004014388182af40c5400fe3
:10b2a40000000000251000001400bf8f0800e00318
:10b2b4001800bd273c81828f010042243c8182af6b
:10b2c400f9ff0010010002240800e0030000000060
:020000040000fa
:020000041d02db
:10b2d4000180023c648b428c0b0040500180023c94
:10b2e400090080500180023c0c00438c2b18640040
:10b2f4000a006014000000000c00438c232064004a
:10b304000c0044ac0180023c308b42241400438c7a
:10b31400100043ac0800e003000000000c00438c64
:10b324000c0040ac1c00428cf6ff4010232083002c
:10b33400edff801400000000f3ff00100180023cc8
:020000040000fa
:020000041d02db
:10b34400170080100180073c7c8de28cf0ff86247e
:10b35400150040102540e000f0ff838c0000458c70
:10b3640021488300070049141000a5241000428cd2
:10b3740021186500f0ff83ac000082ac0800e003f4
:10b384007c8de6ac213845000300c7142118650004
:10b394000800e003000043ac000082ac7c8d06ade5
:10b3a4000800e00300000000fcff0010000080ac77
:020000040000fa
:020000041d02db
:10b3b400e0ffbd271c00bfaf1800b1af1400b0af51
:10b3c400258880002580a0002528800023c2400f06
:10b3d4002520000208004010401006242800048e96
:10b3e40024104400240004867000038efeff05240c
:10b3f40009f860000a20447c6400028e252820029b
:10b4040009f840005c00048e1c00bf8f1800b18f47
:0cb414001400b08f0800e0032000bd27ea
:020000040000fa
:020000041d02db
:10b4200018008010f5ff02240800838c0180023c84
:10b430009088422410006250020085840800e003d6
:10b44000f5ff02240f00c010f7ff0224280086ac8d
:10b45000200087a402000224180082a41c0080a4fb
:10b460001a0080a401000224020082a41e0082a40b
:10b470000800e0030100022402000324f1ffa310ee
:0cb48000f6ff02240800e00300000000ba
:020000040000fa
:020000041d02db
:10b48c00e8ffbd271400bfafc0b3400f1000b0af32
:10b49c0012004010258040001400442414004294f3
:10b4ac0004004050240002961058400f0000000089
:10b4bc002400029603004010240004261058400f6c
:10b4cc000000000022c4400f25200002a800062422
:10b4dc0025280000a0c6400f252000021400bf8fb5
:0cb4ec001000b08f0800e0031800bd271e
:020000040000fa
:020000041d02db
:10b4f800e0ffbd271c00bfaf1800b1af1400b0af0c
:10b508002588a0000002f03028000324140002243b
:10b518000b107000258040002128a6002128450036
:10b528002530e0005a87400fffffa5300700401084
:10b538001c00bf8f060020121800b18f1800438c22
:10b54800218070001c0050ac1c00bf8f1800b18f08
:0cb558001400b08f0800e0032000bd27a5
:020000040000fa
:020000041d02db
:10b564003a20737461636b20636f6d6d616e6473f5
:10b574000000000074637069700000004661696c2b
:10b58400656420746f206372656174652054435050
:10b59400495020436f6d6d616e64730d0a000000a5
:10b5a400544350495020636f6d6d616e6473207411
:10b5b40061736b20726567697374726174696f6e0d
:0cb5c400206661696c65640d0a000000df
:020000040000fa
:020000041d02db
:10b5d000180080140180023c588d428c15004010e8
:10b5e0000180023ce0ffbd271c00bfaf1800b1afd7
:10b5f0001400b0af5c8d518c090020122580a00092
:10b600009ac4400f2520a0001800238e253040004a
:10b61000252800020180023c09f86000608d448cfe
:10b620001c00bf8f1800b18f1400b08f0800e0031a
:0cb630002000bd270800e003000000001f
:020000040000fa
:020000041d02db
:10b63c000180023c608b42901600401401000324f0
:10b64c00e8ffbd271400bfaf1000b0afffff0534fb
:10b65c000180043c46c4400f688b84240100042400
:10b66c0007004414251800000180103c308b102674
:10b67c000ab5400f0800048e310002a20100032419
:10b68c00251060001400bf8f1000b08f0800e0037d
:0cb69c001800bd270800e0032510600026
:020000040000fa
:020000041d02db
:10b6a80084bf023c000040ac84bf023c00004494cc
:10b6b800010003240429647c000044a484bf043ce2
:10b6c800d3300524200085ac81bf043c5001858c13
:10b6d8008420657c500185ac81bf043c4000858c8a
:10b6e8000421057c400085ac81bf043cc000858cea
:10b6f8000421657cc00085ac00004494c47b647c54
:0cb70800000044a40800e0030000000062
:020000040000fa
:020000041d02db
:10b71400200003240b20a5000b180500022c0400b4
:10b724000400a014021205001000633425288000d0
:10b7340002120500040040140221020008006334d0
:10b744002510a0000221020004008054821004008d
:10b754000400633425204000821004000400405497
:10b7640042100200020063342510800042100200df
:0cb77400010042380800e00325104300eb
:020000040000fa
:020000041d02db
:10b7800017008010f5ff02240800838c0180023c22
:10b79000908842240f006250020085840800e00374
:10b7a000f5ff02240e00c010f7ff0224280086ac2b
:10b7b00004000224180082a41c0080a41a0080a4a3
:10b7c00001000224020082a41e0082a40800e003fb
:10b7d0000100022402000324f2ffa310f6ff02245a
:08b7e0000800e0030000000076
:020000040000fa
:020000041d02db
:10b7e800e8ffbd271400bfaf1000b0afa4bc400fe6
:10b7f80025808000080040101400bf8f3400029696
:10b808000800423007004014faff05245bb8400fd7
:10b81800252000021400bf8f1000b08f0800e0033d
:10b828001800bd27001206242528000097af400ff6
:10b8380025200002f7ff4010020002241a0002a689
:08b84800f4ff00101c0000a633
:020000040000fa
:020000041d02db
:10b85000e8ffbd271400bfaf1000b0af2580800007
:10b860000800828c1400438c0400638c1000468c0a
:10b8700025288000039d043c09f86000fcc2842454
:10b8800007004104252840005bb8400f2520000236
:10b890001400bf8f1000b08f0800e0031800bd2710
:10b8a000fbff4014030002241a0002a60500022434
:08b8b000f7ff00101c0002a6c6
:020000040000fa
:020000041d02db
:10b8b8000400a38c0900632c15006014ffff022408
:10b8c8000000a38c3d000224000062a007000224af
:10b8d800010062a001000224020062a03c00822450
:10b8e8000a10040025204000030062240300858814
:10b8f80000008598060065a8000045b804008390fc
:10b90800040043a005008390050043a00900022419
:08b918000800e003000000003c
:020000040000fa
:020000041d02db
:10b920000400a38c0600632c15006014ffff0224a2
:10b930000000a68c0100c3900400632c100060146a
:10b940000000000058008290040042300a004014b9
:10b950000200c524300082240300a3880000a398bd
:10b96000330083a8000043b85900829001000324eb
:10b970004408627c590082a00100c2900200422467
:08b980000800e00300000000d4
:020000040000fa
:020000041d02db
:10b988000400a38c0600632c15006014ffff02243a
:10b998000000a38c01006690040005241000c51463
:10b9a80000000000580085900400a5300c00a01489
:10b9b8000600022434008524020062240300438820
:10b9c80000004398370083a80000a3b8590082906c
:10b9d800010003248410627c590082a0060002241e
:08b9e8000800e003000000006c
:020000040000fa
:020000041d02db
:10b9f000e0ffbd271c00bfaf1800b2af1400b1af0d
:10ba00001000b0af70bd400f259080002580400031
:10ba10004c005196ffff312678c7400f02882272f2
:10ba2000408010001b005000f40100021080000054
:10ba300021801102f4bb400f000050ae040042ae62
:10ba40001c00bf8f1800b28f1400b18f1000b08f90
:08ba50000800e0032000bd27ff
:020000040000fa
:020000041d02db
:10ba5800e8ffbd270200a0101400bfaf2c0085a08e
:10ba68002d0080a00800828c060040100000000015
:10ba780009f840000c00858c1400bf8f0800e00313
:10ba88001800bd27b2cc400f000000000200422c75
:10ba9800faff40541400bf8fb0cc400f00000000e4
:10baa800039d053c281fa5241097400f2520400022
:08bab800f2ff00101400bf8f23
:020000040000fa
:020000041d02db
:10bac000e0ffbd271c00bfaf1800b2af1400b1af3c
:10bad0001000b0af258080002588a0002590c00010
:10bae0009abb400f2520000008000396251823026a
:10baf000080003a6252840004ebd400f2520000069
:10bb00002530400225282002e4bd400f25200002f8
:10bb10001c00bf8f1800b28f1400b18f1000b08fbf
:08bb20000800e0032000bd272e
:020000040000fa
:020000041d02db
:10bb28001700a01025100000feff83242500632cb9
:10bb38001300601000000000002104000080023c97
:10bb4800007d4224211044000000438c0300601053
:10bb5800000000000a006554251000000500c01010
:10bb6800000045acdc80838f2b20c300201e037ca3
:10bb78000b3064000c0046a40800e0030a0046a449
:08bb88000800e00300000000ca
:020000040000fa
:020000041d02db
:10bb900017008010251000004000838c4040023cbc
:10bba000241862001200601001000224e8ffbd2783
:10bbb0001400bfaf1000b0af258080000300072441
:10bbc00004000624252880000180043c2789400fba
:10bbd000e08b842484a9400f252000020100022468
:10bbe0001400bf8f1000b08f0800e0031800bd27bd
:08bbf0000800e0030000000062
:020000040000fa
:020000041d02db
:10bbf800e0ffbd271c00bfaf1800b1af1400b0af05
:10bc0800258080000000a494400082300c00401081
:10bc18002588a000040004260a8e400f040025266b
:10bc280025282002f2c3400f0000048e1c00bf8f9d
:10bc38001800b18f1400b08f0800e0032000bd2762
:10bc4800800084302c000226180003260b106400a4
:08bc5800f1ff0010252040005f
:020000040000fa
:020000041d02db
:10bc6000e0ffbd271c00bfaf1800b1af1400b0af9c
:10bc70000d00801025800000258880000a00a0109b
:10bc80002580a00084be400f000000000c00401082
:10bc90002530000225282002fcc1400f252040004d
:10bca0003ac4400fc0818427251000021c00bf8fba
:10bcb0001800b18f1400b08f0800e0032000bd27ea
:08bcc000f7ff001025800000d1
:020000040000fa
:020000041d02db
:10bcc800e0ffbd271c00bfaf1800b2af1400b1af32
:10bcd8001000b0af259080002588a0007db3400fec
:10bce8002580c00006004054000052ac7db3400fd0
:10bcf800feff0424050040107cff0324000052ac22
:10bd0800040051ac080050ac251800002510600054
:10bd18001c00bf8f1800b28f1400b18f1000b08fb5
:08bd28000800e0032000bd2724
:020000040000fa
:020000041d02db
:10bd300016008010f5ff02240800838c0180023c6d
:10bd40009088422406006250c1bf023c0800e00314
:10bd5000f5ff0224251864000800e0030000a3acee
:10bd6000c0ff438c0006647c01008424c0ff438c28
:10bd70004006637c20000624100002240b10c30040
:10bd800025184000f3ffa014251000000800e00370
:04bd900000000000af
:020000040000fa
:020000041d02db
:10bd9400e8ffbd271400bfaf1000b0af25808000be
:10bda40001000224300082a0320085a40300022492
:10bdb400310082a00800828c020042949a72400fe3
:10bdc400360082a425204000030043380500810486
:10bdd4002b100300f7ff05245bb8400f2520000259
:10bde400251000001400bf8f1000b08f0800e0037e
:04bdf4001800bd274f
:020000040000fa
:020000041d02db
:10bdf800e8ffbd271400bfaf1000b0af258080005a
:10be08000800838c1000628c06004530040044341e
:10be18000a10850038004530200044340a10850097
:10be2800100062ac0100052465af400f2520000218
:10be380004004010030002241a0002a60100022494
:10be48001c0002a61400bf8f1000b08f0800e0038a
:04be58001800bd27ea
:020000040000fa
:020000041d02db
:10be5c00e8ffbd271400bfaf1000b0af25808000f5
:10be6c0001000224300082a0320085a4310082a09f
:10be7c00340086a40800828c020042949a72400f0f
:10be8c00360082a4252040000300433805008104bd
:10be9c002b100300f7ff05245bb8400f2520000290
:10beac00251000001400bf8f1000b08f0800e003b5
:04bebc001800bd2786
:020000040000fa
:020000041d02db
:10bec000e8ffbd271400bfaf1000b0afa4bc400f07
:10bed00025808000080040101400bf8f34000296b7
:10bee0000010423007004014fbff05245bb8400ff0
:10bef000252000021400bf8f1000b08f0800e0035f
:10bf00001800bd272528000065af400f252000023e
:10bf1000f8ff4010020002241a0002a6f5ff0010ec
:04bf20001c0000a65b
:020000040000fa
:020000041d02db
:10bf2400251080000000a48c0001033c7f006324e2
:10bf340012008310000000000180023ce08b459455
:10bf44000e00a01825100000f480828f0400438c9a
:10bf54000a0083100000000025180000010063247b
:10bf640003006554800042240800e003251000000b
:10bf74000400468cfaff8654010063240800e003a1
:04bf840000000000b9
:020000040000fa
:020000041d02db
:10bf8800e0ffbd271c00bfaf1800b1af1400b0af71
:10bf9800258080009abb400f25200000258840009e
:10bfa8004010100021105000801002000180043c55
:10bfb800008784241bc0400f212082002580400078
:10bfc800252820024ebd400f252000002510000224
:10bfd8001c00bf8f1800b18f1400b08f0800e00359
:04bfe8002000bd2751
:020000040000fa
:020000041d02db
:10bfec00e8ffbd271400bfaf0400848c2c00858ca7
:10bffc001200a0100180033c188a63241400628c88
:10c00c000800a58c231045003800638c2b104300ce
:10c01c0002004054180084242c008424cd91400f3d
:10c02c0000000000fcff43240a18020025106000e9
:10c03c001400bf8f0800e0031800bd27f7ff0010a5
:04c04c001800842430
:020000040000fa
:020000041d02db
:10c050000200032415008310ffff0224e8ffbd2720
:10c060001400bfaf2510e0002538c0002530a00027
:10c07000252840003d54400f01000424ffff032405
:10c0800007004310801802003481848f0a18837cd3
:10c090004000648c01000524448ca47c400064ac06
:10c0a0001400bf8f0800e0031800bd270800e0035c
:04c0b000000000008c
:020000040000fa
:020000041d02db
:10c0b400f8ffbd270400bfaf006802400008033c3e
:10c0c4002510430000688240c000000001000324e2
:10c0d40081bf023cc40043ac2510000000488240ec
:10c0e400c0000000ffff022400588240c00000008e
:10c0f40000680240c4de027c00688240c000000088
:10c1040081bf023cc80043ac0400bf8f0800e003b9
:04c114000800bd273b
:020000040000fa
:020000041d02db
:10c118004554484d414300004d434850424f415219
:10c12800445f45003139322e3136382e3130302ec9
:10c13800313000003235352e3235352e3235352e38
:10c14800300000003139322e3136382e3130302e61
:10c1580031000000302e302e302e300066756c6ca9
:10c1680000000000706f6f6c2e6e74702e6f726717
:04c1780000000000c3
:020000040000fa
:020000041d02db
:10c17c0015008010f5ff02240800838c0180023c1e
:10c18c00908842240d006250020086840800e0036f
:10c19c00f5ff0224280085ac06000224180082a4b6
:10c1ac001c0080a41a0080a401000224020082a4b6
:10c1bc001e0082a40800e0030100022402000324f4
:10c1cc00f4ffc310f6ff02240800e0030000000097
:020000040000fa
:020000041d02db
:10c1dc0015008010f5ff02240800838c0180023cbe
:10c1ec00908842240d006250020085840800e00310
:10c1fc00f5ff0224280086ac03000224180082a458
:10c20c001c0080a41a0080a401000224020082a455
:10c21c001e0082a40800e003010002240200032493
:10c22c00f4ffa310f6ff02240800e0030000000056
:020000040000fa
:020000041d02db
:10c23c000180023c90884224100044500180023c52
:10c24c000800e00300000000e8ffbd271400bfafaa
:10c25c00cc88429480180200039d023c7424422432
:10c26c000a10437c0180043c09f84000b488842403
:10c27c001400bf8f0800e0031800bd27b48842905b
:10c28c00f1ff40540180023c0800e0030000000074
:020000040000fa
:020000041d02db
:10c29c00e8ffbd271400bfaf1000b0afa4bc400f27
:10c2ac00258080000f0040101400bf8f2800048ee2
:10c2bc000900801025280000340003968000627c61
:10c2cc001000633025284000040042340a10a300fb
:10c2dc00000082ac252800005bb8400f252000022e
:10c2ec001400bf8f1000b08f0800e0031800bd27aa
:020000040000fa
:020000041d02db
:10c2fc00d002029d1002039de81b039d681e039d46
:10c30c003cc2029d44b5019da8ce029d1c13039d09
:10c31c00f012039dd4f2029d38e8029dbce7019d0a
:10c32c007cc7029d30bd029ddcc1029d80b7029d81
:10c33c0020b4029d7cc1029d4cf2029d280d039df0
:10c34c000c3d029da03a029d2444029d580d039d74
:020000040000fa
:020000041d02db
:10c35c00e8ffbd271400bfaf1000b0af7480828f10
:10c36c000f004018258080000100062401000524e0
:10c37c002b86400f1000848c1800038e02000224c0
:10c38c00070062147480828fffff42240400401463
:10c39c00748082afb093400f00000000648080afc7
:10c3ac001400bf8f1000b08f0800e0031800bd27e9
:020000040000fa
:020000041d02db
:10c3bc00e8ffbd271400bfaf1000b0af5000838c56
:10c3cc000e006010f2ff10244400828c3000428c6e
:10c3dc0009f840002520600025804000272002003d
:10c3ec00b9110724039d063c882cc624039d053ceb
:10c3fc009803a5249da3400fc2270400251000021a
:10c40c001400bf8f1000b08f0800e0031800bd2788
:020000040000fa
:020000041d02db
:10c41c00e0ffbd271c00bfaf1800b2af1400b1afd6
:10c42c001000b0af258080009abb400f2520000083
:10c43c00259040001bc0400f4c000426258840006e
:10c44c00252840024ebd400f252000002528200243
:10c45c005ea0400f252000021c00bf8f1800b28f79
:10c46c001400b18f1000b08f0800e0032000bd272e
:020000040000fa
:020000041d02db
:10c47c00e8ffbd271400bfaf1000b0af25808000cf
:10c48c0024008484ffff0224060082500c00048eda
:10c49c002cb9400f00000000ffff0224240002a66c
:10c4ac000c00048e0400801000000000cec3400f6e
:10c4bc00000000000c0000aed895400f25200002b3
:10c4cc001400bf8f1000b08f0800e0031800bd27c8
:020000040000fa
:020000041d02db
:10c4dc00e8ffbd271400bfaf1000b0af4481908fb0
:10c4ec000f000012faff0224252880000000048ea1
:10c4fc000c0080101400bf8f0900a010f7ff02245d
:10c50c00ac8a400f00000000252840000400a01059
:10c51c00ffff0224b2b4400f2520000225100000ba
:10c52c001400bf8f1000b08f0800e0031800bd2767
:020000040000fa
:020000041d02db
:10c53c0015008010f7ff0224e8ffbd271400bfafe1
:10c54c001000b0af4800829003004010258080009e
:10c55c0022c4400f40008424240006242528000017
:10c56c00a0c6400f252000023400028e09f84000be
:10c57c0025200002251000001400bf8f1000b08f82
:10c58c000800e0031800bd270800e00300000000cd
:020000040000fa
:020000041d02db
:10c59c00e8ffbd271400bfaf1000b0af0000828cc5
:10c5ac000000428c039d053c300ba52409f840008b
:10c5bc000400848cc0000624252800000180043c63
:10c5cc00a0c6400fe48484249881908f050000124b
:10c5dc001400bf8fd1ac400f25200002fdff0010ce
:10c5ec00000000001000b08f0800e0031800bd2709
:020000040000fa
:020000041d02db
:10c5fc005359535f434d445f5441534b5300000018
:10c60c004452565f4d49494d5f5461736b73000042
:10c61c0054435049505f535441434b5f5461736bc7
:10c62c00730000004e45545f505245535f54617384
:10c63c006b7300004150505f5461736b73000000ca
:10c64c006c65643220636c69676e6f74746500008e
:020000040000fa
:020000041d02db
:10c65c00f8ffbd270400bfafadde023cefbe423495
:10c66c00f8ff82ac3412023c78564224f4ff82acc0
:10c67c0000680240f0ff82ac0025023c030042241b
:10c68c00ecff82ace8ff85ace4ff80ac039d023c80
:10c69c002c1d4224c8ff82ac8cff86ac50ff80acb2
:10c6ac0050ff82240400bf8f0800e0030800bd2760
:020000040000fa
:020000041d02db
:10c6bc00f8ffbd270400bfaff881828f12004050f5
:10c6cc000400bf8f1482828f4400428c0e004010f5
:10c6dc000400bf8f1482838f4400628cffff4224be
:10c6ec00440062ac1482828f4400428c06004014d9
:10c6fc000400bf8f006002408482027c0060824094
:10c70c00c00000000400bf8f0800e0030800bd2734
:020000040000fa
:020000041d02db
:10c71c001000828ce0ffbd271800b1af2b88c2003f
:10c72c000a3051001c00bfaf0c00c0101400b0af99
:10c73c00258080001400848c8dc5400f2588c00096
:10c74c001400028e1000068e211051002388d10097
:10c75c00140002ae100011ae000040a01c00bf8ff0
:10c76c001800b18f1400b08f0800e0032000bd2723
:020000040000fa
:020000041d02db
:10c77c0014008010f5ff02240800838c0180023c19
:10c78c00908842240c006250020085840800e0036b
:10c79c00f5ff022405000224180082a41c0080a4ca
:10c7ac001a0080a401000224020082a41e0082a4ac
:10c7bc000800e0030100022402000324f5ffa3108b
:0cc7cc00f6ff02240800e003000000005b
:020000040000fa
:020000041d02db
:10c7d800e0ffbd271c00bfaf1800b1af1400b0af19
:10c7e8002580800036cc400f2588a0000900401421
:10c7f800251800000400201200000000e8c4400fc3
:10c8080025200002000022aebbcb400f25200002ed
:10c8180001000324251060001c00bf8f1800b18f91
:0cc828001400b08f0800e0032000bd27c2
:020000040000fa
:020000041d02db
:10c83400e0ffbd271c00bfaf1800b1af1400b0afbc
:10c844000000b18c0c00201625100000c2c3400f5c
:10c854002580a000090040101c00bf8f42004394b3
:10c8640000106330060060501800b18f2200038668
:10c87400000063280a1023021c00bf8f1800b18f28
:0cc884001400b08f0800e0032000bd2766
:020000040000fa
:020000041d02db
:10c890000180033ce08b6324120064142510000027
:10c8a0001000a010010002240180023c588c488c2a
:10c8b000588c42240400478c0800468c0c00448ca1
:10c8c0001000438c1400428c0000a8ac0400a7acfc
:10c8d0000800a6ac0c00a4ac1000a3ac1400a2ace1
:0cc8e000010002240800e003000000003a
:020000040000fa
:020000041d02db
:10c8ec0076008390030002240300621008000524e4
:10c8fc0010006514251000000800868c0c00838c39
:10c90c002b10c30009004054231066000400858cd2
:10c91c000000828c2310a200ffff42242318c300c6
:10c92c00231043000800e003ffff4230ffff4224c6
:0cc93c00ffff42300800e0030000000094
:020000040000fa
:020000041d02db
:10c94800e8ffbd271400bfaf0ac6400f1000b0af04
:10c958000d00401025180000258040007600449006
:10c968000b0002240900821425106000cfa4400f98
:10c9780025200002040040042518000001000224bc
:10c98800760002a201000324251060001400bf8f66
:0cc998001000b08f0800e0031800bd275d
:020000040000fa
:020000041d02db
:10c9a400e8ffbd271400bfaf14c6400f1000b0af9e
:10c9b400258040000d000012251000003000028e7a
:10c9c40004004010000000003600029608004014e5
:10c9d4001400bf8f07b1400f252000023000038ee2
:10c9e4000200601025100000360002961400bf8f6c
:0cc9f4001000b08f0800e0031800bd2701
:020000040000fa
:020000041d02db
:10ca00002510800025308000422704000400032404
:10ca100010008314251840000418037c23104300e1
:10ca20000f00a52421104500021102000600401845
:10ca30000000000025200000000075bc01008424d7
:10ca4000fdff4414100063240f0000000020023c8e
:0cca50002510c2000800e00300000000f8
:020000040000fa
:020000041d02db
:10ca5c00e8ffbd271400bfaf1000b0af64c2400f99
:10ca6c00258080000e0040101400bf8f0400038e40
:10ca7c000a00601025100000420003960800633085
:10ca8c00080060501000b08f1000038e030060147b
:10ca9c00010002241400028e2b1002001400bf8f20
:0ccaac001000b08f0800e0031800bd2748
:020000040000fa
:020000041d02db
:10cab8000c00828c13004010251800000000828ca6
:10cac800000045940100a5300800a0500800858c9e
:10cad800000045940400057c000045a42400858cd2
:10cae800ffffa524240085ac0800858c2110450093
:10caf800010063240c00858c2b286500f1ffa054ed
:0ccb0800000045940800e003000000005d
:020000040000fa
:020000041d02db
:10cb14001000838c0900632c12006014ffff0224b0
:10cb24001400858c020002240000a2a00800828c5c
:10cb34003c0043240a180200251060000100a324cd
:10cb440003004488000044980400a4a8000064b8ca
:10cb540004004490040064a005004290050062a013
:0ccb6400090002240800e00300000000ab
:020000040000fa
:020000041d02db
:10cb70001800828c1c00838c2b1043001100401085
:10cb800000000000e8ffbd271400bfaf1000b0afe9
:10cb9000258080000000828c0000428c0000a58c63
:10cba00009f840000400848c1800028e0100422421
:10cbb000180002ae1400bf8f1000b08f0800e00311
:0ccbc0001800bd270800e0030000000082
:020000040000fa
:020000041d02db
:10cbcc00e8ffbd271400bfaf1000b0af0e008014fb
:10cbdc00ffff10240180043c27c7400f648d842480
:10cbec00090040100180023c648d428c1000428c84
:10cbfc0009f8400000000000258040000180043c42
:10cc0c0052c4400f6c8d8424251000021400bf8f79
:0ccc1c001000b08f0800e0031800bd27d6
:020000040000fa
:020000041d02db
:10cc2800e8ffbd271400bfaf1000b0af0e0080149e
:10cc3800ffff10240180043c27c7400f648d842423
:10cc4800090040100180023c648d428c1400428c23
:10cc580009f8400000000000258040000180043ce5
:10cc680052c4400f6c8d8424251000021400bf8f1d
:0ccc78001000b08f0800e0031800bd277a
:020000040000fa
:020000041d02db
:10cc8400e8ffbd271400bfaf1000b0af0e00801442
:10cc9400ffff10240180043c27c7400f648d8424c7
:10cca400090040100180023c648d428c0800428cd3
:10ccb40009f8400000000000258040000180043c89
:10ccc40052c4400f6c8d8424251000021400bf8fc1
:0cccd4001000b08f0800e0031800bd271e
:020000040000fa
:020000041d02db
:10cce000e8ffbd271400bfaf1000b0af0e008014e6
:10ccf000ffff10240180043c27c7400f648d84246b
:10cd0000090040100180023c648d428c0400428c7a
:10cd100009f8400000000000258040000180043c2c
:10cd200052c4400f6c8d8424251000021400bf8f64
:0ccd30001000b08f0800e0031800bd27c1
:020000040000fa
:020000041d02db
:10cd3c00e8ffbd271400bfaf0200022481bf033cf3
:10cd4c00440062ac81bf033c001c0424440164ac6d
:10cd5c0081bf033c00040424480164ac81bf033c44
:10cd6c00c40062ac81bf033cc80062acaaad400fea
:10cd7c00000000001482828f0000428cfd81400f65
:0ccd8c00d88182af4bc7400f00000000b0
:020000040000fa
:020000041d02db
:10cd98000000a68cffff02240d00c21408008224a4
:10cda8001000828c0400438c0400a3ac080065ac1e
:10cdb8000800a2ac040045ac1000a4ac0000828cb2
:10cdc80001004224000082ac0800e00300000000db
:10cdd8000400478c0000e38c2b18c300f2ff60545a
:0ccde8000400438cfaff00102510e0004e
:020000040000fa
:020000041d02db
:10cdf4000180023c5c89428c0e0082100180033c5d
:10ce04006889632401000224080005240000668c5c
:10ce14000a00c45401004224401802002110620098
:10ce2400801802000180023c5c8942240800e0036f
:10ce340021104300f8ff001025100000f3ff4514f3
:0cce44000c0063240800e003251000002f
:020000040000fa
:020000041d02db
:10ce5000401001006030039de0a7009d40d7029d77
:10ce60009831039dccfa029d5c87019da8e7029d45
:10ce7000d0f6029db88b029dfcc3019da031039d9d
:10ce8000fc6f029d4825019dd015029de096019df5
:10ce90002c91029dac35029d9878029dac8d019d30
:08cea0001c28029d980c039d63
:020000040000fa
:020000041d02db
:10cea800130080100180023c0800838c9088422483
:10ceb8000f00621400000000e8ffbd271400bfaf98
:10cec8001000b0af258080000c00828c1c00428cc2
:10ced80009f840001000848c000000a2020000a69f
:10cee8001400bf8f1000b08f0800e0031800bd27a2
:08cef8000800e0030000000047
:020000040000fa
:020000041d02db
:10cf0000e8ffbd271400bfaf1000b0af0b008010ca
:10cf1000258000000800838c020002240c006214ab
:10cf200025808000040082940100423003004050bc
:10cf3000258000002ec4400fffff0534251000029d
:10cf40001400bf8f1000b08f0800e0031800bd2749
:08cf5000faff0010258000002b
:020000040000fa
:020000041d02db
:10cf5800e0ffbd271c00bfaf1800b1af1400b0af91
:10cf68002588a00016a2400f0100052408004010e3
:10cf7800ffff10240800438c03007114fdff1024e8
:10cf8800080040ac258000003ac4400f0400448cdf
:10cf9800251000021c00bf8f1800b18f1400b08f3d
:08cfa8000800e0032000bd2792
:020000040000fa
:020000041d02db
:10cfb000e0ffbd271c00bfaf1800b2af1400b1af37
:10cfc0001000b0af258080002590c0002588e000cb
:10cfd000b3cb400fff00a530ff004532b7cb400f69
:10cfe0002520000225282002fcb9400f2520000240
:10cff0001c00bf8f1800b28f1400b18f1000b08fcb
:08d000000800e0032000bd2739
:020000040000fa
:020000041d02db
:10d008000400a38c0300632c11006014ffff0224aa
:10d018000000a38c01006790010006240c00e614b0
:10d0280000000000020063900800a3ac0200052481
:10d03800070065140300022458008290040042305f
:10d04800ffff0424030003240b188200251060004e
:08d058000800e00300000000e5
:020000040000fa
:020000041d02db
:10d060001c81023c1200a010c59d4234212885007d
:10d070001c81023cc59d423400360200401802006b
:10d08000003902002118670021186200c03902002f
:10d090002118670000120200211062002118c2004e
:10d0a00001008424ffff8290f3ffa41426104300a4
:08d0b0000800e003000000008d
:020000040000fa
:020000041d02db
:10d0b800e0ffbd271c00bfaf1800b1af1400b0af30
:10d0c800258880002520a0002580c0000a8e400ffa
:10d0d8002528200206004010251800000c00028eaa
:10d0e8002528200209f84000252000020100032419
:10d0f800251060001c00bf8f1800b18f1400b08f7e
:08d108000800e0032000bd2730
:020000040000fa
:020000041d02db
:10d110000010032412008310251000000180023c3f
:10d12000e08b45940e00a01825100000f480828f3b
:10d13000020043940a00831000000000251800003c
:10d140000100632403006554800042240800e003ca
:10d150002510000002004694faffc4540100632425
:08d160000800e00300000000dc
:020000040000fa
:020000041d02db
:10d1680013008010251000004200839440006330b3
:10d178000f006010000000000000a68cffff0324d1
:10d188000900c31001000224e8ffbd271400bfaf47
:10d1980094bf400f00000000010042301400bf8f10
:10d1a8000800e0031800bd270800e0030100423032
:08d1b8000800e0030000000084
:020000040000fa
:020000041d02db
:10d1c000e0ffbd271c00bfaf1800b1af0ac6400f7b
:10d1d0001400b0af0a0040102588000025804000f0
:10d1e000b2bf400f252040000500401025884000b8
:10d1f0001c00028e200002ae639d400f252000021d
:10d20000251020021c00bf8f1800b18f1400b08fb2
:08d210000800e0032000bd2727
:020000040000fa
:020000041d02db
:10d218001300a010251000000180023c208a428cd7
:10d228000f00401010000724d8ffbd272400bfaf0f
:10d238001000a0af1400a5af1800a6af1c00a4af43
:10d248001000a627252840000180043cd5a7400fe0
:10d25800388a84242400bf8f0800e0032800bd27f3
:08d268000800e00300000000d3
:020000040000fa
:020000041d02db
:10d27000e8ffbd271400bfaf14c6400f1000b0afc9
:10d28000258040000c000012251000003000028ea6
:10d29000040040543c00049207b1400f25200002d6
:10d2a0003c000492010003240300831425100000b5
:10d2b0001400028e2b1002001400bf8f1000b08fdc
:08d2c0000800e0031800bd277f
:020000040000fa
:020000041d02db
:10d2c8000000a29401004330110060108000423039
:10d2d800e8ffbd271400bfaf040040141000b0af32
:10d2e80026008294ffff4224260082a42580a00005
:10d2f800f2c3400f0000848c270000a2260000a281
:10d308001400bf8f1000b08f0800e0031800bd277d
:08d318000800e0030000000022
:020000040000fa
:020000041d02db
:10d320004481838f12006010faff022410008010e5
:10d33000251000000400628c000082ac0800628ca2
:10d34000040082ac1c00628c080082ac260062944f
:10d350000c0082a40000628c2400428c0e0082a487
:10d360000000628c0c00428c100082a4251000008a
:08d370000800e00300000000ca
:020000040000fa
:020000041d02db
:10d37800e0ffbd271c00bfaf1800b1af1400b0af6d
:10d388002588c0002580e0005c8184aff4bb400f95
:10d39800508185af2528400032c6400f2520200245
:10d3a800050000121c00bf8ff4bb400f00000000f6
:10d3b800708182af1c00bf8f1800b18f1400b08f2e
:08d3c8000800e0032000bd276e
:020000040000fa
:020000041d02db
:10d3d000130080140180043ce8ffbd271400bfaf98
:10d3e0001000b0af2580a0005fbd400f6c8d84247d
:10d3f00001000324060043140180023c0000038e58
:10d40000648d43ac648d422401000324040043acca
:10d410001400bf8f1000b08f0800e0031800bd2774
:08d420000800e0030000000019
:020000040000fa
:020000041d02db
:10d42800e0ffbd271c00bfaf1800b2af1400b1afba
:10d438001000b0af2590800000607141c00000006e
:10d448005ac8400f000000002580400046c6400f23
:10d45800252040025ac6400f010024322510000240
:10d468001c00bf8f1800b28f1400b18f1000b08f4e
:08d478000800e0032000bd27bd
:020000040000fa
:020000041d02db
:10d48000e025039d188c019dc8d1019d283c019d7c
:10d49000a0bb009d70d2029d0000000000000000b3
:10d4a000f80f029d00000000b0e4029dacba019d9f
:10d4b000cc03019d0000000010f9029d246c029d28
:10d4c000f0a7029db071019d0461029da4c9029d57
:08d4d0004494029d5810039dd5
:020000040000fa
:020000041d02db
:10d4d800c425039d188c019dc8d1019d283c019d40
:10d4e800a0bb009d70d2029d00000000000000005b
:10d4f800f80f029d00000000b0e4029dacba019d47
:10d50800cc03019d0000000010f9029d246c029dcf
:10d51800f0a7029db071019d0461029da4c9029dfe
:08d528004494029d5810039d7c
:020000040000fa
:020000041d02db
:10d5300004ff029d94c6019ddc6a029dc09f019d6f
:10d540003c7a019d48ed029d00ed029d680f039d10
:10d55000d003039d48c9029d7cad029df421029d2c
:10d5600018e4029d7c25029dc0d1029d806b029d26
:10d5700078a7029d88a8019d282a019d980f039de8
:08d5800040ff029d2810039ded
:020000040000fa
:020000041d02db
:10d58800d8e8019d94c6019ddc6a029dc09f019d5b
:10d598003c7a019d48ed029d00ed029d680f039db8
:10d5a800d003039d48c9029d7cad029df421029dd4
:10d5b80018e4029d7c25029dc0d1029d806b029dce
:10d5c80078a7029d88a8019d282a019d980f039d90
:08d5d80040ff029d2810039d95
:020000040000fa
:020000041d02db
:10d5e00003000000dc2f039d060000000000000087
:10d5f00002000000b819039d09000000e832039df5
:10d600000a000000e032039d0c000000ec2f039d97
:10d610000e000000748d00800f000000e02a039dc2
:10d6200015000000a027039d010000007803008082
:08d6300040100000e821039df9
:020000040000fa
:020000041d02db
:10d63800e8ffbd271400bfaf1000b0af2530800051
:10d648002528000029a4400f0100042409004010e7
:10d6580025804000080040ac000040ac0c0040ac05
:10d668002538000025300000252800003556400fd9
:10d6780025204000251000021400bf8f1000b08f35
:08d688000800e0031800bd27b3
:020000040000fa
:020000041d02db
:10d690001300801053ff02245c0085ac4567023cf8
:10d6a000012342244c0082accdef023c89ab4234d2
:10d6b000500082acba98023cfedc4234540082ac8a
:10d6c0003210023c76544224580082ac000080acf8
:10d6d000040080ac080080ac600080ac2510000025
:08d6e0000800e0030000000057
:020000040000fa
:020000041d02db
:10d6e800039d063c25100000282bc6244018020084
:10d6f80021186600000067800300e0540000858c54
:10d708000800e00301006290010042240000a880a4
:10d7180004000715ff004230010062900100a524b3
:10d72800000085ac0b00432cf1ff60144018020088
:08d738000800e00300000000fe
:020000040000fa
:020000041d02db
:10d740000080023c100242241000821400000000fd
:10d750000e008010000000000080023c3002429069
:10d76000010042300900401000000000e8ffbd2722
:10d770001400bfaf0080043c7280400f100284246c
:10d780001400bf8f0800e0031800bd270800e00365
:04d790000000000095
:020000040000fa
:020000041d02db
:10d79400e8ffbd271400bfaf1000b0af25808000a4
:10d7a4004400828c4000428c25380000840086248a
:10d7b4002528000009f840001800848c0700410463
:10d7c40001000224c2be400f252000021400bf8fb6
:10d7d4001000b08f0800e0031800bd27fbff001005
:04d7e400900002ae01
:020000040000fa
:020000041d02db
:10d7e800e0ffbd271c00bfaf1800b1af1400b0aff9
:10d7f800258080002588c000b3cb400fff00a530ee
:10d80800ff002532b7cb400f25200002bbcb400fcd
:10d8180025200002bfcb400f25200002040002246f
:10d828001c00bf8f1800b18f1400b08f0800e003f0
:04d838002000bd27e8
:020000040000fa
:020000041d02db
:10d83c001200a01025100000d8ffbd272400bfaf98
:10d84c006480828f0a004010100007241000a0afe3
:10d85c001400a5af1800a6af1c00a4af1000a6279b
:10d86c00252840000180043cd5a7400f888c8424d7
:10d87c002400bf8f0800e0032800bd270800e00348
:04d88c000000000098
:020000040000fa
:020000041d02db
:10d89000e8ffbd271400bfaf1000b0af0b00801031
:10d8a000a08080af258080000400828c09f84000b1
:10d8b0003400052405004010252840000c00038e8c
:10d8c00009f8600025200002a08090afa080828f20
:10d8d0002b1002001400bf8f1000b08f0800e0036f
:04d8e0001800bd2748
:020000040000fa
:020000041d02db
:10d8e400e8ffbd271400bfaf1000b0af3c00839029
:10d8f400010002240a0062142580800099ab400fc5
:10d9040001000524070040500c0000aef6a5400fae
:10d914000c00048e3e000292ffff42243e0002a24d
:10d924000c0000ae1400bf8f1000b08f0800e0039d
:04d934001800bd27f3
:020000040000fa
:020000041d02db
:10d93800251800000080023c500342240080063c69
:10d948007803c624000047940a00e0140000000091
:10d958000a18430004004224fbff46540000479481
:10d968000600a0102510a0000000a3ac0800e003ea
:10d9780025100000f8ffe454040042240800e003e6
:04d98800000000009b
:020000040000fa
:020000041d02db
:10d98c00e8ffbd271400bfaf7481828f0e004018d2
:10d99c008081838f1000858c0300a314080003245e
:10d9ac00808180af5c8183af1800848c02000324db
:10d9bc0005008314ffff422403004014748182afde
:10d9cc0078b9400f000000001400bf8f0800e0037e
:04d9dc001800bd274b
:020000040000fa
:020000041d02db
:10d9e00012008014ffff02240180023c588d438cfa
:10d9f0000e006010ffff02240180023c5c8d438c0e
:10da00000a006010ffff0224e8ffbd271400bfaf2b
:10da10000c00628c0180033c09f84000608d648c2e
:10da20001400bf8f0800e0031800bd270800e003c2
:04da300000000000f2
:020000040000fa
:020000041d02db
:10da340012008014ffff02240180023c588d438ca5
:10da44000e006010ffff02240180023c5c8d438cb9
:10da54000a006010ffff0224e8ffbd271400bfafd7
:10da64001000628c0180033c09f84000608d648cd6
:10da74001400bf8f0800e0031800bd270800e0036e
:04da8400000000009e
:020000040000fa
:020000041d02db
:10da880012008014ffff02240180023c588d438c51
:10da98000e006010ffff02240180023c5c8d438c65
:10daa8000a006010ffff0224e8ffbd271400bfaf83
:10dab8001800628c0180033c09f84000608d648c7a
:10dac8001400bf8f0800e0031800bd270800e0031a
:04dad800000000004a
:020000040000fa
:020000041d02db
:10dadc00e8ffbd271400bfafaac1400f1000b0afc4
:10daec003252400f2580400005004010000000001d
:10dafc00006802400001423400688240c00000000f
:10db0c0000609040c000000081bf023c1000032464
:10db1c00440043ac1400bf8f1000b08f0800e0032a
:04db2c001800bd27f9
:020000040000fa
:020000041d02db
:10db3000e8ffbd271400bfaf0a0080101000b0af8f
:10db40003bcb400f2580800025280000527b400ff2
:10db500025200002bb55400f0000000006004014c5
:10db60001400bf8f00680240000142340068824008
:10db7000c00000001400bf8f1000b08f0800e00349
:04db80001800bd27a5
:020000040000fa
:020000041d02db
:10db84000000043ce8ffbd2700008424030080104b
:10db94001400bfaf09f880000000000000008430ca
:10dba4000000a530039d083c6822082509f80001ff
:10dbb400000000000000023c00004224030040106a
:10dbc4000000000009f8400000000000f9ff001008
:04dbd400000000004d
:020000040000fa
:020000041d02db
:10dbd800e0ffbd271800b0af1c00bfaf61a1400f28
:10dbe80025808000060040504400028effff02247a
:10dbf8001c00bf8f1800b08f0800e0032000bd276d
:10dc0800010006241000a52709f84000252000027d
:10dc180001000324f5ff43141000a293f5ff001040
:04dc28001c00bf8f8e
:020000040000fa
:020000041d02db
:10dc2c000011040000404330c211040004004230d3
:10dc3c0025104300421904000800633025106200cf
:10dc4c00801904004020633025186200c0100400c5
:10dc5c00800342302518430080100400200042301d
:10dc6c00251043004008847c0800e0032510820046
:020000040000fa
:020000041d02db
:10dc7c000400a38c0600632c0f006014ffff022429
:10dc8c000000a38c01006690040004240a00c41454
:10dc9c0000000000020062901300a2a0030062903a
:10dcac001200a2a0040062901100a2a005006290d4
:10dcbc001000a2a0060002240800e00300000000ef
:020000040000fa
:020000041d02db
:10dccc000400a38c0600632c0f006014ffff0224d9
:10dcdc000000a38c01006690040004240a00c41404
:10dcec0000000000020062901700a2a003006290e6
:10dcfc001600a2a0040062901500a2a0050062907c
:10dd0c001400a2a0060002240800e003000000009a
:020000040000fa
:020000041d02db
:10dd1c000400a38c0600632c0f006014ffff022488
:10dd2c000000a38c01006690040004240a00c414b3
:10dd3c0000000000020062901b00a2a00300629091
:10dd4c001a00a2a0040062901900a2a00500629023
:10dd5c001800a2a0060002240800e0030000000046
:020000040000fa
:020000041d02db
:10dd6c000400a38c0500632c0f006014ffff022439
:10dd7c000000a28c37000324000043a003000324fe
:10dd8c00010043a0039d033c9c286490020044a026
:10dd9c009c28632401006490030044a0020063905b
:10ddac00040043a0050002240800e003000000006a
:020000040000fa
:020000041d02db
:10ddbc00495076343a204661696c656420746f2052
:10ddcc00726567697374657220415250206e6f746e
:10dddc00696669636174696f6e21200d0a00000029
:10ddec00495076343a2041525020656e7472696500
:10ddfc007320706f6f6c20656d707479210d0a0043
:020000040000fa
:020000041d02db
:10de0c00e0ffbd271c00bfaf1800b1af1400b0afce
:10de1c00258880002580a000cd91400f2520200270
:10de2c00050040141c00bf8f1800b18f1400b08f78
:10de3c000800e0032000bd270c00038e25284000bd
:10de4c0009f8600025200002f3ff0010000000001c
:020000040000fa
:020000041d02db
:10de5c000180023ce08b46940f00c0182510000096
:10de6c00f480828f25180000420045944000a530b4
:10de7c000600a050010063240400478c0000858c30
:10de8c000500e5100000000001006324f6ff661495
:10de9c0080004224251000000800e0030000000070
:020000040000fa
:020000041d02db
:10deac003c00828c000f427c080040500400828ca5
:10debc00010042380100422c010042387400839466
:10decc00c47b437c0800e003740083a40000838cb3
:10dedc00231043006a008594401805002118650042
:10deec00431803002a104300f3ff001001004238ce
:020000040000fa
:020000041d02db
:10defc00544350204e554c4c2064796e616d6963cf
:10df0c0020616c6c6f636174696f6e2068616e6404
:10df1c006c652f696e697420646174610000000087
:10df2c00205443502044796e616d696320616c6ca0
:10df3c006f636174696f6e206661696c6564000063
:020000040000fa
:020000041d02db
:10df4c00e0ffbd271c00bfaf1800b1af1400b0af8d
:10df5c00258880002580a0009ac4400f2520a000b1
:10df6c002528400018b4400f252000020c00238ef9
:10df7c001b004300f4016000101000001c00bf8f58
:10df8c001800b18f1400b08f0800e0032000bd27eb
:020000040000fa
:020000041d02db
:10df9c004661696c656420746f2061637175697288
:10dfac00652073656d6170686f726520696e2054b1
:10dfbc00435049505f48656c7065725f50726f7466
:10dfcc00656374656453696e676c654c69737444fe
:10dfdc0065696e697469616c697a650d0a00000087
:020000040000fa
:020000041d02db
:10dfec00c8ffbd273400bfaffeff02242800a2af3c
:10dffc002400a0af5000a28f2000a2af4c00a28f33
:10e00c001c00a2af4800a28f1800a2af1400a7af4b
:10e01c001000a6af2538a000253000003f83400f2c
:10e02c00252800003400bf8f0800e0033800bd270e
:020000040000fa
:020000041d02db
:10e03c00e8ffbd271400bfaf1000b0af2580a000d3
:10e04c002800a28c242082002400a3847000a28cbf
:10e05c00401006240100052409f840000a20837ca6
:10e06c003001028e01004224300102ae1400bf8f39
:0ce07c001000b08f0800e0031800bd2762
:020000040000fa
:020000041d02db
:10e0880001000224980282ac000000000000000099
:10e098000000000000000000000000000000000078
:10e0a8000000000000000000000000000000000068
:10e0b8000000000000000000000000000000000058
:0ce0c800000000000800e0030000000061
:020000040000fa
:020000041d02db
:10e0d4000800838c0d006010251000000000648c83
:10e0e4000a008010000000000400638cc001637cff
:10e0f400261865000100632c0400801021104300e1
:10e104000000868c0300c014251880000800e0037a
:0ce1140000000000f4ff00102520c000f7
:020000040000fa
:020000041d02db
:10e12000e0ffbd271c00bfaf1800b1af1400b0afb7
:10e13000258880002580a000d1be400f2520000248
:10e14000050040141c00bf8f1800b18f1400b08f61
:10e150000800e0032000bd27252840003ec3400ff3
:0ce1600025202002f4ff00100000000049
:020000040000fa
:020000041d02db
:10e16c001c0080a41a0080a4180080a402000224c1
:10e17c00020082a40b00a1041e0085a4e8ffbd27a9
:10e18c001400bfaf2530a000039d053ca81ea5249c
:10e19c001097400f252000001400bf8f0800e003eb
:0ce1ac001800bd270800e0030000000080
:020000040000fa
:020000041d02db
:10e1b800e8ffbd271400bfaf1000b0afa4bc400fec
:10e1c80025808000090040100400052434000296d0
:10e1d800220002a665af400f252000020300401070
:10e1e800070002241a0002a61c0000a61400bf8f14
:0ce1f8001000b08f0800e0031800bd27e5
:020000040000fa
:020000041d02db
:10e20400e8ffbd271400bfaf1000b0afa4bc400f9f
:10e214002580800009004010050005243400029682
:10e22400200002a665af400f252000020300401025
:10e23400060002241a0002a61c0000a61400bf8fc8
:0ce244001000b08f0800e0031800bd2798
:020000040000fa
:020000041d02db
:10e25000e8ffbd271400bfaf1000b0afa4bc400f53
:10e260002580800009004010060005243400029635
:10e27000260002a665af400f2520000203004010d3
:10e28000050002241a0002a61c0000a61400bf8f7d
:0ce290001000b08f0800e0031800bd274c
:020000040000fa
:020000041d02db
:10e29c00e8ffbd271400bfaf1000b0afa4bc400f07
:10e2ac0025808000090040100a00052434000296e5
:10e2bc00240002a665af400f252000020300401089
:10e2cc00040002241a0002a61c0000a61400bf8f32
:0ce2dc001000b08f0800e0031800bd2700
:020000040000fa
:020000041d02db
:10e2e800e8ffbd271400bfafac80828f0c00401838
:10e2f800020003241800848c09008314ffff4224c1
:10e3080007004014ac8082afb480848f0500801071
:10e318001400bf8fcec3400f00000000b48080af50
:0ce328001400bf8f0800e0031800bd27a0
:020000040000fa
:020000041d02db
:10e33400e8ffbd271400bfaf1000b0af0800801085
:10e344002580a0000000828c050040100000000021
:10e3540097b7400f00000000050040141400bf8f61
:10e364000200001225100000f080828f1400bf8f7d
:0ce374001000b08f0800e0031800bd2767
:020000040000fa
:020000041d02db
:10e380000180023ce08b46940e00c018251000006e
:10e39000f480858f251800004400a28c06004050b0
:10e3a00001006324000047940300e4540100632447
:10e3b0000800e0030400428cf7ff66148000a524e7
:0ce3c000251000000800e0030000000031
:020000040000fa
:020000041d02db
:10e3cc0076008290fdff4524ff00a5300300a52cac
:10e3dc000500a014030003240800423801000324a4
:10e3ec00030005240a18a2003e0082940002453066
:10e3fc00040064340b1885000004423008006434b7
:0ce40c000b1882000800e00325106000df
:020000040000fa
:020000041d02db
:10e41800e8ffbd271400bfaf0ac6400f0000000088
:10e42800252040000a008010251000007700859004
:10e43800010003240700a3141400bf8f4c00838c31
:10e448000400601000000000f9bc400f000000004c
:0ce458001400bf8f0800e0031800bd276f
:020000040000fa
:020000041d02db
:10e46400e8ffbd271400bfaf1000b0af25808000c7
:10e474000000848c0a0080101400bf8faeb2400fdd
:10e48400000000004190400f2c0004264190400ff2
:10e49400180004264190400f040004261400bf8f86
:0ce4a4001000b08f0800e0031800bd2736
:020000040000fa
:020000041d02db
:10e4b000e8ffbd271400bfaf14c6400f1000b0af77
:10e4c000258040000900001225100000ffff0534e0
:10e4d0002ec4400f1c8184277dac400f25200002f4
:10e4e0003ac4400f1c818427010002241400bf8f0e
:0ce4f0001000b08f0800e0031800bd27ea
:020000040000fa
:020000041d02db
:10e4fc00e0ffbd271c00bfaf1800b1af1400b0afd8
:10e50c00258880002580a0001bc0400f252000021c
:10e51c00050040141c00bf8f1800b18f1400b08f81
:10e52c000800e0032000bd2725284000fec3400f53
:0ce53c0025202002f4ff00100000000069
:020000040000fa
:020000041d02db
:10e54800e8ffbd271400bfaf1000b0af25808000e2
:10e55800040080ac000080ac080080ac01000724f7
:10e568000100062425280000bf99400f0c008424d0
:10e57800010042380100422c100002a21400bf8f93
:0ce588001000b08f0800e0031800bd2751
:020000040000fa
:020000041d02db
:10e59400e0ffbd271c00bfaf1800b1af1400b0af3f
:10e5a4000288a6700b7b400f25282002050040102e
:10e5b400258040002530200225280000a0c6400ff9
:10e5c40025204000251000021c00bf8f1800b18fc9
:0ce5d4001400b08f0800e0032000bd27f9
:020000040000fa
:020000041d02db
:10e5e000e8ffbd271400bfaf1e808487ffff022411
:10e5f000060082507881848f2cb9400f0000000003
:10e60000ffff02241e8082a77881848f050080107e
:10e610001400bf8fcec3400f00000000788180af90
:0ce620001400bf8f0800e0031800bd27a5
:020000040000fa
:020000041d02db
:10e62c00f8ffbd270400bfaf00606241c0000000ce
:10e63c0080bf023c300040ac99aa033c5566632471
:10e64c00300043ac6655033caa996334300043acac
:10e65c0080bf023c01000324581243ac80bf023c33
:0ce66c005012428cffff00100000000064
:020000040000fa
:020000041d02db
:10e67800d0ffbd272c00bfaf039d023c38064224c3
:10e688001400a2af010002241800a2af039d023caf
:10e69800e0d542241c00a2af0b0002242000a2af48
:10e6a8002400a0af1000a527768f400f252000007a
:0ce6b8002c00bf8f0800e0033000bd27dd
:020000040000fa
:020000041d02db
:10e6c40010008010251000002b1885000d00601428
:10e6d40002000624e8ffbd271400bfaf1000b0af4e
:10e6e4002580a00029a4400f2528000001004054e3
:10e6f400380050ac1400bf8f1000b08f0800e00346
:0ce704001800bd270800e0030000000022
:020000040000fa
:020000041d02db
:10e71000e8ffbd271400bfaf1882828f06004010ab
:10e720000100032407004310000000001400bf8f05
:10e730000800e0031800bd2701000224fbff0010c1
:10e74000188282af016f400f00000000b548400ff3
:0ce7500000000000f6ff00101400bf8f56
:020000040000fa
:020000041d02db
:10e75c00e0ffbd271800b1af028885701400b0af80
:10e76c001c00bfaf6897400f252020020500401009
:10e77c00258040002530200225280000a0c6400f2f
:10e78c00252040001c00bf8f251000021800b18fff
:0ce79c001400b08f0800e0032000bd272f
:020000040000fa
:020000041d02db
:10e7a800401003240e008314ffff02240080023c63
:10e7b800300243900100643009008010ffff0224fa
:10e7c8000200633006006014010004240080023c4b
:10e7d80010024224200043904408837c200043a078
:08e7e8000800e003000000003e
:020000040000fa
:020000041d02db
:10e7f000b00285a40000000000000000000000003e
:10e800000000000000000000000000000000000008
:10e8100000000000000000000000000000000000f8
:10e8200000000000000000000000000000000000e8
:08e830000800e00300000000f5
:020000040000fa
:020000041d02db
:10e8380006008010f5ff02240800838c0180023c4a
:10e848009088422407006210f5ff02240800e003c4
:10e8580000000000928842940000c2ac0800e00367
:10e8680025100000fbffc0540180023c2510000069
:08e878000800e00300000000ad
:020000040000fa
:020000041d02db
:10e88000e8ffbd271400bfaf1a0082940300432c99
:10e890000900601080180200039d023cf030422401
:10e8a0000a10437c09f84000000000001400bf8fec
:10e8b0000800e0031800bd275bb8400ff7ff0524f0
:08e8c000fbff00101400bf8fe4
:020000040000fa
:020000041d02db
:10e8c800e8ffbd271400bfaf1a0082940300432c51
:10e8d8000900601080180200039d023cfc304224ad
:10e8e8000a10437c09f84000000000001400bf8fa4
:10e8f8000800e0031800bd275bb8400ff7ff0524a8
:08e90800fbff00101400bf8f9b
:020000040000fa
:020000041d02db
:10e91000e8ffbd271400bfaf1a0082940800432c03
:10e920000900601080180200039d023cc81e4224aa
:10e930000a10437c09f84000000000001400bf8f5b
:10e940000800e0031800bd275bb8400ff7ff05245f
:08e95000fbff00101400bf8f53
:020000040000fa
:020000041d02db
:10e95800e8ffbd271400bfaf1a0082940600432cbd
:10e968000900601080180200039d023c1829422407
:10e978000a10437c09f84000000000001400bf8f13
:10e988000800e0031800bd275bb8400ff7ff052417
:08e99800fbff00101400bf8f0b
:020000040000fa
:020000041d02db
:10e9a000e8ffbd271400bfaf1a0082940300432c78
:10e9b0000900601080180200039d023c08314224c7
:10e9c0000a10437c09f84000000000001400bf8fcb
:10e9d0000800e0031800bd275bb8400ff7ff0524cf
:08e9e000fbff00101400bf8fc3
:020000040000fa
:020000041d02db
:10e9e800e8ffbd271400bfaf1a0082940400432c2f
:10e9f80006006014801802005bb8400ff7ff05247a
:10ea08001400bf8f0800e0031800bd27039d023cd7
:10ea18007c2f42240a10437c09f8400000000000c3
:08ea2800f8ff00101400bf8f7d
:020000040000fa
:020000041d02db
:10ea3000e8ffbd271400bfaf1c0082940b00432cdd
:10ea40000900601080180200039d023c4813422414
:10ea50000a10437c09f84000000000001400bf8f3a
:10ea60000800e0031800bd275bb8400ff7ff05243e
:08ea7000fbff00101400bf8f32
:020000040000fa
:020000041d02db
:10ea7800fc0e029d3032039d8cb4029dc008039d9c
:10ea88006020019d5437029d94ac029d60fd029d5b
:10ea98007413039da8a4029d58cf029db80d039d31
:10eaa800e80d039d180e039d94d0019dc879029d21
:08eab800780e039d480e039d3a
:020000040000fa
:020000041d02db
:10eac000e0ffbd271c00bfaf1800b1af1400b0af0e
:10ead000258080002588c000b3cb400fff00a53003
:10eae000ff002532b7cb400f2520000222b8400f8f
:10eaf000252000021c00bf8f1800b18f1400b08fba
:08eb00000800e0032000bd271e
:020000040000fa
:020000041d02db
:10eb08003500000008d0029d0100000088b9029d70
:10eb18000300000020b9029d060000004c68029d19
:10eb2800360000005cf3029d330000007cdc029d8f
:10eb38003a000000ccdc029d3b0000001cdd029d79
:08eb4800ff0000004832039dac
:020000040000fa
:020000041d02db
:10eb50004c696d69746564004469726563746564c9
:10eb60000000000c55736167653a20616e6e6f7529
:10eb70006e636520302f310d0a00000c2573206272
:10eb800063617374207375626d69747465643a208f
:08eb900025640d0a0000000cd1
:020000040000fa
:020000041d02db
:10eb9800e8ffbd271400bfafe880828f0100422440
:10eba800e88082af0080023c007d42240800439444
:10ebb80002006334080043a4253000000200052445
:10ebc8000080043ce4bd400f107d84241400bf8ff6
:08ebd8000800e0031800bd274e
:020000040000fa
:020000041d02db
:10ebe0000f00801025100000420083944000633025
:10ebf0000b006010000000003c0082240300a3888a
:10ec00000000a3983f0083a8000043b80400a3902d
:10ec1000040043a00500a390050043a001000224c6
:08ec20000800e0030000000001
:020000040000fa
:020000041d02db
:10ec28000f008010251000004200839440006330dc
:10ec38000b00601000000000e8ffbd271400bfaf04
:10ec48004400828c3c00428c09f840005000848cbf
:10ec58000100422c1400bf8f0800e0031800bd27f4
:08ec68000800e00300000000b9
:020000040000fa
:020000041d02db
:10ec70000f00801025100000420083944000633094
:10ec80000b00601000000000e8ffbd271400bfafbc
:10ec90004400828c4400428c09f840005000848c6f
:10eca0000100422c1400bf8f0800e0031800bd27ac
:08ecb0000800e0030000000071
:020000040000fa
:020000041d02db
:10ecb8000881838f0e006010010002241881858f5f
:10ecc800251000000000a68c0500c0500100422459
:10ecd8006200c6940600c4502510000001004224ba
:10ece800f8ff43140400a5240800e00301000224ef
:08ecf8000800e0030000000029
:020000040000fa
:020000041d02db
:10ed0000e8ffbd271400bfaf0ac6400f0000000097
:10ed100009004010010003243e00449400028430a6
:10ed200005008010251800003e004394444a037cef
:10ed30003e0043a401000324251060001400bf8f8f
:08ed40000800e0031800bd27e4
:020000040000fa
:020000041d02db
:10ed4800e8ffbd271400bfaf0ac6400f000000004f
:10ed58002518400009006010251000007600649016
:10ed6800fdff8324ff0063300300632c030060145d
:10ed780001000224080082380100422c1400bf8fd1
:08ed88000800e0031800bd279c
:020000040000fa
:020000041d02db
:10ed90003081858f0e00a018010002243481838ffa
:10eda000251000000000668c0500c05001004224c0
:10edb0002a00c6940600c450251000000100422419
:10edc000f8ff4514040063240800e0030100022456
:08edd0000800e0030000000050
:020000040000fa
:020000041d02db
:10edd800e8ffbd271400bfaf1000b0af14c6400f46
:10ede8002580a0000700401025180000280050a426
:10edf8004000438c01000424448c837c400043acd5
:10ee080001000324251060001400bf8f1000b08f8c
:08ee18000800e0031800bd270b
:020000040000fa
:020000041d02db
:10ee20001000838c0700632c0d006014ffff022488
:10ee3000f8ffbd271400828c05000324000043a0c6
:10ee40000800838c0400638c0000a3af040043a877
:10ee5000010043b8070002240800e0030800bd27b2
:08ee60000800e00300000000bf
:020000040000fa
:020000041d02db
:10ee6800e8ffbd27080080101400bfaf010002248e
:10ee78000900821000000000251000001400bf8f58
:10ee88000800e0031800bd273bcb400f000000003e
:10ee9800faff0010251000002abc400f00000000f7
:08eea800f6ff00102510000028
:020000040000fa
:020000041d02db
:10eeb000e8ffbd271400bfaf81bf023c4000448c77
:10eec00081bf023c01000324440043ac8481828f53
:10eed0000600401001008430848182270400458ca4
:10eee0000000428c09f84000000000001400bf8fb1
:08eef0000800e0031800bd2733
:020000040000fa
:020000041d02db
:10eef8001800828c200083242b1862000c006010fc
:10ef0800ffff4224e8ffbd271400bfaf0000838c39
:10ef1800180082ac0000628c0000a58c09f8400043
:10ef28000400848c1400bf8f0800e0031800bd277c
:08ef38000800e00300000000e6
:020000040000fa
:020000041d02db
:10ef40007878029dd0f9029d030000007c78029d34
:10ef500090f9029d030000008078029d70cb029d15
:10ef6000030000008478029df8ee029d030000007b
:10ef70008878029dc0af029d040000009078029d39
:08ef8000b8a2029d040000008c
:020000040000fa
:020000041d02db
:10ef8800e8ffbd271400bfaf1000b0af0180103cf0
:10ef9800308b10263100059256c5400f0800048eac
:10efa80030000292050040141400bf8f0180043c19
:10efb80052c4400f688b84241400bf8f1000b08f98
:08efc8000800e0031800bd275a
:020000040000fa
:020000041d02db
:10efd000e8ffbd271400bfafb481828f0400401446
:10efe00000000000e6c2400f01000424b48182af9b
:10eff00092aa400f00000000b481868f25380000df
:10f00000252040004e38400f252860001400bf8f97
:08f010000800e0031800bd2711
:020000040000fa
:020000041d02db
:10f01800e8ffbd271400bfafb481828f04004014fd
:10f0280000000000e6c2400f01000424b48182af52
:10f0380092aa400f00000000b481868f2538000096
:10f04800252040004e38400f252860001400bf8f4f
:08f058000800e0031800bd27c9
:020000040000fa
:020000041d02db
:10f060001000828c0400858c0800838c0800a3acff
:10f070000400858c040065ac0400438c04006454d7
:10f08000100080ac0800838c040043ac100080acfe
:10f090000000438cffff6324000043ac0000428c5f
:08f0a0000800e003000000007d
:020000040000fa
:020000041d02db
:10f0a800f8ffbd270400bfaf006002408482027ce5
:10f0b800000c423400608240c0000000f881828f5a
:10f0c800070040100400bf8f1482838f4400628cb5
:10f0d80001004224440062ac1482828f0400bf8f76
:08f0e8000800e0030800bd2749
:020000040000fa
:020000041d02db
:10f0f0000f00c01025100000ffffc62425180000d7
:10f1000021108300000042902138a3000700401026
:10f110000000e7900600e050231047000400c350b1
:10f1200023104700f6ff4710010063242310470017
:08f130000800e00300000000ec
:020000040000fa
:020000041d02db
:10f138008000a3280e006014251000008200a32878
:10f1480003006014830003240900a31400000000d6
:10f158000000c28c070042240410027c08004324eb
:10f168000000c3ac000040d401000224000080f479
:08f178000800e00300000000a4
:020000040000fa
:020000041d02db
:10f180000e00a01000000000e8ffbd271400bfaf74
:10f190001000b0af2580a0002528000035b8400f32
:10f1a0000c01848c000002ae251000001400bf8ffb
:10f1b0001000b08f0800e0031800bd270800e0032e
:04f1c0002510000016
:020000040000fa
:020000041d02db
:10f1c4000e00a01000000000e8ffbd271400bfaf30
:10f1d4001000b0af2580a0000100052435b8400f11
:10f1e4000c01848c000002ae251000001400bf8fb7
:10f1f4001000b08f0800e0031800bd270800e003ea
:04f2040025100000d1
:020000040000fa
:020000041d02db
:10f208000e00a01000000000e8ffbd271400bfafeb
:10f218001000b0af2580a0002528000035b8400fa9
:10f228000401848c000002ae251000001400bf8f7a
:10f238001000b08f0800e0031800bd270800e003a5
:04f24800251000008d
:020000040000fa
:020000041d02db
:10f24c0006008010f5ff02240800838c0180023c2c
:10f25c009088422406006210f5ff02240800e003a7
:10f26c00000000000000a2ac0800e0032510000024
:10f27c00fcffa0543c00828c251000000800e00329
:04f28c00000000007e
:020000040000fa
:020000041d02db
:10f29000e8ffbd271400bfaf1000b0af748e400f61
:10f2a00025808000252040000200433805008104ad
:10f2b0002b100300f7ff05245bb8400f2520000248
:10f2c000251000001400bf8f1000b08f0800e0036d
:04f2d0001800bd273e
:020000040000fa
:020000041d02db
:10f2d4000e008010f5ff02240800838c0180023c9c
:10f2e4009088422409006214f5ff0224e8ffbd2738
:10f2f4001400bfaf5bb8400ff4ff052425100000d5
:10f304001400bf8f0800e0031800bd270800e003c5
:04f3140000000000f5
:020000040000fa
:020000041d02db
:10f318000400a38c0300632c0c006014ffff02247c
:10f328000000a38c35000224000062a00100022422
:10f33800010062a00c00a28c0900453803000424d7
:10f348000a108500020062a0030002240800e003fe
:04f3580000000000b1
:020000040000fa
:020000041d02db
:10f35c000400a38c0600632c0c006014ffff022435
:10f36c000000a38c01006690040004240700c41460
:10f37c000c00a4240200622403004388000043987c
:10f38c000f00a3a8000083b8060002240800e003c5
:04f39c00000000006d
:020000040000fa
:020000041d02db
:10f3a0000500c01025100000770082900400451071
:10f3b00001000324251000000800e0030000000005
:10f3c000fdffa314251000000000c28c440082ac95
:10f3d000740082940463627c740082a40800e003d9
:04f3e0000100022402
:020000040000fa
:020000041d02db
:10f3e4000800858c1000838c0c00a31025100000ed
:10f3f400640083940900601001000624e8ffbd271f
:10f404001400bfaf4a11400f100005240100422c24
:10f414001400bf8f0800e0031800bd270800e003b4
:04f4240000000000e4
:020000040000fa
:020000041d02db
:10f42800e8ffbd271400bfaf1000b0af25808000f3
:10f43800294b400f00008494000002a6294b400f7e
:10f4480002000496020002a6294b400f060004960b
:10f45800060002a61400bf8f1000b08f0800e0035a
:04f468001800bd27a4
:020000040000fa
:020000041d02db
:10f46c00e8ffbd271400bfaf1000b0af4c009024d4
:10f47c001bc0400f25200002040040141400bf8f55
:10f48c001000b08f0800e0031800bd270900062407
:10f49c00efff052496ae400f25204000f4ff00102e
:04f4ac00000000005c
:020000040000fa
:020000041d02db
:10f4b000554450204e554c4c2064796e616d696303
:10f4c00020616c6c6f636174696f6e2068616e643b
:10f4d0006c6500005544502044796e616d6963206d
:10f4e000616c6c6f636174696f6e206661696c65d5
:04f4f00064000000b4
:020000040000fa
:020000041d02db
:10f4f4000e008010251080000000848c030003247b
:10f504000800831400000000e8ffbd271400bfaf0b
:10f514004e68400f252040001400bf8f0800e00310
:10f524001800bd270800e003251000000800e003d0
:04f5340000000000d3
:020000040000fa
:020000041d02db
:10f53800e8ffbd27070080101400bfaf01000224b8
:10f5480008008210000000001400bf8f0800e003cc
:10f558001800bd27bb55400f00000000fbff00103e
:10f568001400bf8fafb1400f00000000f7ff00107c
:04f578001400bf8f2d
:020000040000fa
:020000041d02db
:10f57c000000838c0d00601425100000e8ffbd27ef
:10f58c001400bfaf1000b0af258080008eb5400fc7
:10f59c0001000424000002ae010002241400bf8ffd
:10f5ac001000b08f0800e0031800bd270800e0032e
:04f5bc00000000004b
:020000040000fa
:020000041d02db
:10f5c000e8ffbd271400bfafb481828f0400401450
:10f5d00000000000e6c2400f01000424b48182afa5
:10f5e0005acc400f00000000b481838f1b00430001
:10f5f000f4016000121000001400bf8f0800e00347
:04f600001800bd270a
:020000040000fa
:020000041d02db
:10f60400d8ffbd272400bfaf021605001800a2af23
:10f61400003ca27c1400a2af003aa27c1000a2af6e
:10f62400ff00a73025308000039d053c0c30a52445
:10f634001097400f252000002400bf8f0800e0032e
:04f644002800bd27b6
:020000040000fa
:020000041d02db
:10f6480000606041c000000099aa033c80bf023cf2
:10f6580055666324300040ac300043ac6655033c2b
:10f66800aa996334300043ac80bf023c01000324f4
:10f67800581243ac80bf023c5012428c94bd400be0
:04f68800000000007e
:020000040000fa
:020000041d02db
:10f68c000180023cd48b438ce8ffbd271000b0af47
:10f69c001400bfaf03006014258040005670400f6b
:10f6ac00000000000180023cd88b438c1400bf8ffb
:10f6bc00d48b028e1000b08f1800bd270800e00319
:04f6cc0023106200a5
:020000040000fa
:020000041d02db
:10f6d0000080023c100242240b0082140000000053
:10f6e000090080100080023c30024290010042304c
:10f6f000050040100080023c10024224200043908c
:10f700004408037c200043a00800e0030000000040
:020000040000fa
:020000041d02db
:10f71000e8ffbd271400bfaf0010a3300700601042
:10f72000fbff02240002a5300400a014f9ff02240c
:10f730002000c630f8ff02240b1006005bb8400f13
:10f74000252840001400bf8f0800e0031800bd27e3
:020000040000fa
:020000041d02db
:10f750000d00801025100000e8ffbd271400bfaf8a
:10f760009880868f0500c010039d073ce81ee724a3
:10f770000180053c1698400f9c8ca5241400bf8f77
:10f780000800e0031800bd270800e00300000000a7
:020000040000fa
:020000041d02db
:10f790000400838c0c0060102538c000e8ffbd27f2
:10f7a0001400bfaf2530a0000080023c007d422441
:10f7b0002310820009f86000032902001400bf8fa3
:10f7c0000800e0031800bd270800e0030000000067
:020000040000fa
:020000041d02db
:10f7d0000d00801025100000020002240500a21474
:10f7e0000100032442008294080042380800e0032c
:10f7f000c000427c0400a314251000004200829443
:10f80000100042380001427c0800e00300000000c4
:020000040000fa
:020000041d02db
:10f810000d00a010251000000000a38c0a0060104d
:10f82000000000000600c0500c00a6a4dc80828fff
:10f830002b18c2002016027c0b3043000c00a6a43b
:10f840000a00a6a4010002240800e0030000000052
:020000040000fa
:020000041d02db
:10f850000180023ce08b42240b00441400000000b5
:10f86000e8ffbd271400bfaff480828f0400401072
:10f870001400bf8f517e400f000000001400bf8fa6
:10f880000800e0031800bd270800e00300000000a6
:020000040000fa
:020000041d02db
:10f890000d008010251000000180023c208a468c5b
:10f8a0000900c01025100000e8ffbd271400bfaffd
:10f8b0000180053c2eb4400f388aa5241400bf8f68
:10f8c0000800e0031800bd270800e0030000000066
:020000040000fa
:020000041d02db
:10f8d000e8ffbd271400bfaf14c6400f1000b0af43
:10f8e00006004010258040001ec1400f252040002a
:10f8f00002004050258000000800108e25100002f4
:10f900001400bf8f1000b08f0800e0031800bd275f
:020000040000fa
:020000041d02db
:10f91000e8ffbd271400bfaf14c6400f1000b0af02
:10f9200006004010258000003000438c0100605428
:10f930003600509407b1400f2520400025100002ea
:10f940001400bf8f1000b08f0800e0031800bd271f
:020000040000fa
:020000041d02db
:10f9500081bf023c00100324080043ac04000424cf
:10f9600081bf023c480144ac0004032481bf023c37
:10f97000a80343ac81bf023c380444ac380443ac18
:10f980000400033c380443ac0800e003000000001e
:020000040000fa
:020000041d02db
:10f99000d400828c0c004010000000000400458c54
:10f9a000d000828c0800451000000000e8ffbd2751
:10f9b0001400bfaf3876400f000000001400bf8f66
:10f9c0000800e0031800bd270800e0030000000065
:020000040000fa
:020000041d02db
:10f9d000d400828c05004050cc00858c0000458c02
:10f9e000cc00828c0800451000000000e8ffbd2715
:10f9f0001400bfaf3876400f000000001400bf8f26
:10fa00000800e0031800bd270800e0030000000024
:020000040000fa
:020000041d02db
:10fa1000e8ffbd271400bfafc481828f06004014e9
:10fa2000ffff0534fe91400f00000000c481828f6b
:10fa300004004010ffff05342ec4400fc08184270e
:10fa4000c481828f1400bf8f0800e0031800bd2717
:020000040000fa
:020000041d02db
:10fa5000e8ffbd271400bfaf0180023c0100032472
:10fa6000a88a43aca88a4224ffff0324040043a4cd
:10fa70003c000624252800000180043ca0c6400f5d
:10fa8000b08a84241400bf8f0800e0031800bd274b
:020000040000fa
:020000041d02db
:10fa900086bf033c80000224380162ac00010424cc
:10faa000380164ac00020424380164ac86bf033c16
:10fab00008000424380864ac86bf043c380982acd2
:0cfac000380862ac0800e0030000000001
:020000040000fa
:020000041d02db
:10facc000080033c100263240a008314ffff02240d
:10fadc0008008010000000000080023c30024390bf
:10faec000100633003006010ffff02240080023c21
:0cfafc002c02428c0800e0030000000017
:020000040000fa
:020000041d02db
:10fb0800e8ffbd271400bfaf1000b0af258080000c
:10fb1800200082900421027c4429027cf4bb400f1f
:10fb2800200082a07c0002ae900000ae1400bf8fbf
:0cfb38001000b08f0800e0031800bd278b
:020000040000fa
:020000041d02db
:10fb44000000828c09004010000000000400838c37
:10fb5400080062540000438c040080ac000080acb8
:10fb64000800838cffff6324080083ac0800e003d3
:0cfb740000000000faff0010000083ac4d
:020000040000fa
:020000041d02db
:10fb80000c0080142538c000e8ffbd271400bfaf6b
:10fb90002530a000039d053c1097400f481ea5246a
:10fba0005880828ffeff40141400bf8f0800e003ce
:0cfbb0001800bd270800e0030000000062
:020000040000fa
:020000041d02db
:10fbbc000c0080142538c000e8ffbd271400bfaf2f
:10fbcc002530a000039d053c1097400f881ea524ee
:10fbdc005c80828ffeff40141400bf8f0800e0038e
:0cfbec001800bd270800e0030000000026
:020000040000fa
:020000041d02db
:10fbf800e8ffbd271400bfaf1000b0af258080001c
:10fc080065af400f010005240400401003000224e2
:10fc18001a0002a6090002241c0002a61400bf8fc5
:0cfc28001000b08f0800e0031800bd279a
:020000040000fa
:020000041d02db
:10fc3400e8ffbd271400bfaf1000b0af25808000df
:10fc440065af400f0900052404004010030002249e
:10fc54001a0002a6070002241c0002a61400bf8f8b
:0cfc64001000b08f0800e0031800bd275e
:020000040000fa
:020000041d02db
:10fc7000e8ffbd271400bfaf1000b0af25808000a3
:10fc80000080063497af400f252800000300401085
:10fc9000010002241a0002a61c0000a61400bf8f57
:0cfca0001000b08f0800e0031800bd2722
:020000040000fa
:020000041d02db
:10fcac00e8ffbd271400bfaf1000b0afa4bc400fdd
:10fcbc0025808000060040101400bf8f340006968b
:10fccc0022000596c4bd400f252000021400bf8ff2
:0cfcdc001000b08f0800e0031800bd27e6
:020000040000fa
:020000041d02db
:10fce8000c0080142538c000e8ffbd271400bfaf02
:10fcf8002530a000039d053c1097400f301ca5241b
:10fd08006080828ffeff40141400bf8f0800e0035c
:0cfd18001800bd270800e00300000000f8
:020000040000fa
:020000041d02db
:10fd24000000828c09004010000000000400838c55
:10fd3400080062540000438c040080ac000080acd6
:10fd44000800838cffff6324080083ac0800e003f1
:0cfd540000000000faff0010000083ac6b
:020000040000fa
:020000041d02db
:10fd6000e8ffbd271400bfaf1000b0af16a2400fd0
:10fd70000100052405004010258040001058400f68
:10fd8000252040003ac4400f0400048e1400bf8fa9
:0cfd90001000b08f0800e0031800bd2731
:020000040000fa
:020000041d02db
:10fd9c000c00801025100000e8ffbd271400bfaf39
:10fdac006480868f0500c0101400bf8f0180053c55
:10fdbc002eb4400f888ca5241400bf8f0800e003dc
:0cfdcc001800bd270800e0030000000044
:020000040000fa
:020000041d02db
:10fdd80055736167653a202573203c696e746572b6
:10fde800666163653e203c6f6e2f6f66663e200d30
:10fdf8000a000000556e6b6e6f776e207365727621
:0cfe08006963652025730d0a00000000ee
:020000040000fa
:020000041d02db
:10fe14000c008010251000004200839440006330e1
:10fe24000800601000000000e8ffbd271400bfaf09
:10fe3400f2c7400f000000001400bf8f0800e00369
:0cfe44001800bd270800e00300000000cb
:020000040000fa
:020000041d02db
:10fe50000c008010251000004200839440006330a5
:10fe600008006010000000000800828c27100200cb
:10fe70000400838c251043000000a38c261043004f
:0cfe80000100422c0800e003000000001c
:020000040000fa
:020000041d02db
:10fe8c000c00801025100000420083944000633069
:10fe9c000800601000000000e8ffbd271400bfaf91
:10feac00f6c5400f000000001400bf8f0800e003ef
:0cfebc001800bd270800e0030000000053
:020000040000fa
:020000041d02db
:10fec8001c00828c2000858c2b184500040060548f
:10fed8001800838c231045000800e003ffff423020
:10fee800231865001400848c23104400211062003c
:0cfef800010042240800e003ffff42303c
:020000040000fa
:020000041d02db
:10ff0400020003240b008310ffff0224e8ffbd2737
:10ff14001400bfaf2538c0002530a000010005241f
:10ff24005c37400f010004241400bf8f0800e00375
:0cff34001800bd270800e00300000000da
:020000040000fa
:020000041d02db
:10ff4000e8ffbd271400bfaf0ac6400f0000000045
:10ff50002520400006008010251000004c00838cf6
:10ff6000040060101400bf8f3bb2400f000000007f
:0cff70001400bf8f0800e0031800bd273c
:020000040000fa
:020000041d02db
:10ff7c00e8ffbd271400bfaf1000b0af2580800094
:10ff8c002520a00018b4400f040005240c00038e9b
:10ff9c001b004300f4016000101000001400bf8f20
:0cffac001000b08f0800e0031800bd2713
:020000040000fa
:020000041d02db
:10ffb800e8ffbd271400bfaf3c81828f08004018be
:10ffc800020003241800848c05008314ffff4224d8
:10ffd800030040143c8182af40c5400f0000000080
:0cffe8001400bf8f0800e0031800bd27c4
:020000040000fa
:020000041d02db
:10fff400e8ffbd27010003240700c3141400bfafaa
:020000041d03da
:10000400253000008258400f010007241400bf8fe0
:100014000800e0031800bd272510c0002530a0000b
:0c00240002004238f7ff00100a2802001a
:020000040000fa
:020000041d03da
:10003000240080ac0c00828c0a00401025100000c7
:100040000000838c000060a40800858c21186500e6
:10005000010042240c00858c2b284500faffa05497
:0c006000000060a40800e00300000000a5
:020000040000fa
:020000041d03da
:10006c000000828c09004010000000000400838c0a
:10007c00080062540000438c040080ac000080ac8b
:10008c000800838cffff6324080083ac0800e003a6
:0c009c0000000000faff0010000083ac20
:020000040000fa
:020000041d03da
:1000a800e0ffbd271c00bfaf84be400f1000a0af0b
:1000b80004004010040006241000a527fcc1400fce
:1000c800252040003ac4400fc08184271000a28f29
:0c00d8001c00bf8f0800e0032000bd27c3
:020000040000fa
:020000041d03da
:1000e4008400832425108000000040a001004224e5
:1000f400fdff4314000000002518800084008424c0
:10010400251000000000659001006324fdff6414c5
:0c011400251045000800e0032b1002003d
:020000040000fa
:020000041d03da
:100120000000848c03008104251000000800e00317
:1001300000000000e8ffbd271400bfaf9497400ff8
:1001400000000000ffff03240100435025100000c1
:0c0150001400bf8f0800e0031800bd275a
:020000040000fa
:020000041d03da
:10015c00e0ffbd271800b0af1000a6af25808000cf
:10016c001c00bfaf3f27400f1000a6270400038ed2
:10017c001c00bf8fffff0424100063300b108300a2
:0c018c001800b08f0800e0032000bd2721
:020000040000fa
:020000041d03da
:100198000800c010251080002000032423186600e2
:1001a8000600601c0620c500252000000610c500ba
:1001b800252880000800e0032518a0000610c200ca
:1001c80004286500faff0010251045000800c0103b
:1001d8002510800020000424232086000600805c6f
:1001e8000418c200251800000428c2002510600069
:1001f8000800e0032518a0000428c50006108200a6
:08020800faff00102528a200f6
:020000040000fa
:020000041d03da
:100210000180023c90884224090044140180023c81
:100220009088422402000324040043a40400a38c09
:100230000c0043ac1000a38c140043ac240040a07d
:080240000800e00300000000cb
:020000040000fa
:020000041d03da
:10024800e8ffbd271400bfaf1000b0af25808000c5
:1002580065af400f0100052403004010010002248f
:100268001a0002a61c0000a61400bf8f1000b08f51
:080278000800e0031800bd2797
:020000040000fa
:020000041d03da
:10028000e8ffbd271400bfaf1000b0af258080008d
:1002900065af400f01000524030040100100022457
:1002a0001a0002a61c0000a61400bf8f1000b08f19
:0802b0000800e0031800bd275f
:020000040000fa
:020000041d03da
:1002b800e8ffbd271400bfaf1000b0af2580800055
:1002c80065af400f252800000300401001000224fc
:1002d8001a0002a61c0000a61400bf8f1000b08fe1
:0802e8000800e0031800bd2727
:020000040000fa
:020000041d03da
:1002f000e8ffbd271400bfaf1000b0af258080001d
:1003000065af400f010005240300401001000224e6
:100310001a0002a61c0000a61400bf8f1000b08fa8
:080320000800e0031800bd27ee
:020000040000fa
:020000041d03da
:100328005443502f495020537461636b3a204e65f3
:1003380074776f726b20636f6e666967757261742c
:10034800696f6e206c6f6164206661696c65643ae0
:080358002025640d0a000000dd
:020000040000fa
:020000041d03da
:10036000544350495020537461636b20417373654b
:1003700072743a20696e2066696c653a2025732c88
:100380002066756e633a2025732c206c696e653a81
:080390002025642c200d0a0059
:020000040000fa
:020000041d03da
:100398002e2e2f7372632f636f6e6669672f6465e5
:1003a8006661756c742f6c6962726172792f7463ff
:1003b8007069702f7372632f74637069705f6d61f9
:0803c8006e616765722e63008f
:020000040000fa
:020000041d03da
:1003d000e8ffbd271400bfaf0ac6400f00000000b1
:1003e000252040000500801025100000556e400fac
:1003f0000100052427100200c21702001400bf8f5d
:080400000800e0031800bd270d
:020000040000fa
:020000041d03da
:10040800e8ffbd271400bfaf020106241c00052425
:100418005a87400f3400042404004010039d033c15
:1004280040046324080043ac0c0040ac1400bf8fa8
:080438000800e0031800bd27d5
:020000040000fa
:020000041d03da
:100440000180023c608a428c080044502200829461
:10045000e8ffbd271400bfaff6a5400f0000000065
:100460001400bf8f0800e0031800bd27c418027ce9
:080470000800e003220082a451
:020000040000fa
:020000041d03da
:100478003c008590010003240900a3142510000006
:10048800e8ffbd271400bfaf99ab400f2528000037
:100498002b1002001400bf8f0800e0031800bd27ce
:0804a8000800e0030000000061
:020000040000fa
:020000041d03da
:1004b000100082900a004010ffff0534e8ffbd27be
:1004c0001400bfaf2ec4400f0c008424010042383a
:1004d0000100422c1400bf8f0800e0031800bd2764
:0804e0000800e0030000000029
:020000040000fa
:020000041d03da
:1004e800100082900a00401000000000e8ffbd27bd
:1004f8001400bfaf3ac4400f0c00842401004238f6
:100508000100422c1400bf8f0800e0031800bd272b
:080518000800e00300000000f0
:020000040000fa
:020000041d03da
:100520000180033c648a63240c00628c0800648ca4
:100530002b188200030060140180033c0800e003d4
:1005400023108200648a63241800638c21186400dd
:080550000800e0032310620023
:020000040000fa
:020000041d03da
:100558000180033c648a63242800648c2c00628c2c
:100568002b188200030060140180033c0800e0039c
:1005780023108200648a63243000638c211864008d
:080588000800e00323106200eb
:020000040000fa
:020000041d03da
:10059000e8ffbd271400bfaf1c00a5a317a1400fa3
:1005a000928184970200032404004314010006246e
:1005b0001c00a527a2b6400f928184971400bf8f1c
:0805c0000800e0031800bd274c
:020000040000fa
:020000041d03da
:1005c800e8ffbd271400bfaf1000b0af2580a00022
:1005d8009ac4400f2520a00025304000252800029d
:1005e800a2b6400f928184971400bf8f1000b08f7d
:0805f8000800e0031800bd2714
:020000040000fa
:020000041d03da
:100600000b008010251000000300828800008298f3
:1006100090818327000062ac98818227000040ac63
:10062000040040ac02008294020062a40100022493
:080630000800e00300000000d7
:020000040000fa
:020000041d03da
:1006380018c1029d20c1029d000000002cc1029d2e
:100648003cc1029d4cc1029d4cc1029d5cc1029df2
:1006580064c1029d0900000050ce029d0000000008
:0806680000000000000000008a
:020000040000fa
:020000041d03da
:10067000e0ffbd271c00bfaf1800b1af1400b0af42
:100680000180103c708c1026039d023c88ea518c3e
:1006900009f820020c00048eccb6400f010004249f
:0806a000fbff00100000000048
:020000040000fa
:020000041d03da
:1006a800f8ffbd270400bfaf00606241c000000032
:1006b80000600240251840008482037c010c6334ea
:1006c80000608340c0000000010042340400bf8f76
:0806d8000800e0030800bd2743
:020000040000fa
:020000041d03da
:1006e000e8ffbd271400bfaf1000b0af2580a00009
:1006f0001482858f66b3400f1800a52401000524dd
:10070000527b400f252000021400bf8f1000b08fd5
:080710000800e0031800bd27fa
:020000040000fa
:020000041d03da
:10071800251800000a00c310000000002110830003
:10072800010063242138a30000004290ffffe790f6
:10073800f8ff4710231047000800e00300000000fe
:080748000800e0032510000089
:020000040000fa
:020000041d03da
:10075000e8ffbd271400bfaf1000b0af1c00a5af6d
:100760009ac4400f258080001c00a58f2520000220
:10077000bec6400f010046241400bf8f1000b08f8a
:080780000800e0031800bd278a
:020000040000fa
:020000041d03da
:100788000a00801053ff02240800a0100000000097
:10079800e8ffbd271400bfaf225e400f0000000035
:1007a8001400bf8f0800e0031800bd270800e0030d
:0407b800000000003d
:020000040000fa
:020000041d03da
:1007bc000a00801053ff02240800a0100000000063
:1007cc00e8ffbd271400bfaf0961400f0000000017
:1007dc001400bf8f0800e0031800bd270800e003d9
:0407ec000000000009
:020000040000fa
:020000041d03da
:1007f0000a00801053ff02240800a010000000002f
:10080000e8ffbd271400bfafd459400f000000001f
:100810001400bf8f0800e0031800bd270800e003a4
:0408200000000000d4
:020000040000fa
:020000041d03da
:100824000000a290200382a00100a290210382a0d4
:100834000200a290100382a00300a290110382a0e0
:100844000400a290000382a00500a2900800e00327
:04085400010382a07a
:020000040000fa
:020000041d03da
:10085800200382900000a2a0210382900100a2a0a0
:10086800100382900200a2a0110382900300a2a0ac
:10087800000382900400a2a0010382900800e00314
:040888000500a2a025
:020000040000fa
:020000041d03da
:10088c000800a28c09004010000000000400a38c9a
:10089c008002637c030060100080033c0800e003ce
:1008ac002510430000a0033c251043000800e00382
:0408bc000000000038
:020000040000fa
:020000041d03da
:1008c0000a008010ffff02240800828c020003242b
:1008d00006004354ffff02240400839401006330a8
:1008e000ffff04240800e0030a1083000800e0036f
:0408f0000000000004
:020000040000fa
:020000041d03da
:1008f400000102240900c21401000624e8ffbd27f8
:100904001400bfaf01000524159d400f0c00042402
:100914001400bf8f0800e0031800bd270800e0039f
:0409240000000000cf
:020000040000fa
:020000041d03da
:100928000a008010251000004200829440004330e5
:1009380003006014010043300800e00325100000a4
:100948007c80828f0a180200251060000800e003ee
:04095800000000009b
:020000040000fa
:020000041d03da
:10095c0042008294c420027c420082a40800a2308f
:10096c0006004010000000004200829401000324a5
:10097c00c418627c420082a4010002240800e00337
:04098c000000000067
:020000040000fa
:020000041d03da
:10099000e8ffbd271400bfafc2c3400f0000000036
:1009a00025184000040060102510000042006294e9
:1009b000001042380003427c1400bf8f0800e0039f
:0409c0001800bd2737
:020000040000fa
:020000041d03da
:1009c4005443502f495020537461636b3a20486557
:1009d40061702044656c657465206661696c2120d2
:1009e4004e6f207472616365206578697374730d4a
:0409f4000a000000f5
:020000040000fa
:020000041d03da
:1009f800000102240900c21401000624e8ffbd27f3
:100a08001400bfaf01000524159d400f0f000424fa
:100a18001400bf8f0800e0031800bd270800e0039a
:040a280000000000ca
:020000040000fa
:020000041d03da
:100a2c00000102240900c21401000624e8ffbd27be
:100a3c001400bfaf01000524159d400f0e000424c7
:100a4c001400bf8f0800e0031800bd270800e00366
:040a5c000000000096
:020000040000fa
:020000041d03da
:100a6000000102240900c21401000624e8ffbd278a
:100a70001400bfaf01000524159d400f150004248c
:100a80001400bf8f0800e0031800bd270800e00332
:040a90000000000062
:020000040000fa
:020000041d03da
:100a9400f8ffbd270400bfaf006802400008033c14
:100aa4002510430000688240c000000081bf023c62
:100ab40001000324c40043ac0400bf8f0800e0031a
:040ac4000800bd2742
:020000040000fa
:020000041d03da
:100ac800e8ffbd271400bfaf1000b0af0180023ca3
:100ad800648a42243000508c56c1400fffff102614
:100ae800231002021400bf8f1000b08f0800e0032b
:040af8001800bd27fe
:020000040000fa
:020000041d03da
:100afc00e8ffbd271400bfaf1000b0af0180023c6f
:100b0c00648a42241800508c48c1400fffff102605
:100b1c00231002021400bf8f1000b08f0800e003f6
:040b2c001800bd27c9
:020000040000fa
:020000041d03da
:100b30000d0a202a2a2a205175697474696e67206b
:100b400074686520436f6d6d616e642050726f63d1
:100b50006573736f722e20427965202a2a2a0d0a46
:040b60000000000091
:020000040000fa
:020000041d03da
:100b6400e8ffbd271400bfaf0000828c0000428c58
:100b7400039d053c1427a52409f840000400848c37
:100b84008bb9400f000000001400bf8f0800e00381
:040b94001800bd2761
:020000040000fa
:020000041d03da
:100b9800e8ffbd271400bfaf0180023c3c8b428cac
:100ba800e80306242538000019004400122000003c
:100bb8004e38400f102800001400bf8f0800e003d3
:040bc8001800bd272d
:020000040000fa
:020000041d03da
:100bcc001082828f0000428c04004014ffff02242c
:100bdc00e48182af0800e003000000001082828fe5
:100bec000c00428c0000428ce48182af0800e003d0
:040bfc0000000000f5
:020000040000fa
:020000041d03da
:100c0000e8ffbd271400bfaf1000b0af2abc400ff3
:100c1000258080003800108eafb1400f000000002a
:100c20000100022e1400bf8f1000b08f0800e003f7
:040c30001800bd27c4
:020000040000fa
:020000041d03da
:100c3400e8ffbd271000b0af1400bfaf5093400fc2
:100c44002580a000000043901400bf8fff001032e5
:100c5400261870000b1003001000b08f0800e0038a
:040c64001800bd2790
:020000040000fa
:020000041d03da
:100c68000900801053ff0224e8ffbd271400bfaf1e
:100c780076c4400f00000000251000001400bf8f4c
:100c88000800e0031800bd270800e003000000008a
:020000040000fa
:020000041d03da
:100c98000080033c100263240600831425108000a2
:100ca80005008010000000009c00628c0800e00332
:100cb80000000000251000000800e003000000000c
:020000040000fa
:020000041d03da
:100cc8000319050008006010ffff0224f007022442
:100cd800140082ac00190300f0076330180083acdd
:100ce8002510a0000418027c0800e00300000000a2
:020000040000fa
:020000041d03da
:100cf8000000a0ac0400828c07004054000045ac02
:100d0800040085ac000085ac0800828c01004224f8
:100d18000800e003080082acfbff0010040085ac6b
:020000040000fa
:020000041d03da
:100d280009008010f5ff02240800838c0180023c32
:100d380090884224030062503c0085ac0800e00320
:100d4800f5ff0224251000000800e0030000000061
:020000040000fa
:020000041d03da
:100d5800e8ffbd271400bfaf748e400f00000000ed
:100d680003004004f7ff0324020042380100432c2b
:100d7800251060001400bf8f0800e0031800bd278d
:020000040000fa
:020000041d03da
:100d88000000a0ac0400828c07004054000045ac71
:100d9800040085ac000085ac0800828c0100422468
:100da8000800e003080082acfbff0010040085acdb
:020000040000fa
:020000041d03da
:100db800d8ffbd272400bfaf010002241800a2af4e
:100dc8003800a28f1400a2af1000a7af7f6a400faf
:100dd800253800002400bf8f0800e0032800bd2745
:020000040000fa
:020000041d03da
:100de800d8ffbd272400bfaf020002241800a2af1d
:100df8003c00a28f1400a2af3800a28f7f6a400f78
:100e08001000a2af2400bf8f0800e0032800bd2710
:020000040000fa
:020000041d03da
:100e1800d8ffbd272400bfaf030002241800a2afeb
:100e28003800a28f1400a2af1000a7af7f6a400f4e
:100e3800253800002400bf8f0800e0032800bd27e4
:020000040000fa
:020000041d03da
:100e4800d8ffbd272400bfaf040002241800a2afba
:100e58003800a28f1400a2af1000a7af7f6a400f1e
:100e6800253800002400bf8f0800e0032800bd27b4
:020000040000fa
:020000041d03da
:100e7800d8ffbd272400bfaf050002241800a2af89
:100e88003c00a28f1400a2af3800a28f7f6a400fe7
:100e98001000a2af2400bf8f0800e0032800bd2780
:020000040000fa
:020000041d03da
:100ea8000900801025100000420083944000633040
:100eb80005006010000000000800828c2710020066
:100ec8000400838c251043000800e00300000000a4
:020000040000fa
:020000041d03da
:100ed800420082940410027c420082a40100a230e5
:100ee8000500401000000000420083940100052422
:100ef8000400a37c420083a40800e0030000000073
:020000040000fa
:020000041d03da
:100f0800090080102510800042008394400063305f
:100f180005006050251000007400839401006330c0
:100f28000800e0030a1003000800e00300000000c6
:020000040000fa
:020000041d03da
:100f38000900801000000000e8ffbd271400bfafc3
:100f480010000624a0c6400f252800001400bf8ffb
:100f58000800e0031800bd270800e00300000000b7
:020000040000fa
:020000041d03da
:100f6800e8ffbd271400bfaf0ac6400f000000000d
:100f78002518400003006010251000003e00629410
:100f88008002427c1400bf8f0800e0031800bd27d0
:020000040000fa
:020000041d03da
:100f9800e8ffbd271400bfaf0ac6400f00000000dd
:100fa800252040000300801025100000b2bf400f2c
:100fb800000000001400bf8f0800e0031800bd27e0
:020000040000fa
:020000041d03da
:100fc8000000a29401004230070040100000000019
:100fd8000000a2940400027c0000a2a42400828cd9
:100fe800ffff4224240082ac0800e0030000000058
:020000040000fa
:020000041d03da
:100ff8000000a0ac0400828c07004054000045acff
:10100800040085ac000085ac0800828c01004224f5
:101018000800e003080082acfbff0010040085ac68
:020000040000fa
:020000041d03da
:10102800e8ffbd271400bfaf4eb6400f25280000cb
:10103800251840000300601025100000020062908f
:10104800010042301400bf8f0800e0031800bd27dc
:020000040000fa
:020000041d03da
:10105800e8ffbd271400bfaf4eb6400f252800009b
:10106800251840000300601025100000020062945b
:101078004000427c1400bf8f0800e0031800bd2721
:020000040000fa
:020000041d03da
:10108800e8ffbd271400bfaf1000b0af2580800077
:1010980012ca400f0000848c000000ae0100022438
:1010a8001400bf8f1000b08f0800e0031800bd27a0
:020000040000fa
:020000041d03da
:1010b800e8ffbd271400bfafffffa338ffff0224de
:1010c8000a2843002751400f0000848c0100423851
:1010d8000100422c1400bf8f0800e0031800bd2750
:020000040000fa
:020000041d03da
:1010e800e8ffbd271400bfaf2538000025300000f9
:1010f800252800003556400f0000848c0100423836
:101108000100422c1400bf8f0800e0031800bd271f
:020000040000fa
:020000041d03da
:10111800e8ffbd271400bfafffffa338ffff02247d
:101128000a2843002751400f0000848c01004238f0
:101138000100422c1400bf8f0800e0031800bd27ef
:020000040000fa
:020000041d03da
:10114800e8ffbd271400bfaf253800002530000098
:10115800252800003556400f0000848c01004238d5
:101168000100422c1400bf8f0800e0031800bd27bf
:020000040000fa
:020000041d03da
:10117800fc77029d640b039d0478029d1478029d00
:101188009cc5029d1878029d3478029d341b019df0
:101198003c78029d4478029d9878009d4878029d8d
:020000040000fa
:020000041d03da
:1011a8000000000003000000d0d3029d58a9029d52
:1011b800e0cc029d84cc029dd0a9029dcccb029d9f
:1011c80028cc029db832039d502a039db032039d5e
:020000040000fa
:020000041d03da
:1011d8000900801053ff0224e8ffbd271400bfafa9
:1011e800feff0624a4b5400f252800001400bf8f79
:1011f8000800e0031800bd270800e0030000000015
:020000040000fa
:020000041d03da
:10120800a65ad0f345db4e0effe875c3a2e71f428e
:10121800c7129d620ff5c119a9ef55f05185e0fb82
:101228008581f9317517276e06e9607ddbcbcc2ef9
:020000040000fa
:020000041d03da
:1012380063363377e41e86468deb0ab4a8ed683f23
:101248006a134e47e014c700454e81e95358a56913
:10125800808aa38f2a72a62359915a9f8a04ca6842
:020000040000fa
:020000041d03da
:101268000000828008004010000000002510800067
:101278000100422400004380feff60540100422424
:101288000800e003231044000800e00325100000d4
:020000040000fa
:020000041d03da
:101298000800801053ff0224e8ffbd271400bfafe9
:1012a80082c5400f000000001400bf8f0800e00353
:0c12b8001800bd270800e0030000000043
:020000040000fa
:020000041d03da
:1012c400e8ffbd271400bfaf2510c0006000c38c29
:1012d4002530a0002528800009f860005c00448cbb
:0c12e4001400bf8f0800e0031800bd27b5
:020000040000fa
:020000041d03da
:1012f00008008010f5ff02240800838c0180023c66
:1013000090884224030062501e0082840800e0039b
:0c131000f5ff02240800e00300000000cc
:020000040000fa
:020000041d03da
:10131c0008008010ffff02240800838c0180023c2f
:10132c009088422403006250020082840800e0038b
:0c133c00ffff02240800e0030000000096
:020000040000fa
:020000041d03da
:10134800f8bd029d5cbd019d3079029d20ac029dd7
:1013580050b8029d80ef019d34fc029d9001009dd4
:0c136800f8fb029d34b0029db463029dae
:020000040000fa
:020000041d03da
:10137400e8ffbd271400bfaf16a2400f25280000c8
:101384002518400002006010ffff02240c00628c4c
:0c1394001400bf8f0800e0031800bd2704
:020000040000fa
:020000041d03da
:1013a000e8ffbd271400bfaf1000b0afc7cb400fa0
:1013b0002580800088cc400f252000021400bf8fbc
:0c13c0001000b08f0800e0031800bd27eb
:020000040000fa
:020000041d03da
:1013cc00444843503a204661696c656420746f2030
:1013dc00726567697374657220495076342066694a
:0c13ec006c74657221200d0a00000000e6
:020000040000fa
:020000041d03da
:1013f80008008010251000001000838c0500601084
:10140800000000000c0064940000638cfdff601471
:0c141800211044000800e003ffff4230f8
:020000040000fa
:020000041d03da
:10142400e8ffbd271400bfaf1000b0af83b7400f73
:10143400258080005b9b400f252000021400bf8f95
:0c1444001000b08f0800e0031800bd2766
:020000040000fa
:020000041d03da
:101450000800801025100000420083944000633093
:1014600004006010000000000000a28c0c0082aca0
:0c147000010002240800e003000000005e
:020000040000fa
:020000041d03da
:10147c0006008010000000004200829440004230c0
:10148c00040040540000a28c252000000800e0035a
:0c149c002b100400fdff0010100082acbb
:020000040000fa
:020000041d03da
:1014a800080080102510000042008394400063303b
:1014b80004006010000000000000a28c140082ac40
:0c14c800010002240800e0030000000006
:020000040000fa
:020000041d03da
:1014d400e8ffbd27040080101400bfaf42008294cf
:1014e400400042300a200200eac7400f000000001a
:0c14f4001400bf8f0800e0031800bd27a3
:020000040000fa
:020000041d03da
:10150000e8ffbd271400bfaf3881848f050080102d
:101510001400bf8fcec3400f00000000388180afa1
:0c1520001400bf8f0800e0031800bd2776
:020000040000fa
:020000041d03da
:10152c00f8ffbd270400bfaf006802400008033c71
:10153c002510430000688240c0000000848180af09
:0c154c000400bf8f0800e0030800bd276a
:020000040000fa
:020000041d03da
:101558000800a01000000000e8ffbd271400bfaf7e
:101568003cc6400f000000001400bf8f0800e003d5
:0c1578001800bd270800e0030000000080
:020000040000fa
:020000041d03da
:10158400e8ffbd271400bfafb88186af0100072470
:1015940025308000039d043c849b400fa8218424b3
:0c15a4001400bf8f0800e0031800bd27f2
:020000040000fa
:020000041d03da
:1015b000e8ffbd271400bfaf1000b0af0180103ca2
:1015c000708c1026cc0e400f0800048eccb6400f55
:0c15d00001000424fbff001000000000dc
:020000040000fa
:020000041d03da
:1015dc00e8ffbd271400bfaf1000b0af0180103c76
:1015ec00708c1026f771400f1400048eccb6400f8f
:0c15fc0001000424fbff001000000000b0
:020000040000fa
:020000041d03da
:10160800e0ffbd271c00bfaffeff02241000a2af01
:1016180025380000253000007447400f25280000b9
:0c1628001c00bf8f0800e0032000bd275d
:020000040000fa
:020000041d03da
:101634000800c01025108000213086002518800085
:101644000100a524ffffa79001006324fcff66149a
:0c165400ffff67a00800e003000000009a
:020000040000fa
:020000041d03da
:10166000000082800000a38003004314ff00633069
:101670000400405401008424ff0042300800e003cd
:0c16800023104300f6ff00100100a52419
:020000040000fa
:020000041d03da
:10168c00e0ffbd270080023c251800001000a2af2f
:10169c001400a3af1c00bfaf2395400f0000000047
:0c16ac001c00bf8f0800e0032000bd27d9
:020000040000fa
:020000041d03da
:1016b8004000838c3c00868c500085ac231066006b
:1016c8000400a010540082ac2a10a200010040546b
:0c16d8002118c5000800e0034c0083aca2
:020000040000fa
:020000041d03da
:1016e4000180043cbc8b822401000324080043ac29
:1016f4000180033c908d6324bc8b83ac0100033ccc
:0c170400c0fd63240800e003040043acb7
:020000040000fa
:020000041d03da
:101710004950763420496e69743a204661696c6597
:101720006420746f20696e6974616c697a653a200f
:08173000256421200d0a0000d0
:020000040000fa
:020000041d03da
:1017380007008010251000004200839440006330a9
:10174800030060100000000072008294ecff422445
:081758000800e003000000009e
:020000040000fa
:020000041d03da
:10176000cca7009d01000000d0a7009d0200000052
:1017700054a3009d0300000068a3009d0300000027
:08178000d8a7009d0400000041
:020000040000fa
:020000041d03da
:101788000700801025100000420083944000633059
:101798000300601000000000f08084af0100022404
:0817a8000800e003000000004e
:020000040000fa
:020000041d03da
:1017b0000180023ce08b43942b18830004006010ee
:1017c00025100000c0210400f480828f2110440005
:0817d0000800e0030000000026
:020000040000fa
:020000041d03da
:1017d8000700801025100000420083944000633009
:1017e80003006010000000007400828c0100423089
:0817f8000800e00300000000fe
:020000040000fa
:020000041d03da
:101800005443502f495020537461636b3a20496e02
:10181000697469616c697a6174696f6e205374616f
:0818200072746564200d0a00da
:020000040000fa
:020000041d03da
:1018280007008004251000000881838f2b1883008f
:1018380003006010802004001881828f0a10447c05
:081848000800e00300000000ad
:020000040000fa
:020000041d03da
:1018500007008004251000003081838f2a18830040
:1018600003006010802004003481828f0a10447cc1
:081870000800e0030000000085
:020000040000fa
:020000041d03da
:101878000c00838c2b18a3000500601025100000b5
:101888000800828c0000838c0220a2702110830043
:081898000800e003000000005d
:020000040000fa
:020000041d03da
:1018a0001000838c0300632c05006014ffff0224ea
:1018b0001400828c01000324000043a003000224d2
:0818c0000800e0030000000035
:020000040000fa
:020000041d03da
:1018c800e8ffbd271400bfaf4c81828f0400401091
:1018d8001400bf8f09f84000000000001400bf8ffb
:0818e8000800e0031800bd2711
:020000040000fa
:020000041d03da
:1018f000421104000029020081bf023cc0004224c2
:10190000211045000100032404188300080043aca3
:081910000800e00300000000e4
:020000040000fa
:020000041d03da
:10191800421104000029020081bf023cc000422499
:10192800211045000100032404188300040043ac7f
:081938000800e00300000000bc
:020000040000fa
:020000041d03da
:10194000421104000029020081bf023c40004224f1
:10195000211045000100032404188300040043ac57
:081960000800e0030000000094
:020000040000fa
:020000041d03da
:101968000700801000000000f8ffbd270400bfaf8b
:10197800206062410400bf8f0800e0030800bd2713
:081988000800e003000000006c
:020000040000fa
:020000041d03da
:10199000e0ffbd271c00bfaf010006241000a527f3
:1019a00078b6400f928184971000a2831c00bf8fed
:0819b0000800e0032000bd2740
:020000040000fa
:020000041d03da
:1019b8000500000001000000b00400003c00000029
:1019c80002000000320000004b000000010000008f
:0819d800030000000100000003
:020000040000fa
:020000041d03da
:1019e00000000000002088bf000000004000000050
:1019f000e828039d0000000078ea029df032039d74
:081a00000000000090030080cb
:020000040000fa
:020000041d03da
:101a08001482828f05004010000000001482838f2a
:101a18004c00628c010042244c0062ac1482828f1c
:081a28000800e00300000000cb
:020000040000fa
:020000041d03da
:101a3000e8ffbd271400bfaf25300000039d053c23
:101a40001033a52432af400f252000001400bf8fb3
:081a50000800e0031800bd27a7
:020000040000fa
:020000041d03da
:101a5800544350207365727665722073656e7420e6
:101a6800726573706f6e736520746f2054435020d5
:081a7800636c69656e740000e7
:020000040000fa
:020000041d03da
:101a80000700c01025108000202c057c2130860026
:101a90002518800001006324feff6614ffff65a087
:081aa0000800e0030000000053
:020000040000fa
:020000041d03da
:101aa800e8ffbd271000b0af1400bfafc8c6400f95
:101ab800258080001400bf8f251000021000b08f11
:081ac8000800e0031800bd272f
:020000040000fa
:020000041d03da
:101ad000e8ffbd271000b0af1400bfafeca8400f67
:101ae000258080001400bf8f251000021000b08fe9
:081af0000800e0031800bd2707
:020000040000fa
:020000041d03da
:101af800ff00a53021308600050086102510000063
:101b0800ffffc390ffffc224fbff65142530400090
:081b18000800e00300000000da
:020000040000fa
:020000041d03da
:101b200002000010251080002510c0000100a5242f
:101b3000ffffa38001004624fbff6014ffffc3a04a
:081b40000800e00300000000b2
:020000040000fa
:020000041d03da
:101b48000180033c7c8d668c0500c01425100000c4
:101b58007c8d64ac100080ac000085ac01000224d0
:081b68000800e003000000008a
:020000040000fa
:020000041d03da
:101b7000e0ffbd272800a6af2800a6271c00bfafa6
:101b80002c00a7afe6c6400f1000a6af1c00bf8f09
:081b90000800e0032000bd275e
:020000040000fa
:020000041d03da
:101b98002538c0002530a000ff7f053ce8ffbd27a1
:101ba8001400bfaf8093400fffffa5341400bf8f10
:081bb8000800e0031800bd273e
:020000040000fa
:020000041d03da
:101bc000000000000000f03f000000000000e03fc7
:101bd0000000000000005043000000000000b03f83
:081be00000000000000020409d
:020000040000fa
:020000041d03da
:101be8000180023c90884224040044140180033c94
:101bf800040040a4908860a0140040ac0800e003f2
:041c080000000000d8
:020000040000fa
:020000041d03da
:101c0c005f4452565f5048595f534d495472616e50
:101c1c007366657257616974436f6d706c6574653a
:041c2c0000000000b4
:020000040000fa
:020000041d03da
:101c3000644d49494d204173736572743a20257390
:101c40002c20696e206c696e653a2025642c200d6d
:041c50000a00000086
:020000040000fa
:020000041d03da
:101c54000400a38c05006010ffff02240000a28c86
:101c6400ffff0324000043a0010002240800e00356
:041c7400000000006c
:020000040000fa
:020000041d03da
:101c78003cc5029d2cec019d94e5029d6077029d78
:101c88004431039d4431039d4431039d4431039df8
:041c9800202a039d5e
:020000040000fa
:020000041d03da
:101c9c00e8ffbd271400bfafffff053446c4400f5b
:101cac00080084242b1002001400bf8f0800e003ee
:041cbc001800bd2728
:020000040000fa
:020000041d03da
:101cc0000400a28ca88182afac8182270800a39473
:101cd000040043a402000324000043ac0800e00316
:041ce00025100000cb
:020000040000fa
:020000041d03da
:101ce400f8ffbd270400bfaf006002408482027c7d
:101cf400000c423400608240c0000000ffff00106e
:041d040000000000db
:020000040000fa
:020000041d03da
:101d0800f8ffbd270400bfaf006002408482027c58
:101d1800000c423400608240c0000000ffff001049
:041d280000000000b7
:020000040000fa
:020000041d03da
:101d2c00f8ffbd270400bfaf006002408482027c34
:101d3c00000c423400608240c0000000ffff001025
:041d4c000000000093
:020000040000fa
:020000041d03da
:101d500008008224040082acffff0324080083ac47
:101d60000c0082ac100082ac000080ac0800e003e4
:041d7000000000006f
:020000040000fa
:020000041d03da
:101d7400e8ffbd271400bfaf96a7400f188280afbd
:101d840094be400f000000001400bf8f0800e00361
:041d94001800bd274f
:020000040000fa
:020000041d03da
:101d9800200083349fff63241a00632c030060141f
:101da80001000224d0ff84240a00822c0800e003ea
:041db8000000000027
:020000040000fa
:020000041d03da
:101dbc00d0ff83240a00632c040060140100022469
:101dcc00200084349fff82240600422c0800e0038c
:041ddc000000000003
:020000040000fa
:020000041d03da
:101de0000180043c808d828c954c033c2d7f6324c4
:101df0000210437001004224808d82ac0800e00391
:041e00004214020086
:020000040000fa
:020000041d03da
:101e0400e0ffbd272c00a7af2c00a7271c00bfaf05
:101e14008093400f1000a7af1c00bf8f0800e003a1
:041e24002000bd27b6
:020000040000fa
:020000041d03da
:101e2800010000000200000008000000040000009b
:101e380010000000200000004000000080000000aa
:020000040000fa
:020000041d03da
:101e480050485920436f6e643a2025732c20696ee0
:101e5800206c696e653a2025642c200d0a0000006c
:020000040000fa
:020000041d03da
:101e68000180023c90884224030044500180023cd7
:101e78000800e003ffff02240800e003948842847e
:020000040000fa
:020000041d03da
:101e8800504859204173736572743a2025732c2089
:101e9800696e206c696e653a2025642c200d0a0055
:020000040000fa
:020000041d03da
:101ea8004452565f504859206f7065726174696f6b
:101eb8006e206572726f723a2025640d0a00000068
:020000040000fa
:020000041d03da
:101ec8008002039d8036029dacab029d9ce2029d80
:101ed80050e2029d04e2029db8e1029da0a5019d89
:020000040000fa
:020000041d03da
:101ee8000800829004004010000000008480828f67
:101ef800ffff4224848082af0800e0030000000056
:020000040000fa
:020000041d03da
:101f0800e8ffbd271400bfaf010006248a3e400f3a
:101f1800252880001400bf8f0800e0031800bd27a3
:020000040000fa
:020000041d03da
:101f28005061636b65742041636b3a206f7270680f
:101f3800616e207061636b657421200d0a000000da
:020000040000fa
:020000041d03da
:101f48000500801025100000420083944000633093
:101f5800010060540c00828c0800e00300000000bf
:020000040000fa
:020000041d03da
:101f68000500801025100000420083944000633073
:101f7800010060541000828c0800e003000000009b
:020000040000fa
:020000041d03da
:101f88000500801025100000420083944000633053
:101f9800010060541400828c0800e0030000000077
:020000040000fa
:020000041d03da
:101fa8000500801025100000420083944000633033
:101fb800010060540400828c0800e0030000000067
:020000040000fa
:020000041d03da
:101fc8000500801025100000420083944000633013
:101fd800010060540800828c0800e0030000000043
:020000040000fa
:020000041d03da
:101fe8000500801025108000420083944000633073
:101ff8003c0082240a1003000800e00300000000ef
:020000040000fa
:020000041d03da
:102008000180023cec8b438c030064142510000013
:102018000180023ce88b428c0800e00300000000cd
:020000040000fa
:020000041d03da
:10202800e8ffbd271400bfaf0000828c09f840000c
:10203800000000001400bf8f0800e0031800bd274f
:020000040000fa
:020000041d03da
:10204800e8ffbd271400bfaf0400828c09f84000e8
:10205800000000001400bf8f0800e0031800bd272f
:020000040000fa
:020000041d03da
:10206800e8ffbd271400bfaf0800828c09f84000c4
:10207800000000001400bf8f0800e0031800bd270f
:020000040000fa
:020000041d03da
:10208800e8ffbd271400bfaf0c00828c09f84000a0
:10209800000000001400bf8f0800e0031800bd27ef
:020000040000fa
:020000041d03da
:1020a800e8ffbd271400bfaf2000a48c98c5400fdf
:1020b8002528c0001400bf8f0800e0031800bd27c2
:020000040000fa
:020000041d03da
:1020c800e0ffbd271c00bfaf010002243364400fae
:1020d8001000a2af1c00bf8f0800e0032000bd273e
:020000040000fa
:020000041d03da
:1020e800e0ffbd271c00bfaf020002243364400f8d
:1020f8001000a2af1c00bf8f0800e0032000bd271e
:020000040000fa
:020000041d03da
:10210800e8ffbd271400bfaf2530a000329b400f69
:10211800010005241400bf8f0800e0031800bd2744
:020000040000fa
:020000041d03da
:10212800252e32783a252e32783a252e32783a25dd
:102138002e32783a252e32783a252e327800000051
:020000040000fa
:020000041d03da
:10214800000000000000000001000000b02c039d0a
:1021580002000000b82c039d03000000bc2c039d66
:020000040000fa
:020000041d03da
:10216800421904000019030081bf023cc000422448
:102178000a10437c061082000800e0030100423088
:020000040000fa
:020000041d03da
:10218800f8ffbd270400bfaf00606241c000000037
:10219800010042300400bf8f0800e0030800bd279b
:020000040000fa
:020000041d03da
:1021a800e8ffbd271400bfafb881828f09f840004f
:1021b800252800001400bf8f0800e0031800bd2781
:020000040000fa
:020000041d03da
:1021c80088d5029d30d5029dd8d4029d80d4029d29
:1021d80000000000000000000000000000000000f7
:020000040000fa
:020000041d03da
:1021e8000800000608000400000001000200f401d5
:1021f80037420000002088bffcc2029de019039d01
:020000040000fa
:020000041d03da
:10220800e8ffbd271400bfafa415400f0000000071
:10221800ccb6400f0a000424fbff001000000000a9
:020000040000fa
:020000041d03da
:10222800e8ffbd271400bfaf45cb400f00000000fa
:10223800ccb6400fe8030424fbff001000000000a8
:020000040000fa
:020000041d03da
:10224800e62b8a8ee8f141b6980566e3bfe3c049fc
:1022580003dad4ac2cdf9f2280010a6739bc83d310
:020000040000fa
:020000041d03da
:10226800e8ffbd271400bfafa779400f2520000065
:102278007a81400f00000000fdff00100000000000
:020000040000fa
:020000041d03da
:102288005443502f495020737461636b20657272f8
:102298006f72206f636375727265642100000000bd
:020000040000fa
:020000041d03da
:1022a800000000000000f03f000000000000244093
:1022b800000000000000504300000000000014402f
:1022c800000000000000e043000000000000e0c340
:1022d800000000f0ffff1f34000000000000f007be
:020000040000fa
:020000041d03da
:1022e80000008c90ffffc624010084240000aca0ed
:1022f800fbffc0140100a5240800e003251080009e
:020000040000fa
:020000041d03da
:102308004452562050485920696e697420666169a4
:0c2318006c65643a2025640d0a0000008a
:020000040000fa
:020000041d03da
:10232400e8ffbd271400bfaf84cc400f00000000bd
:0c2334001400bf8f0800e0031800bd2754
:020000040000fa
:020000041d03da
:10234000e8ffbd271400bfaf82cc400f00000000a3
:0c2350001400bf8f0800e0031800bd2738
:020000040000fa
:020000041d03da
:10235c00e8ffbd271400bfaf80cc400f0000000089
:0c236c001400bf8f0800e0031800bd271c
:020000040000fa
:020000041d03da
:10237800e8ffbd271400bfaf7ecc400f000000006f
:0c2388001400bf8f0800e0031800bd2700
:020000040000fa
:020000041d03da
:10239400e8ffbd271400bfaf7ccc400f0000000055
:0c23a4001400bf8f0800e0031800bd27e4
:020000040000fa
:020000041d03da
:1023b000e8ffbd271400bfaf6ecc400f0000000047
:0c23c0001400bf8f0800e0031800bd27c8
:020000040000fa
:020000041d03da
:1023cc00e8ffbd271400bfaf7acc400f000000001f
:0c23dc001400bf8f0800e0031800bd27ac
:020000040000fa
:020000041d03da
:1023e800e8ffbd271400bfaf78cc400f0000000005
:0c23f8001400bf8f0800e0031800bd2790
:020000040000fa
:020000041d03da
:10240400e8ffbd271400bfaf8973400f25200000eb
:0c2414001400bf8f0800e0031800bd2773
:020000040000fa
:020000041d03da
:10242000007f0224340282ac002a0500007fa53020
:0c243000380285ac0800e003000000004a
:020000040000fa
:020000041d03da
:10243c00e8ffbd271400bfaf5bb8400f2528000094
:0c244c001400bf8f0800e0031800bd273b
:020000040000fa
:020000041d03da
:102458005f4452565f5048595f534d495472616efc
:0c246800736665725374617274000000aa
:020000040000fa
:020000041d03da
:102474002832039de8e9029da0e9029d58e9029de6
:0c24840010e9029dc8e8029d80e8029d5e
:020000040000fa
:020000041d03da
:10249000e8ffbd271400bfaf33cc400f00000000a1
:0c24a0001400bf8f0800e0031800bd27e7
:020000040000fa
:020000041d03da
:1024ac00e8ffbd271400bfafc3cb400f00000000f6
:0c24bc001400bf8f0800e0031800bd27cb
:020000040000fa
:020000041d03da
:1024c80018f3029dac45029d6cdd029df450029dff
:0c24d800b827019db8b8029d541c039d5c
:020000040000fa
:020000041d03da
:1024e400e8ffbd271400bfaf52b9400f0000000041
:0c24f4001400bf8f0800e0031800bd2793
:020000040000fa
:020000041d03da
:102500000180033ce08b632402006414ffff02247b
:0c251000d080828f0800e0030000000073
:020000040000fa
:020000041d03da
:10251c0004008010251080004400828c010040547f
:0c252c000400428c0800e00300000000e6
:020000040000fa
:020000041d03da
:1025380004008010000000004200829440004230f5
:0c2548000a2002000800e0032b10040031
:020000040000fa
:020000041d03da
:1025540004008010251000004200829407004230dd
:0c2564000100422c0800e0030000000011
:020000040000fa
:020000041d03da
:10257000e8ffbd271400bfaffac7400f00000000fe
:0c2580001400bf8f0800e0031800bd2706
:020000040000fa
:020000041d03da
:10258c00756e6b0065746800776c616e00000000fe
:0c259c0070707000673361647000000014
:020000040000fa
:020000041d03da
:1025a8000300c2880000c298251840000800a28cc9
:0c25b800261043000800e0032b10020076
:020000040000fa
:020000041d03da
:1025c400e8ffbd271400bfaf7d7a400f0100072448
:0c25d4001400bf8f0800e0031800bd27b2
:020000040000fa
:020000041d03da
:1025e000e8ffbd271400bfaf14b0400f020007245e
:0c25f0001400bf8f0800e0031800bd2796
:020000040000fa
:020000041d03da
:1025fc00e8ffbd271400bfaf11a5400f000000007d
:0c260c001400bf8f0800e0031800bd2779
:020000040000fa
:020000041d03da
:10261800e8ffbd271400bfaf6c5c400f0100062423
:0c2628001400bf8f0800e0031800bd275d
:020000040000fa
:020000041d03da
:102634002510800042270400050003240100835074
:0c26440044ef027c0800e00300000000ee
:020000040000fa
:020000041d03da
:10265000e8ffbd271400bfafcf5f400f253000005b
:0c2660001400bf8f0800e0031800bd2725
:020000040000fa
:020000041d03da
:10266c00ffff82300224040021104400007c447cd3
:0c267c00211044000800e003ffff423082
:020000040000fa
:020000041d03da
:102688009832039da018039d14cb029d589b029d70
:0c269800e0a8029d20ee029dcc2f039dc7
:020000040000fa
:020000041d03da
:1026a400e8ffbd271400bfafa586400f000000005f
:0c26b4001400bf8f0800e0031800bd27d1
:020000040000fa
:020000041d03da
:1026c000f8ffbd270400bfaf00588440c0000000e1
:0c26d0000400bf8f0800e0030800bd27d5
:020000040000fa
:020000041d03da
:1026dc00e8ffbd271400bfaf48c1400f0000000049
:0c26ec001400bf8f0800e0031800bd2799
:020000040000fa
:020000041d03da
:1026f800e8ffbd271400bfaf8db6400f92818497c5
:0c2708001400bf8f0800e0031800bd277c
:020000040000fa
:020000041d03da
:102714000d0a202a2a2a2053797374656d20526584
:0c272400626f6f74202a2a2a0d0a000040
:020000040000fa
:020000041d03da
:10273000e8ffbd271400bfaf62c8400f00000000d3
:0c2740001400bf8f0800e0031800bd2744
:020000040000fa
:020000041d03da
:10274c00e8ffbd271400bfaf5ac6400f00000000c1
:0c275c001400bf8f0800e0031800bd2728
:020000040000fa
:020000041d03da
:10276800e8ffbd271400bfaf92aa400f0000000089
:0c2778001400bf8f0800e0031800bd270c
:020000040000fa
:020000041d03da
:10278400c42c039db4c0029d940a039d5031039d43
:0c27940000000000c026039d382a039db1
:020000040000fa
:020000041d03da
:1027a0006cc1029d18c1029d0100000006000000de
:0c27b00094020000580200000e0000001f
:020000040000fa
:020000041d03da
:1027bc00e8ffbd271400bfafacbb400f000000000a
:0c27cc001400bf8f0800e0031800bd27b8
:020000040000fa
:020000041d03da
:1027d800e8ffbd271400bfaf01c9400f000000008b
:0c27e8001400bf8f0800e0031800bd279c
:020000040000fa
:020000041d03da
:1027f400e8ffbd271400bfafa590400f0000000004
:0c2804001400bf8f0800e0031800bd277f
:020000040000fa
:020000041d03da
:10281000e8ffbd271400bfafda5c400f00000000e6
:0c2820001400bf8f0800e0031800bd2763
:020000040000fa
:020000041d03da
:10282c00e8ffbd271400bfaf3860400f0000000068
:0c283c001400bf8f0800e0031800bd2747
:020000040000fa
:020000041d03da
:10284800e8ffbd271400bfafbecc400f000000005a
:0c2858001400bf8f0800e0031800bd272b
:020000040000fa
:020000041d03da
:10286400bfff83241a00632c02006010251080002f
:0c287400200082340800e0030000000097
:020000040000fa
:020000041d03da
:102880009fff83241a00632c020060102510800033
:0c2890005f0082300800e0030000000040
:020000040000fa
:020000041d03da
:1028a0000000200201020006000000000b080000ea
:0828b00001000000000000001f
:020000040000fa
:020000041d03da
:1028b8007f000224240282ac7f00a530280285ac68
:0828c8000800e003000000001d
:020000040000fa
:020000041d03da
:1028d0007f000224340282ac7f00a530380285ac30
:0828e0000800e0030000000005
:020000040000fa
:020000041d03da
:1028e8005c2f039dd09c019de430039d00000000f7
:0828f8000000000000000000d8
:020000040000fa
:020000041d03da
:102900004452565f4554485048595f496e6974694e
:08291000616c697a65000000aa
:020000040000fa
:020000041d03da
:10291800b802039dc0be029d442d029dacfc029de1
:08292800f011029d5897029d79
:020000040000fa
:020000041d03da
:102930004d49494d5f50726f636573735f526561b6
:082940006445787400000000fa
:020000040000fa
:020000041d03da
:102948004d49494d5f50726f636573735f57726984
:0829580074654578740000006d
:020000040000fa
:020000041d03da
:102960005f4452565f4d49494d5f52656c656173d6
:08297000654f704463707400b0
:020000040000fa
:020000041d03da
:102978005f4452565f4d49494d5f4f704c697374bf
:0829880052656d6f76650000d9
:020000040000fa
:020000041d03da
:10299000022104000a00832c300082245700842482
:0829a0000800e0030a108300a7
:020000040000fa
:020000041d03da
:1029a8000f0084300a00832c3000822457008424ce
:0829b8000800e0030a1083008f
:020000040000fa
:020000041d03da
:1029c00003008010000000000000a28c0c0082ac0c
:0829d0000800e0030000000014
:020000040000fa
:020000041d03da
:1029d80003008010000000000000a28c100082acf0
:0829e8000800e00300000000fc
:020000040000fa
:020000041d03da
:1029f00003008010000000000000a28c140082acd4
:082a00000800e00300000000e3
:020000040000fa
:020000041d03da
:102a0800060800010200000800000300ffff0000a4
:082a18000400ffff00000500af
:020000040000fa
:020000041d03da
:102a200003008010f7ff02244400828c440080ac35
:082a30000800e00300000000b3
:020000040000fa
:020000041d03da
:102a3800f8ffbd270400bfaf004802400400bf8f65
:082a48000800e0030800bd27af
:020000040000fa
:020000041d03da
:102a500003008014030002240180023c688d428c34
:082a60000800e0030000000083
:020000040000fa
:020000041d03da
:102a6800f8ffbd270400bfaf0068024000700240b5
:082a7800ffff00100000000048
:020000040000fa
:020000041d03da
:102a8000f8ffbd270400bfaf00680240007002409d
:082a9000ffff00100000000030
:020000040000fa
:020000041d03da
:102a9800f8ffbd270400bfaf006802400070024085
:082aa800ffff00100000000018
:020000040000fa
:020000041d03da
:102ab000f8ffbd270400bfaf00680240007002406d
:082ac000ffff00100000000000
:020000040000fa
:020000041d03da
:102ac800905b029d5805039dc80a039db0a2019d15
:082ad800dc26039dfc0a039dae
:020000040000fa
:020000041d03da
:102ae00001000000050000000000000005000000db
:082af0000100000001000000dc
:020000040000fa
:020000041d03da
:102af800e8ffbd271400bfafc4b9400f00000000b5
:082b0800fdff001000000000b9
:020000040000fa
:020000041d03da
:102b100000601a40bfff1b3cffff7b3724d05b03e4
:082b200000609a401800004219
:020000040000fa
:020000041d03da
:102b280068076c094c836a9074a07ac00080688832
:082b380000846c8200810000a2
:020000040000fa
:020000041d03da
:102b4000000000000000f0bf000000000000304363
:082b5000000000000000f03f4e
:020000040000fa
:020000041d03da
:102b5800ffffc6240000a0a0fdffc0140100a524ab
:082b68000800e00325108000c5
:020000040000fa
:020000041d03da
:102b700094d7029da886029d305a029d1886029d18
:042b8000d834029da6
:020000040000fa
:020000041d03da
:102b8400822805002000828c84f8a27c0800e003df
:042b9400200082acef
:020000040000fa
:020000041d03da
:102b9800822805003000828c84f8a27c0800e003bb
:042ba800300082accb
:020000040000fa
:020000041d03da
:102bac005f4452565f4d49494d5f4765744f7044c1
:042bbc0063707400ce
:020000040000fa
:020000041d03da
:102bc0005f4452565f4d49494d5f4f705265737572
:042bd0006c74000021
:020000040000fa
:020000041d03da
:102bd4005f4452565f4d49494d5f5265706f727440
:042be4004f7000002e
:020000040000fa
:020000041d03da
:102be8004d49494d5f50726f636573735f526561fc
:042bf8006400000075
:020000040000fa
:020000041d03da
:102bfc004d49494d5f50726f636573735f577269ce
:042c0c0074650000eb
:020000040000fa
:020000041d03da
:102c10004d49494d5f50726f636573735f536361d4
:042c20006e00000042
:020000040000fa
:020000041d03da
:102c24005f4452565f4d49494d5f50726f636573ff
:042c3400734f70006a
:020000040000fa
:020000041d03da
:102c38008049029d4455029de05a029d7ce5019d14
:042c4800fc09029de4
:020000040000fa
:020000041d03da
:102c4c000400060008000a000e0014001c002800f6
:042c5c003000320012
:020000040000fa
:020000041d03da
:102c600002008010ffff02246c0082940800e00341
:042c70000000000060
:020000040000fa
:020000041d03da
:102c740002008010ffff02246c0082940800e0032d
:042c8400000000004c
:020000040000fa
:020000041d03da
:102c88005f5443504950537461636b5061636b6583
:042c980074547800f8
:020000040000fa
:020000041d03da
:102c9c008c25039d9025039d9425039d9c25039dc8
:042cac00a025039dbf
:020000040000fa
:020000041d03da
:102cb00066756c6c000000006c6f7700646f776e57
:042cc0000000000010
:020000040000fa
:020000041d03da
:102cc40084818227000044ac040045ac0800e00382
:042cd40000000000fc
:020000040000fa
:020000041d03da
:102cd800c805039dd453029d9005039df826039dc6
:042ce8009019039d9f
:020000040000fa
:020000041d03da
:102cec00dc81828f01004224dc8182af0800e0038a
:042cfc0000000000d4
:020000040000fa
:020000041d03da
:102d0000ec81828f000082ac0082828f0800e00399
:042d1000040082ac8d
:020000040000fa
:020000041d03da
:102d140086bf023c800003243c0943ac0800e00366
:042d240000000000ab
:020000040000fa
:020000041d03da
:102d2800582b039de822039d34a3029d34a3029de2
:042d380034a3029d21
:020000040000fa
:020000041d03da
:102d3c0001000224080082ac0800e003000000003f
:020000040000fa
:020000041d03da
:102d4c0000800234080282ac0800e003000000009e
:020000040000fa
:020000041d03da
:102d5c0000800234040282ac0800e0030000000092
:020000040000fa
:020000041d03da
:102d6c0000800234040082ac0800e0030000000084
:020000040000fa
:020000041d03da
:102d7c0000800234080082ac0800e0030000000070
:020000040000fa
:020000041d03da
:102d8c0000020224040082ac0800e00300000000f2
:020000040000fa
:020000041d03da
:102d9c0000020224080082ac0800e00300000000de
:020000040000fa
:020000041d03da
:102dac0000010224040082ac0800e00300000000d3
:020000040000fa
:020000041d03da
:102dbc0000010224080082ac0800e00300000000bf
:020000040000fa
:020000041d03da
:102dcc0040028294046aa27c0800e003400282a4c0
:020000040000fa
:020000041d03da
:102ddc00400282940418a27c0800e003400282a402
:020000040000fa
:020000041d03da
:102dec0000080224680282ac0800e0030000000026
:020000040000fa
:020000041d03da
:102dfc0060028294c45a027c0800e003600282a440
:020000040000fa
:020000041d03da
:102e0c00600282940442a27c0800e003600282a467
:020000040000fa
:020000041d03da
:102e1c00ffc0a530a40085ac0800e0030000000052
:020000040000fa
:020000041d03da
:102e2c00ffc0a530a80085ac0800e003000000003e
:020000040000fa
:020000041d03da
:102e3c00002c0500080085ac0800e0030000000031
:020000040000fa
:020000041d03da
:102e4c0008000224080282ac0800e0030000000025
:020000040000fa
:020000041d03da
:102e5c0004000224080282ac0800e0030000000019
:020000040000fa
:020000041d03da
:102e6c0080000224080082ac0800e003000000008f
:020000040000fa
:020000041d03da
:102e7c00480086ac580087ac0800e0030000000056
:020000040000fa
:020000041d03da
:102e8c0002000224880282ac0800e003000000006b
:020000040000fa
:020000041d03da
:102e9c0002000224840282ac0800e003000000005f
:020000040000fa
:020000041d03da
:102eac0001000224880282ac0800e003000000004c
:020000040000fa
:020000041d03da
:102ebc0001000224840282ac0800e0030000000040
:020000040000fa
:020000041d03da
:102ecc00a00282940462a27c0800e003a00282a407
:020000040000fa
:020000041d03da
:102edc00a00282940420a27c0800e003a00282a439
:020000040000fa
:020000041d03da
:102eec0004000224d80282ac0800e00300000000b9
:020000040000fa
:020000041d03da
:102efc0002000224980282ac0800e00300000000eb
:020000040000fa
:020000041d03da
:102f0c0002000224940282ac0800e00300000000de
:020000040000fa
:020000041d03da
:102f1c0001000224940282ac0800e00300000000cf
:020000040000fa
:020000041d03da
:102f2c0000800234880282ac0800e003000000003c
:020000040000fa
:020000041d03da
:102f3c0000800234840282ac0800e0030000000030
:020000040000fa
:020000041d03da
:102f4c00800282948428a27c0800e003800282a480
:020000040000fa
:020000041d03da
:102f5c000100c630fcff02240800e0030b10060041
:020000040000fa
:020000041d03da
:102f6c004452565f4554485048595f4f70656e0047
:020000040000fa
:020000041d03da
:102f7c00e812029d84dd019db0be019d30ea029de8
:020000040000fa
:020000041d03da
:102f8c004452565f4d49494d5f5461736b73000059
:020000040000fa
:020000041d03da
:102f9c0000000000e84c019df44c019dfc4c019d8f
:020000040000fa
:020000041d03da
:102fac000300c2880000c2980800e0030800a2ac2d
:020000040000fa
:020000041d03da
:102fbc00040080ac000080ac0800e003080080ac8a
:020000040000fa
:020000041d03da
:102fcc001800828c2b1002000800e0034010020055
:020000040000fa
:020000041d03da
:102fdc000a000000000000000000000000000000db
:020000040000fa
:020000041d03da
:102fec00000000000a000000440000004300000044
:020000040000fa
:020000041d03da
:102ffc0001000224f08182af0800e0030000000011
:020000040000fa
:020000041d03da
:10300c0025733a2025642e25642e25642e25640014
:020000040000fa
:020000041d03da
:10301c00ffff84240180023c0800e003808d44ac57
:020000040000fa
:020000041d03da
:10302c00494e4600696e66004e414e006e616e0060
:10303c00494e4600696e66004e414e006e616e0050
:020000040000fa
:020000041d03da
:10305000000000000000e07f0000000000006003ae
:020000040000fa
:020000041d03da
:0c3060005049433332494e540000000038
:020000040000fa
:020000041d03da
:0c306c00e000828c0800e003c001427c00
:020000040000fa
:020000041d03da
:0c307800e000828c0800e0038001427c34
:020000040000fa
:020000041d03da
:0c308400e000828c0800e0034001427c68
:020000040000fa
:020000041d03da
:0c309000d40085ac0800e0030000000044
:020000040000fa
:020000041d03da
:0c309c00c80085ac0800e0030000000044
:020000040000fa
:020000041d03da
:0c30a800c40085ac0800e003000000003c
:020000040000fa
:020000041d03da
:0c30b400d40085ac0800e0030000000020
:020000040000fa
:020000041d03da
:0c30c0000000828c0800e003c003427c8a
:020000040000fa
:020000041d03da
:0c30cc00d00282900800e00301004230b6
:020000040000fa
:020000041d03da
:0c30d800d00282900800e0038000427cdf
:020000040000fa
:020000041d03da
:0c30e4002600023c0800e003a025422466
:020000040000fa
:020000041d03da
:0c30f00070fc029d3c71029de844029db2
:020000040000fa
:020000041d03da
:0c30fc004802039de8b7029d3c24039da0
:020000040000fa
:020000041d03da
:0c310800f002039dc887029d9cc2029d3e
:020000040000fa
:020000041d03da
:0c3114000180023c0800e003e08b4294c4
:020000040000fa
:020000041d03da
:0c3120002c0082240800e0030a100400c8
:020000040000fa
:020000041d03da
:0c312c00420082940800e00307004230db
:020000040000fa
:020000041d03da
:0c31380025642e25642e25642e256400dd
:020000040000fa
:020000041d03da
:0c3144000100822c0800e00323100200b0
:020000040000fa
:020000041d03da
:0c315000f505023c0800e00300e14234f9
:020000040000fa
:020000041d03da
:0c315c0008200800080000000d0a3e00da
:020000040000fa
:020000041d03da
:0c3168000180023c0800e0033c8b428c1c
:020000040000fa
:020000041d03da
:0c3174000000000004000000000000004b
:020000040000fa
:020000041d03da
:0c3180003c33039da811039d00000000db
:020000040000fa
:020000041d03da
:0c318c00286e696c29000000250000007e
:020000040000fa
:020000041d03da
:083198000800e0030000000044
:020000040000fa
:020000041d03da
:0831a0000800e0030100022415
:020000040000fa
:020000041d03da
:0831a8000004a3000000000078
:020000040000fa
:020000041d03da
:0831b0000800e003500285a4b1
:020000040000fa
:020000041d03da
:0831b8000800e003e200829030
:020000040000fa
:020000041d03da
:0831c0000800e0032000828cee
:020000040000fa
:020000041d03da
:0831c8000800e0033000828cd6
:020000040000fa
:020000041d03da
:0831d0000800e003b20085a035
:020000040000fa
:020000041d03da
:0831d8000800e003b00085a02f
:020000040000fa
:020000041d03da
:0831e0000800e00310018294d5
:020000040000fa
:020000041d03da
:0831e8000800e003400182949d
:020000040000fa
:020000041d03da
:0831f0000800e00300018294d5
:020000040000fa
:020000041d03da
:0831f8000800e003500182947d
:020000040000fa
:020000041d03da
:083200000800e0036001829464
:020000040000fa
:020000041d03da
:083208000800e003200182949c
:020000040000fa
:020000041d03da
:083210000800e0033001829484
:020000040000fa
:020000041d03da
:083218000800e003d000828ce5
:020000040000fa
:020000041d03da
:083220000800e003c0028294e3
:020000040000fa
:020000041d03da
:083228000800e00300000000b3
:020000040000fa
:020000041d03da
:083230000800e00300000000ab
:020000040000fa
:020000041d03da
:083238000800e00300000000a3
:020000040000fa
:020000041d03da
:083240000800e003000000009b
:020000040000fa
:020000041d03da
:083248000800e003251000005e
:020000040000fa
:020000041d03da
:08325000ffffffffffff00007c
:020000040000fa
:020000041d03da
:083258000800e003251000004e
:020000040000fa
:020000041d03da
:083260000800e003a08080af2c
:020000040000fa
:020000041d03da
:083268000800e003f8ff022456
:020000040000fa
:020000041d03da
:083270000800e003080002243d
:020000040000fa
:020000041d03da
:083278000800e003f080828fe2
:020000040000fa
:020000041d03da
:083280000800e0032b1004001c
:020000040000fa
:020000041d03da
:083288000800e003c880828ffa
:020000040000fa
:020000041d03da
:083290000800e003c480828ff6
:020000040000fa
:020000041d03da
:083298000800e003251000000e
:020000040000fa
:020000041d03da
:0832a0001b5b256443000000e4
:020000040000fa
:020000041d03da
:0832a8001b5b256444000000db
:020000040000fa
:020000041d03da
:0832b0000800e0030100022404
:020000040000fa
:020000041d03da
:0832b8000800e0030000000023
:020000040000fa
:020000041d03da
:0832c0000800e003b0818297d1
:020000040000fa
:020000041d03da
:0832c8000800e003a881828fd9
:020000040000fa
:020000041d03da
:0832d0008427039d00000000ab
:020000040000fa
:020000041d03da
:0832d80001000000c821039d64
:020000040000fa
:020000041d03da
:0832e0000a00000000020002d8
:020000040000fa
:020000041d03da
:0832e8000a00000200000000d2
:020000040000fa
:020000041d03da
:0832f00000000000002088bf6f
:020000040000fa
:020000041d03da
:0832f8000800e00300000000e3
:020000040000fa
:020000041d03da
:083300000800e003100080ac9e
:020000040000fa
:020000041d03da
:0833080049444c45000000009f
:020000040000fa
:020000041d03da
:083310000800e003f1fe0224b5
:020000040000fa
:020000041d03da
:083318000800e003feff02249f
:020000040000fa
:020000041d03da
:083320000800e00300000000ba
:020000040000fa
:020000041d03da
:083328000800e00300000000b2
:020000040000fa
:020000041d03da
:083330000800e00300000000aa
:020000040000fa
:020000041d03da
:04289c00010306002e
:020000040000fa
:020000041d03da
:04304c0063825363e5
:020000040000fa
:020000041d03da
:0433380020092c003c
:020000040000fa
:020000041d03da
:04333c00c82a039dfb
:020000040000fa
:020000041d03da
:04334000e0780080b1
:00000001FF
